# Blender 4.4.3
# www.blender.org
mtllib Light.mtl
o Light_Bulb
v 0.000000 -1.972533 -0.556976 0.3725 0.1059 0.5059
v 0.000000 -0.374778 -0.619696 1.0000 0.9843 0.8274
v 0.108661 -1.972533 -0.546274 0.3725 0.1059 0.5059
v 0.120897 -0.374778 -0.607788 1.0000 0.9843 0.8274
v 0.213145 -1.972533 -0.514579 0.3725 0.1059 0.5059
v 0.237147 -0.374778 -0.572524 1.0000 0.9843 0.8274
v 0.309439 -1.972533 -0.463109 0.3725 0.1059 0.5059
v 0.344284 -0.374778 -0.515258 1.0000 0.9843 0.8274
v 0.393841 -1.972533 -0.393841 0.3725 0.1059 0.5059
v 0.438191 -0.374778 -0.438191 1.0000 0.9843 0.8274
v 0.463109 -1.972533 -0.309439 0.3725 0.1059 0.5059
v 0.515258 -0.374778 -0.344284 1.0000 0.9843 0.8274
v 0.514579 -1.972533 -0.213145 0.3725 0.1059 0.5059
v 0.572524 -0.374778 -0.237147 1.0000 0.9843 0.8274
v 0.546274 -1.972533 -0.108661 0.3725 0.1059 0.5059
v 0.607788 -0.374778 -0.120897 1.0000 0.9843 0.8274
v 0.556976 -1.972533 0.000000 0.3725 0.1059 0.5059
v 0.619696 -0.374778 0.000000 1.0000 0.9843 0.8274
v 0.546274 -1.972533 0.108661 0.3725 0.1059 0.5059
v 0.607788 -0.374778 0.120897 1.0000 0.9843 0.8274
v 0.514579 -1.972533 0.213145 0.3725 0.1059 0.5059
v 0.572524 -0.374778 0.237147 1.0000 0.9843 0.8274
v 0.463109 -1.972533 0.309439 0.3725 0.1059 0.5059
v 0.515258 -0.374778 0.344284 1.0000 0.9843 0.8274
v 0.393841 -1.972533 0.393841 0.3725 0.1059 0.5059
v 0.438191 -0.374778 0.438191 1.0000 0.9843 0.8274
v 0.309439 -1.972533 0.463109 0.3725 0.1059 0.5059
v 0.344284 -0.374778 0.515258 1.0000 0.9843 0.8274
v 0.213145 -1.972533 0.514579 0.3725 0.1059 0.5059
v 0.237147 -0.374778 0.572524 1.0000 0.9843 0.8274
v 0.108661 -1.972533 0.546274 0.3725 0.1059 0.5059
v 0.120897 -0.374778 0.607788 1.0000 0.9843 0.8274
v 0.000000 -1.972533 0.556976 0.3725 0.1059 0.5059
v 0.000000 -0.374778 0.619696 1.0000 0.9843 0.8274
v -0.108661 -1.972533 0.546274 0.3725 0.1059 0.5059
v -0.120897 -0.374778 0.607788 1.0000 0.9843 0.8274
v -0.213145 -1.972533 0.514579 0.3725 0.1059 0.5059
v -0.237147 -0.374778 0.572524 1.0000 0.9843 0.8274
v -0.309439 -1.972533 0.463109 0.3725 0.1059 0.5059
v -0.344284 -0.374778 0.515258 1.0000 0.9843 0.8274
v -0.393841 -1.972533 0.393841 0.3725 0.1059 0.5059
v -0.438191 -0.374778 0.438191 1.0000 0.9843 0.8274
v -0.463109 -1.972533 0.309439 0.3725 0.1059 0.5059
v -0.515258 -0.374778 0.344284 1.0000 0.9843 0.8274
v -0.514579 -1.972533 0.213145 0.3725 0.1059 0.5059
v -0.572524 -0.374778 0.237147 1.0000 0.9843 0.8274
v -0.546274 -1.972533 0.108661 0.3725 0.1059 0.5059
v -0.607788 -0.374778 0.120897 1.0000 0.9843 0.8274
v -0.556976 -1.972533 0.000000 0.3725 0.1059 0.5059
v -0.619696 -0.374778 0.000000 1.0000 0.9843 0.8274
v -0.546274 -1.972533 -0.108661 0.3725 0.1059 0.5059
v -0.607788 -0.374778 -0.120897 1.0000 0.9843 0.8274
v -0.514579 -1.972533 -0.213145 0.3725 0.1059 0.5059
v -0.572524 -0.374778 -0.237147 1.0000 0.9843 0.8274
v -0.463109 -1.972533 -0.309439 0.3725 0.1059 0.5059
v -0.515258 -0.374778 -0.344284 1.0000 0.9843 0.8274
v -0.393841 -1.972533 -0.393841 0.3725 0.1059 0.5059
v -0.438191 -0.374778 -0.438191 1.0000 0.9843 0.8274
v -0.309439 -1.972533 -0.463109 0.3725 0.1059 0.5059
v -0.344284 -0.374778 -0.515258 1.0000 0.9843 0.8274
v -0.213145 -1.972533 -0.514579 0.3725 0.1059 0.5059
v -0.237147 -0.374778 -0.572524 1.0000 0.9843 0.8274
v -0.108661 -1.972533 -0.546274 0.3725 0.1059 0.5059
v -0.120897 -0.374778 -0.607788 1.0000 0.9843 0.8274
v 0.000000 -1.000000 0.000000 1.0000 0.9843 0.8274
v 0.723607 -0.447220 0.525725 1.0000 0.9843 0.8274
v -0.276388 -0.447220 0.850649 1.0000 0.9843 0.8274
v -0.894426 -0.447216 0.000000 1.0000 0.9843 0.8274
v -0.276388 -0.447220 -0.850649 1.0000 0.9843 0.8274
v 0.723607 -0.447220 -0.525725 1.0000 0.9843 0.8274
v 0.276388 0.447220 0.850649 1.0000 0.9843 0.8274
v -0.723607 0.447219 0.525725 1.0000 0.9843 0.8274
v -0.723607 0.447219 -0.525725 1.0000 0.9843 0.8274
v 0.276388 0.447220 -0.850649 1.0000 0.9843 0.8274
v 0.894426 0.447216 0.000000 1.0000 0.9843 0.8274
v 0.000000 1.000000 0.000000 1.0000 0.9843 0.8274
v -0.162456 -0.850654 0.499995 1.0000 0.9843 0.8274
v 0.425323 -0.850654 0.309011 1.0000 0.9843 0.8313
v 0.262869 -0.525738 0.809012 1.0000 0.9843 0.8274
v 0.850648 -0.525736 0.000000 1.0000 0.9843 0.8274
v 0.425323 -0.850654 -0.309011 1.0000 0.9843 0.8274
v -0.525730 -0.850652 0.000000 1.0000 0.9843 0.8274
v -0.688189 -0.525736 0.499997 1.0000 0.9843 0.8274
v -0.162456 -0.850654 -0.499995 1.0000 0.9843 0.8274
v -0.688189 -0.525736 -0.499997 1.0000 0.9843 0.8274
v 0.262869 -0.525738 -0.809012 1.0000 0.9843 0.8274
v 0.951058 0.000000 0.309013 1.0000 0.9843 0.8274
v 0.951058 0.000000 -0.309013 1.0000 0.9843 0.8274
v 0.000000 0.000000 1.000000 1.0000 0.9843 0.8274
v 0.587786 0.000000 0.809017 1.0000 0.9843 0.8274
v -0.951058 0.000000 0.309013 1.0000 0.9843 0.8274
v -0.587786 0.000000 0.809017 1.0000 0.9843 0.8274
v -0.587786 0.000000 -0.809017 1.0000 0.9843 0.8274
v -0.951058 0.000000 -0.309013 1.0000 0.9843 0.8274
v 0.587786 0.000000 -0.809017 1.0000 0.9843 0.8274
v 0.000000 0.000000 -1.000000 1.0000 0.9843 0.8274
v 0.688189 0.525736 0.499997 1.0000 0.9843 0.8274
v -0.262869 0.525738 0.809012 1.0000 0.9843 0.8274
v -0.850648 0.525736 0.000000 1.0000 0.9843 0.8274
v -0.262869 0.525738 -0.809012 1.0000 0.9843 0.8274
v 0.688189 0.525736 -0.499997 1.0000 0.9843 0.8274
v 0.162456 0.850654 0.499995 1.0000 0.9843 0.8274
v 0.525730 0.850652 0.000000 1.0000 0.9843 0.8274
v -0.425323 0.850654 0.309011 1.0000 0.9843 0.8274
v -0.425323 0.850654 -0.309011 1.0000 0.9843 0.8274
v 0.162456 0.850654 -0.499995 1.0000 0.9843 0.8274
v 0.775444 -0.670273 0.000000 1.0000 0.9843 0.8313
v 0.754666 -0.592728 0.000000 1.0000 0.9843 0.8274
v 0.697900 -0.535962 0.000000 1.0000 0.9843 0.8274
v 0.620355 -0.515184 0.000000 1.0000 0.9843 0.8274
v 0.542811 -0.535962 0.000000 1.0000 0.9843 0.8274
v 0.486045 -0.592728 0.000000 1.0000 0.9843 0.8274
v 0.465267 -0.670273 0.000000 1.0000 0.9843 0.8274
v 0.486045 -0.747817 0.000000 1.0000 0.9843 0.8274
v 0.542811 -0.804583 0.000000 1.0000 0.9843 0.8274
v 0.620355 -0.825361 0.000000 1.0000 0.9843 0.8313
v 0.697900 -0.804583 0.000000 1.0000 0.9843 0.8353
v 0.754666 -0.747817 0.000000 1.0000 0.9843 0.8353
v 0.768810 -0.670273 -0.101216 1.0000 0.9843 0.8274
v 0.748210 -0.592728 -0.098504 1.0000 0.9843 0.8274
v 0.691929 -0.535962 -0.091094 1.0000 0.9843 0.8274
v 0.615048 -0.515184 -0.080973 1.0000 0.9843 0.8274
v 0.538167 -0.535962 -0.070851 1.0000 0.9843 0.8274
v 0.481886 -0.592728 -0.063442 1.0000 0.9843 0.8274
v 0.461286 -0.670273 -0.060729 1.0000 0.9843 0.8274
v 0.481886 -0.747817 -0.063442 1.0000 0.9843 0.8274
v 0.538167 -0.804583 -0.070851 1.0000 0.9843 0.8274
v 0.615048 -0.825361 -0.080973 1.0000 0.9843 0.8313
v 0.691929 -0.804583 -0.091094 1.0000 0.9843 0.8353
v 0.748210 -0.747817 -0.098504 1.0000 0.9843 0.8313
v 0.749022 -0.670273 -0.200700 1.0000 0.9843 0.8274
v 0.728952 -0.592728 -0.195322 1.0000 0.9843 0.8274
v 0.674120 -0.535962 -0.180630 1.0000 0.9843 0.8274
v 0.599217 -0.515184 -0.160560 1.0000 0.9843 0.8274
v 0.524315 -0.535962 -0.140490 1.0000 0.9843 0.8274
v 0.469483 -0.592728 -0.125798 1.0000 0.9843 0.8274
v 0.449413 -0.670273 -0.120420 1.0000 0.9843 0.8274
v 0.469483 -0.747817 -0.125798 1.0000 0.9843 0.8274
v 0.524315 -0.804583 -0.140490 1.0000 0.9843 0.8274
v 0.599217 -0.825361 -0.160560 1.0000 0.9843 0.8313
v 0.674120 -0.804583 -0.180630 1.0000 0.9843 0.8313
v 0.728952 -0.747817 -0.195322 1.0000 0.9843 0.8313
v 0.716417 -0.670273 -0.296750 1.0000 0.9843 0.8274
v 0.697221 -0.592728 -0.288798 1.0000 0.9843 0.8274
v 0.644776 -0.535962 -0.267075 1.0000 0.9843 0.8274
v 0.573134 -0.515184 -0.237400 1.0000 0.9843 0.8274
v 0.501492 -0.535962 -0.207725 1.0000 0.9843 0.8274
v 0.449047 -0.592728 -0.186001 1.0000 0.9843 0.8274
v 0.429850 -0.670273 -0.178050 1.0000 0.9843 0.8274
v 0.449047 -0.747817 -0.186001 1.0000 0.9843 0.8274
v 0.501492 -0.804583 -0.207725 1.0000 0.9843 0.8274
v 0.573134 -0.825361 -0.237400 1.0000 0.9843 0.8274
v 0.644776 -0.804583 -0.267075 1.0000 0.9843 0.8313
v 0.697221 -0.747817 -0.288798 1.0000 0.9843 0.8313
v 0.671555 -0.670273 -0.387722 1.0000 0.9843 0.8274
v 0.653560 -0.592728 -0.377333 1.0000 0.9843 0.8274
v 0.604399 -0.535962 -0.348950 1.0000 0.9843 0.8274
v 0.537244 -0.515184 -0.310178 1.0000 0.9843 0.8274
v 0.470088 -0.535962 -0.271406 1.0000 0.9843 0.8274
v 0.420927 -0.592728 -0.243022 1.0000 0.9843 0.8274
v 0.402933 -0.670273 -0.232633 1.0000 0.9843 0.8274
v 0.420927 -0.747817 -0.243022 1.0000 0.9843 0.8274
v 0.470088 -0.804583 -0.271406 1.0000 0.9843 0.8274
v 0.537244 -0.825361 -0.310178 1.0000 0.9843 0.8274
v 0.604399 -0.804583 -0.348950 1.0000 0.9843 0.8313
v 0.653560 -0.747817 -0.377333 1.0000 0.9843 0.8313
v 0.615202 -0.670273 -0.472061 1.0000 0.9843 0.8274
v 0.598717 -0.592728 -0.459412 1.0000 0.9843 0.8274
v 0.553681 -0.535962 -0.424855 1.0000 0.9843 0.8274
v 0.492161 -0.515184 -0.377648 1.0000 0.9843 0.8274
v 0.430641 -0.535962 -0.330442 1.0000 0.9843 0.8274
v 0.385605 -0.592728 -0.295885 1.0000 0.9843 0.8274
v 0.369121 -0.670273 -0.283236 1.0000 0.9843 0.8274
v 0.385605 -0.747817 -0.295885 1.0000 0.9843 0.8274
v 0.430641 -0.804583 -0.330442 1.0000 0.9843 0.8274
v 0.492161 -0.825361 -0.377648 1.0000 0.9843 0.8274
v 0.553681 -0.804583 -0.424855 1.0000 0.9843 0.8313
v 0.598717 -0.747817 -0.459412 1.0000 0.9843 0.8274
v 0.548322 -0.670273 -0.548322 1.0000 0.9843 0.8274
v 0.533630 -0.592728 -0.533630 1.0000 0.9843 0.8274
v 0.493490 -0.535962 -0.493490 1.0000 0.9843 0.8274
v 0.438658 -0.515184 -0.438658 1.0000 0.9843 0.8274
v 0.383825 -0.535962 -0.383825 1.0000 0.9843 0.8274
v 0.343685 -0.592728 -0.343685 1.0000 0.9843 0.8274
v 0.328993 -0.670273 -0.328993 1.0000 0.9843 0.8274
v 0.343685 -0.747817 -0.343685 1.0000 0.9843 0.8274
v 0.383825 -0.804583 -0.383825 1.0000 0.9843 0.8274
v 0.438658 -0.825361 -0.438658 1.0000 0.9843 0.8274
v 0.493490 -0.804583 -0.493490 1.0000 0.9843 0.8274
v 0.533630 -0.747817 -0.533630 1.0000 0.9843 0.8274
v 0.472061 -0.670273 -0.615201 1.0000 0.9843 0.8274
v 0.459412 -0.592728 -0.598717 1.0000 0.9843 0.8274
v 0.424855 -0.535962 -0.553681 1.0000 0.9843 0.8274
v 0.377649 -0.515184 -0.492161 1.0000 0.9843 0.8274
v 0.330443 -0.535962 -0.430641 1.0000 0.9843 0.8274
v 0.295885 -0.592728 -0.385605 1.0000 0.9843 0.8274
v 0.283236 -0.670273 -0.369121 1.0000 0.9843 0.8274
v 0.295885 -0.747817 -0.385605 1.0000 0.9843 0.8274
v 0.330443 -0.804583 -0.430641 1.0000 0.9843 0.8274
v 0.377649 -0.825361 -0.492161 1.0000 0.9843 0.8274
v 0.424855 -0.804583 -0.553681 1.0000 0.9843 0.8274
v 0.459412 -0.747817 -0.598717 1.0000 0.9843 0.8274
v 0.387722 -0.670273 -0.671555 1.0000 0.9843 0.8274
v 0.377333 -0.592728 -0.653560 1.0000 0.9843 0.8274
v 0.348950 -0.535962 -0.604399 1.0000 0.9843 0.8274
v 0.310178 -0.515184 -0.537244 1.0000 0.9843 0.8274
v 0.271406 -0.535962 -0.470088 1.0000 0.9843 0.8274
v 0.243022 -0.592728 -0.420927 1.0000 0.9843 0.8274
v 0.232633 -0.670273 -0.402933 1.0000 0.9843 0.8274
v 0.243022 -0.747817 -0.420927 1.0000 0.9843 0.8274
v 0.271406 -0.804583 -0.470088 1.0000 0.9843 0.8274
v 0.310178 -0.825361 -0.537244 1.0000 0.9843 0.8274
v 0.348950 -0.804583 -0.604399 1.0000 0.9843 0.8274
v 0.377333 -0.747817 -0.653560 1.0000 0.9843 0.8274
v 0.296750 -0.670273 -0.716417 1.0000 0.9843 0.8274
v 0.288799 -0.592728 -0.697221 1.0000 0.9843 0.8274
v 0.267075 -0.535962 -0.644775 1.0000 0.9843 0.8274
v 0.237400 -0.515184 -0.573134 1.0000 0.9843 0.8274
v 0.207725 -0.535962 -0.501492 1.0000 0.9843 0.8274
v 0.186001 -0.592728 -0.449047 1.0000 0.9843 0.8274
v 0.178050 -0.670273 -0.429850 1.0000 0.9843 0.8274
v 0.186001 -0.747817 -0.449047 1.0000 0.9843 0.8274
v 0.207725 -0.804583 -0.501492 1.0000 0.9843 0.8274
v 0.237400 -0.825361 -0.573134 1.0000 0.9843 0.8274
v 0.267075 -0.804583 -0.644775 1.0000 0.9843 0.8274
v 0.288799 -0.747817 -0.697221 1.0000 0.9843 0.8274
v 0.200700 -0.670273 -0.749022 1.0000 0.9843 0.8274
v 0.195322 -0.592728 -0.728952 1.0000 0.9843 0.8274
v 0.180630 -0.535962 -0.674120 1.0000 0.9843 0.8274
v 0.160560 -0.515184 -0.599217 1.0000 0.9843 0.8274
v 0.140490 -0.535962 -0.524315 1.0000 0.9843 0.8274
v 0.125798 -0.592728 -0.469483 1.0000 0.9843 0.8274
v 0.120420 -0.670273 -0.449413 1.0000 0.9843 0.8274
v 0.125798 -0.747817 -0.469483 1.0000 0.9843 0.8274
v 0.140490 -0.804583 -0.524315 1.0000 0.9843 0.8274
v 0.160560 -0.825361 -0.599217 1.0000 0.9843 0.8274
v 0.180630 -0.804583 -0.674120 1.0000 0.9843 0.8274
v 0.195322 -0.747817 -0.728952 1.0000 0.9843 0.8274
v 0.101216 -0.670273 -0.768810 1.0000 0.9843 0.8274
v 0.098504 -0.592728 -0.748210 1.0000 0.9843 0.8274
v 0.091094 -0.535962 -0.691929 1.0000 0.9843 0.8274
v 0.080973 -0.515184 -0.615048 1.0000 0.9843 0.8274
v 0.070851 -0.535962 -0.538167 1.0000 0.9843 0.8274
v 0.063441 -0.592728 -0.481886 1.0000 0.9843 0.8274
v 0.060729 -0.670273 -0.461286 1.0000 0.9843 0.8274
v 0.063441 -0.747817 -0.481886 1.0000 0.9843 0.8274
v 0.070851 -0.804583 -0.538167 1.0000 0.9843 0.8274
v 0.080973 -0.825361 -0.615048 1.0000 0.9843 0.8274
v 0.091094 -0.804583 -0.691929 1.0000 0.9843 0.8274
v 0.098504 -0.747817 -0.748210 1.0000 0.9843 0.8274
v 0.000000 -0.670273 -0.775444 1.0000 0.9843 0.8274
v 0.000000 -0.592728 -0.754666 1.0000 0.9843 0.8274
v 0.000000 -0.535962 -0.697900 1.0000 0.9843 0.8274
v 0.000000 -0.515184 -0.620355 1.0000 0.9843 0.8274
v 0.000000 -0.535962 -0.542811 1.0000 0.9843 0.8274
v 0.000000 -0.592728 -0.486045 1.0000 0.9843 0.8274
v 0.000000 -0.670273 -0.465267 1.0000 0.9843 0.8274
v 0.000000 -0.747817 -0.486045 1.0000 0.9843 0.8274
v 0.000000 -0.804583 -0.542811 1.0000 0.9843 0.8274
v 0.000000 -0.825361 -0.620355 1.0000 0.9843 0.8274
v 0.000000 -0.804583 -0.697900 1.0000 0.9843 0.8274
v 0.000000 -0.747817 -0.754666 1.0000 0.9843 0.8274
v -0.101216 -0.670273 -0.768810 1.0000 0.9843 0.8274
v -0.098504 -0.592728 -0.748210 1.0000 0.9843 0.8274
v -0.091094 -0.535962 -0.691929 1.0000 0.9843 0.8274
v -0.080973 -0.515184 -0.615048 1.0000 0.9843 0.8274
v -0.070851 -0.535962 -0.538167 1.0000 0.9843 0.8274
v -0.063442 -0.592728 -0.481886 1.0000 0.9843 0.8274
v -0.060730 -0.670273 -0.461286 1.0000 0.9843 0.8274
v -0.063442 -0.747817 -0.481886 1.0000 0.9843 0.8274
v -0.070851 -0.804583 -0.538167 1.0000 0.9843 0.8274
v -0.080973 -0.825361 -0.615048 1.0000 0.9843 0.8274
v -0.091094 -0.804583 -0.691929 1.0000 0.9843 0.8274
v -0.098504 -0.747817 -0.748210 1.0000 0.9843 0.8274
v -0.200700 -0.670273 -0.749022 1.0000 0.9843 0.8274
v -0.195322 -0.592728 -0.728952 1.0000 0.9843 0.8274
v -0.180630 -0.535962 -0.674120 1.0000 0.9843 0.8274
v -0.160560 -0.515184 -0.599217 1.0000 0.9843 0.8274
v -0.140490 -0.535962 -0.524315 1.0000 0.9843 0.8274
v -0.125798 -0.592728 -0.469483 1.0000 0.9843 0.8274
v -0.120420 -0.670273 -0.449413 1.0000 0.9843 0.8274
v -0.125798 -0.747817 -0.469483 1.0000 0.9843 0.8274
v -0.140490 -0.804583 -0.524315 1.0000 0.9843 0.8274
v -0.160560 -0.825361 -0.599217 1.0000 0.9843 0.8274
v -0.180630 -0.804583 -0.674120 1.0000 0.9843 0.8274
v -0.195322 -0.747817 -0.728952 1.0000 0.9843 0.8274
v -0.296750 -0.670273 -0.716417 1.0000 0.9843 0.8274
v -0.288798 -0.592728 -0.697221 1.0000 0.9843 0.8274
v -0.267075 -0.535962 -0.644776 1.0000 0.9843 0.8274
v -0.237400 -0.515184 -0.573134 1.0000 0.9843 0.8274
v -0.207725 -0.535962 -0.501492 1.0000 0.9843 0.8274
v -0.186001 -0.592728 -0.449047 1.0000 0.9843 0.8274
v -0.178050 -0.670273 -0.429850 1.0000 0.9843 0.8274
v -0.186001 -0.747817 -0.449047 1.0000 0.9843 0.8274
v -0.207725 -0.804583 -0.501492 1.0000 0.9843 0.8274
v -0.237400 -0.825361 -0.573134 1.0000 0.9843 0.8274
v -0.267075 -0.804583 -0.644776 1.0000 0.9843 0.8274
v -0.288798 -0.747817 -0.697221 1.0000 0.9843 0.8274
v -0.387722 -0.670273 -0.671555 1.0000 0.9843 0.8274
v -0.377333 -0.592728 -0.653560 1.0000 0.9843 0.8274
v -0.348950 -0.535962 -0.604399 1.0000 0.9843 0.8274
v -0.310178 -0.515184 -0.537244 1.0000 0.9843 0.8274
v -0.271405 -0.535962 -0.470088 1.0000 0.9843 0.8274
v -0.243022 -0.592728 -0.420927 1.0000 0.9843 0.8274
v -0.232633 -0.670273 -0.402933 1.0000 0.9843 0.8274
v -0.243022 -0.747817 -0.420927 1.0000 0.9843 0.8274
v -0.271405 -0.804583 -0.470088 1.0000 0.9843 0.8274
v -0.310178 -0.825361 -0.537244 1.0000 0.9843 0.8274
v -0.348950 -0.804583 -0.604399 1.0000 0.9843 0.8274
v -0.377333 -0.747817 -0.653560 1.0000 0.9843 0.8274
v -0.472061 -0.670273 -0.615201 1.0000 0.9843 0.8274
v -0.459412 -0.592728 -0.598717 1.0000 0.9843 0.8274
v -0.424855 -0.535962 -0.553681 1.0000 0.9843 0.8274
v -0.377649 -0.515184 -0.492161 1.0000 0.9843 0.8274
v -0.330442 -0.535962 -0.430641 1.0000 0.9843 0.8274
v -0.295885 -0.592728 -0.385605 1.0000 0.9843 0.8274
v -0.283236 -0.670273 -0.369121 1.0000 0.9843 0.8274
v -0.295885 -0.747817 -0.385605 1.0000 0.9843 0.8274
v -0.330442 -0.804583 -0.430641 1.0000 0.9843 0.8274
v -0.377649 -0.825361 -0.492161 1.0000 0.9843 0.8274
v -0.424855 -0.804583 -0.553681 1.0000 0.9843 0.8274
v -0.459412 -0.747817 -0.598717 1.0000 0.9843 0.8274
v -0.548322 -0.670273 -0.548322 1.0000 0.9843 0.8274
v -0.533630 -0.592728 -0.533630 1.0000 0.9843 0.8274
v -0.493490 -0.535962 -0.493490 1.0000 0.9843 0.8274
v -0.438658 -0.515184 -0.438657 1.0000 0.9843 0.8274
v -0.383825 -0.535962 -0.383825 1.0000 0.9843 0.8274
v -0.343686 -0.592728 -0.343685 1.0000 0.9843 0.8274
v -0.328993 -0.670273 -0.328993 1.0000 0.9843 0.8274
v -0.343686 -0.747817 -0.343685 1.0000 0.9843 0.8274
v -0.383825 -0.804583 -0.383825 1.0000 0.9843 0.8274
v -0.438658 -0.825361 -0.438657 1.0000 0.9843 0.8274
v -0.493490 -0.804583 -0.493490 1.0000 0.9843 0.8274
v -0.533630 -0.747817 -0.533630 1.0000 0.9843 0.8274
v -0.615201 -0.670273 -0.472061 1.0000 0.9843 0.8274
v -0.598717 -0.592728 -0.459412 1.0000 0.9843 0.8274
v -0.553681 -0.535962 -0.424855 1.0000 0.9843 0.8274
v -0.492161 -0.515184 -0.377649 1.0000 0.9843 0.8274
v -0.430641 -0.535962 -0.330442 1.0000 0.9843 0.8274
v -0.385605 -0.592728 -0.295885 1.0000 0.9843 0.8274
v -0.369121 -0.670273 -0.283236 1.0000 0.9843 0.8274
v -0.385605 -0.747817 -0.295885 1.0000 0.9843 0.8274
v -0.430641 -0.804583 -0.330442 1.0000 0.9843 0.8274
v -0.492161 -0.825361 -0.377649 1.0000 0.9843 0.8274
v -0.553681 -0.804583 -0.424855 1.0000 0.9843 0.8274
v -0.598717 -0.747817 -0.459412 1.0000 0.9843 0.8274
v -0.671554 -0.670273 -0.387722 1.0000 0.9843 0.8274
v -0.653560 -0.592728 -0.377333 1.0000 0.9843 0.8274
v -0.604399 -0.535962 -0.348950 1.0000 0.9843 0.8274
v -0.537244 -0.515184 -0.310178 1.0000 0.9843 0.8274
v -0.470088 -0.535962 -0.271406 1.0000 0.9843 0.8274
v -0.420927 -0.592728 -0.243022 1.0000 0.9843 0.8274
v -0.402933 -0.670273 -0.232633 1.0000 0.9843 0.8274
v -0.420927 -0.747817 -0.243022 1.0000 0.9843 0.8274
v -0.470088 -0.804583 -0.271406 1.0000 0.9843 0.8274
v -0.537244 -0.825361 -0.310178 1.0000 0.9843 0.8274
v -0.604399 -0.804583 -0.348950 1.0000 0.9843 0.8274
v -0.653560 -0.747817 -0.377333 1.0000 0.9843 0.8274
v -0.716417 -0.670273 -0.296750 1.0000 0.9843 0.8274
v -0.697221 -0.592728 -0.288798 1.0000 0.9843 0.8274
v -0.644776 -0.535962 -0.267075 1.0000 0.9843 0.8274
v -0.573134 -0.515184 -0.237400 1.0000 0.9843 0.8274
v -0.501492 -0.535962 -0.207725 1.0000 0.9843 0.8274
v -0.449047 -0.592728 -0.186001 1.0000 0.9843 0.8274
v -0.429850 -0.670273 -0.178050 1.0000 0.9843 0.8274
v -0.449047 -0.747817 -0.186001 1.0000 0.9843 0.8274
v -0.501492 -0.804583 -0.207725 1.0000 0.9843 0.8274
v -0.573134 -0.825361 -0.237400 1.0000 0.9843 0.8274
v -0.644776 -0.804583 -0.267075 1.0000 0.9843 0.8274
v -0.697221 -0.747817 -0.288798 1.0000 0.9843 0.8274
v -0.749022 -0.670273 -0.200700 1.0000 0.9843 0.8274
v -0.728952 -0.592728 -0.195322 1.0000 0.9843 0.8274
v -0.674120 -0.535962 -0.180630 1.0000 0.9843 0.8274
v -0.599217 -0.515184 -0.160560 1.0000 0.9843 0.8274
v -0.524315 -0.535962 -0.140490 1.0000 0.9843 0.8274
v -0.469483 -0.592728 -0.125798 1.0000 0.9843 0.8274
v -0.449413 -0.670273 -0.120420 1.0000 0.9843 0.8274
v -0.469483 -0.747817 -0.125798 1.0000 0.9843 0.8274
v -0.524315 -0.804583 -0.140490 1.0000 0.9843 0.8274
v -0.599217 -0.825361 -0.160560 1.0000 0.9843 0.8274
v -0.674120 -0.804583 -0.180630 1.0000 0.9843 0.8274
v -0.728952 -0.747817 -0.195322 1.0000 0.9843 0.8274
v -0.768810 -0.670273 -0.101216 1.0000 0.9843 0.8274
v -0.748210 -0.592728 -0.098504 1.0000 0.9843 0.8274
v -0.691929 -0.535962 -0.091094 1.0000 0.9843 0.8274
v -0.615048 -0.515184 -0.080973 1.0000 0.9843 0.8274
v -0.538167 -0.535962 -0.070851 1.0000 0.9843 0.8274
v -0.481886 -0.592728 -0.063442 1.0000 0.9843 0.8274
v -0.461286 -0.670273 -0.060730 1.0000 0.9843 0.8274
v -0.481886 -0.747817 -0.063442 1.0000 0.9843 0.8274
v -0.538167 -0.804583 -0.070851 1.0000 0.9843 0.8274
v -0.615048 -0.825361 -0.080973 1.0000 0.9843 0.8274
v -0.691929 -0.804583 -0.091094 1.0000 0.9843 0.8274
v -0.748210 -0.747817 -0.098504 1.0000 0.9843 0.8274
v -0.775444 -0.670273 -0.000000 1.0000 0.9843 0.8274
v -0.754666 -0.592728 -0.000000 1.0000 0.9843 0.8274
v -0.697900 -0.535962 -0.000000 1.0000 0.9843 0.8274
v -0.620355 -0.515184 -0.000000 1.0000 0.9843 0.8274
v -0.542811 -0.535962 -0.000000 1.0000 0.9843 0.8274
v -0.486045 -0.592728 -0.000000 1.0000 0.9843 0.8274
v -0.465267 -0.670273 -0.000000 1.0000 0.9843 0.8274
v -0.486045 -0.747817 -0.000000 1.0000 0.9843 0.8274
v -0.542811 -0.804583 -0.000000 1.0000 0.9843 0.8274
v -0.620355 -0.825361 -0.000000 1.0000 0.9843 0.8274
v -0.697900 -0.804583 -0.000000 1.0000 0.9843 0.8274
v -0.754666 -0.747817 -0.000000 1.0000 0.9843 0.8274
v -0.768810 -0.670273 0.101216 1.0000 0.9843 0.8274
v -0.748210 -0.592728 0.098504 1.0000 0.9843 0.8274
v -0.691929 -0.535962 0.091094 1.0000 0.9843 0.8274
v -0.615048 -0.515184 0.080973 1.0000 0.9843 0.8274
v -0.538167 -0.535962 0.070851 1.0000 0.9843 0.8274
v -0.481886 -0.592728 0.063442 1.0000 0.9843 0.8274
v -0.461286 -0.670273 0.060730 1.0000 0.9843 0.8274
v -0.481886 -0.747817 0.063442 1.0000 0.9843 0.8274
v -0.538167 -0.804583 0.070851 1.0000 0.9843 0.8274
v -0.615048 -0.825361 0.080973 1.0000 0.9843 0.8274
v -0.691929 -0.804583 0.091094 1.0000 0.9843 0.8274
v -0.748210 -0.747817 0.098504 1.0000 0.9843 0.8274
v -0.749022 -0.670273 0.200700 1.0000 0.9843 0.8274
v -0.728952 -0.592728 0.195322 1.0000 0.9843 0.8274
v -0.674120 -0.535962 0.180630 1.0000 0.9843 0.8274
v -0.599217 -0.515184 0.160560 1.0000 0.9843 0.8274
v -0.524315 -0.535962 0.140490 1.0000 0.9843 0.8274
v -0.469483 -0.592728 0.125798 1.0000 0.9843 0.8274
v -0.449413 -0.670273 0.120420 1.0000 0.9843 0.8274
v -0.469483 -0.747817 0.125798 1.0000 0.9843 0.8274
v -0.524315 -0.804583 0.140490 1.0000 0.9843 0.8274
v -0.599217 -0.825361 0.160560 1.0000 0.9843 0.8274
v -0.674120 -0.804583 0.180630 1.0000 0.9843 0.8274
v -0.728952 -0.747817 0.195322 1.0000 0.9843 0.8274
v -0.716417 -0.670273 0.296749 1.0000 0.9843 0.8274
v -0.697221 -0.592728 0.288798 1.0000 0.9843 0.8274
v -0.644776 -0.535962 0.267074 1.0000 0.9843 0.8274
v -0.573134 -0.515184 0.237400 1.0000 0.9843 0.8274
v -0.501492 -0.535962 0.207725 1.0000 0.9843 0.8274
v -0.449047 -0.592728 0.186001 1.0000 0.9843 0.8274
v -0.429850 -0.670273 0.178050 1.0000 0.9843 0.8274
v -0.449047 -0.747817 0.186001 1.0000 0.9843 0.8274
v -0.501492 -0.804583 0.207725 1.0000 0.9843 0.8274
v -0.573134 -0.825361 0.237400 1.0000 0.9843 0.8274
v -0.644776 -0.804583 0.267074 1.0000 0.9843 0.8274
v -0.697221 -0.747817 0.288798 1.0000 0.9843 0.8274
v -0.671555 -0.670273 0.387722 1.0000 0.9843 0.8274
v -0.653560 -0.592728 0.377333 1.0000 0.9843 0.8274
v -0.604399 -0.535962 0.348950 1.0000 0.9843 0.8274
v -0.537244 -0.515184 0.310178 1.0000 0.9843 0.8274
v -0.470088 -0.535962 0.271405 1.0000 0.9843 0.8274
v -0.420927 -0.592728 0.243022 1.0000 0.9843 0.8274
v -0.402933 -0.670273 0.232633 1.0000 0.9843 0.8274
v -0.420927 -0.747817 0.243022 1.0000 0.9843 0.8274
v -0.470088 -0.804583 0.271405 1.0000 0.9843 0.8274
v -0.537244 -0.825361 0.310178 1.0000 0.9843 0.8274
v -0.604399 -0.804583 0.348950 1.0000 0.9843 0.8274
v -0.653560 -0.747817 0.377333 1.0000 0.9843 0.8274
v -0.615201 -0.670273 0.472061 1.0000 0.9843 0.8274
v -0.598717 -0.592728 0.459412 1.0000 0.9843 0.8274
v -0.553681 -0.535962 0.424855 1.0000 0.9843 0.8274
v -0.492161 -0.515184 0.377649 1.0000 0.9843 0.8274
v -0.430641 -0.535962 0.330442 1.0000 0.9843 0.8274
v -0.385605 -0.592728 0.295885 1.0000 0.9843 0.8274
v -0.369121 -0.670273 0.283236 1.0000 0.9843 0.8274
v -0.385605 -0.747817 0.295885 1.0000 0.9843 0.8274
v -0.430641 -0.804583 0.330442 1.0000 0.9843 0.8274
v -0.492161 -0.825361 0.377649 1.0000 0.9843 0.8274
v -0.553681 -0.804583 0.424855 1.0000 0.9843 0.8274
v -0.598717 -0.747817 0.459412 1.0000 0.9843 0.8274
v -0.548322 -0.670273 0.548322 1.0000 0.9843 0.8274
v -0.533630 -0.592728 0.533630 1.0000 0.9843 0.8274
v -0.493490 -0.535962 0.493490 1.0000 0.9843 0.8274
v -0.438658 -0.515184 0.438657 1.0000 0.9843 0.8274
v -0.383825 -0.535962 0.383825 1.0000 0.9843 0.8274
v -0.343686 -0.592728 0.343685 1.0000 0.9843 0.8274
v -0.328993 -0.670273 0.328993 1.0000 0.9843 0.8274
v -0.343686 -0.747817 0.343685 1.0000 0.9843 0.8274
v -0.383825 -0.804583 0.383825 1.0000 0.9843 0.8274
v -0.438658 -0.825361 0.438657 1.0000 0.9843 0.8274
v -0.493490 -0.804583 0.493490 1.0000 0.9843 0.8274
v -0.533630 -0.747817 0.533630 1.0000 0.9843 0.8274
v -0.472061 -0.670273 0.615201 1.0000 0.9843 0.8274
v -0.459412 -0.592728 0.598717 1.0000 0.9843 0.8274
v -0.424855 -0.535962 0.553681 1.0000 0.9843 0.8274
v -0.377649 -0.515184 0.492161 1.0000 0.9843 0.8274
v -0.330443 -0.535962 0.430641 1.0000 0.9843 0.8274
v -0.295885 -0.592728 0.385605 1.0000 0.9843 0.8274
v -0.283237 -0.670273 0.369121 1.0000 0.9843 0.8274
v -0.295885 -0.747817 0.385605 1.0000 0.9843 0.8274
v -0.330443 -0.804583 0.430641 1.0000 0.9843 0.8274
v -0.377649 -0.825361 0.492161 1.0000 0.9843 0.8274
v -0.424855 -0.804583 0.553681 1.0000 0.9843 0.8274
v -0.459412 -0.747817 0.598717 1.0000 0.9843 0.8274
v -0.387722 -0.670273 0.671555 1.0000 0.9843 0.8274
v -0.377333 -0.592728 0.653560 1.0000 0.9843 0.8274
v -0.348950 -0.535962 0.604399 1.0000 0.9843 0.8274
v -0.310178 -0.515184 0.537244 1.0000 0.9843 0.8274
v -0.271405 -0.535962 0.470088 1.0000 0.9843 0.8274
v -0.243022 -0.592728 0.420927 1.0000 0.9843 0.8274
v -0.232633 -0.670273 0.402933 1.0000 0.9843 0.8274
v -0.243022 -0.747817 0.420927 1.0000 0.9843 0.8274
v -0.271405 -0.804583 0.470088 1.0000 0.9843 0.8274
v -0.310178 -0.825361 0.537244 1.0000 0.9843 0.8274
v -0.348950 -0.804583 0.604399 1.0000 0.9843 0.8274
v -0.377333 -0.747817 0.653560 1.0000 0.9843 0.8274
v -0.296750 -0.670273 0.716417 1.0000 0.9843 0.8274
v -0.288798 -0.592728 0.697221 1.0000 0.9843 0.8274
v -0.267075 -0.535962 0.644776 1.0000 0.9843 0.8274
v -0.237400 -0.515184 0.573134 1.0000 0.9843 0.8274
v -0.207725 -0.535962 0.501492 1.0000 0.9843 0.8274
v -0.186001 -0.592728 0.449047 1.0000 0.9843 0.8274
v -0.178050 -0.670273 0.429850 1.0000 0.9843 0.8274
v -0.186001 -0.747817 0.449047 1.0000 0.9843 0.8274
v -0.207725 -0.804583 0.501492 1.0000 0.9843 0.8274
v -0.237400 -0.825361 0.573134 1.0000 0.9843 0.8274
v -0.267075 -0.804583 0.644776 1.0000 0.9843 0.8313
v -0.288798 -0.747817 0.697221 1.0000 0.9843 0.8274
v -0.200700 -0.670273 0.749022 1.0000 0.9843 0.8274
v -0.195322 -0.592728 0.728952 1.0000 0.9843 0.8274
v -0.180630 -0.535962 0.674120 1.0000 0.9843 0.8274
v -0.160560 -0.515184 0.599217 1.0000 0.9843 0.8274
v -0.140490 -0.535962 0.524315 1.0000 0.9843 0.8274
v -0.125798 -0.592728 0.469483 1.0000 0.9843 0.8274
v -0.120420 -0.670273 0.449413 1.0000 0.9843 0.8274
v -0.125798 -0.747817 0.469483 1.0000 0.9843 0.8274
v -0.140490 -0.804583 0.524315 1.0000 0.9843 0.8274
v -0.160560 -0.825361 0.599217 1.0000 0.9843 0.8274
v -0.180630 -0.804583 0.674120 1.0000 0.9843 0.8313
v -0.195322 -0.747817 0.728952 1.0000 0.9843 0.8313
v -0.101216 -0.670273 0.768810 1.0000 0.9843 0.8274
v -0.098504 -0.592728 0.748210 1.0000 0.9843 0.8274
v -0.091095 -0.535962 0.691929 1.0000 0.9843 0.8274
v -0.080973 -0.515184 0.615048 1.0000 0.9843 0.8274
v -0.070851 -0.535962 0.538167 1.0000 0.9843 0.8274
v -0.063442 -0.592728 0.481886 1.0000 0.9843 0.8274
v -0.060730 -0.670273 0.461286 1.0000 0.9843 0.8274
v -0.063442 -0.747817 0.481886 1.0000 0.9843 0.8274
v -0.070851 -0.804583 0.538167 1.0000 0.9843 0.8274
v -0.080973 -0.825361 0.615048 1.0000 0.9843 0.8313
v -0.091095 -0.804583 0.691929 1.0000 0.9843 0.8313
v -0.098504 -0.747817 0.748210 1.0000 0.9843 0.8313
v 0.000000 -0.670273 0.775444 1.0000 0.9843 0.8274
v 0.000000 -0.592728 0.754666 1.0000 0.9843 0.8274
v 0.000000 -0.535962 0.697900 1.0000 0.9843 0.8274
v 0.000000 -0.515184 0.620355 1.0000 0.9843 0.8274
v 0.000000 -0.535962 0.542811 1.0000 0.9843 0.8274
v 0.000000 -0.592728 0.486045 1.0000 0.9843 0.8274
v 0.000000 -0.670273 0.465267 1.0000 0.9843 0.8274
v 0.000000 -0.747817 0.486045 1.0000 0.9843 0.8274
v 0.000000 -0.804583 0.542811 1.0000 0.9843 0.8274
v 0.000000 -0.825361 0.620355 1.0000 0.9843 0.8313
v 0.000000 -0.804583 0.697900 1.0000 0.9843 0.8313
v 0.000000 -0.747817 0.754666 1.0000 0.9843 0.8313
v 0.101216 -0.670273 0.768810 1.0000 0.9843 0.8274
v 0.098504 -0.592728 0.748210 1.0000 0.9843 0.8274
v 0.091094 -0.535962 0.691929 1.0000 0.9843 0.8274
v 0.080973 -0.515184 0.615048 1.0000 0.9843 0.8274
v 0.070851 -0.535962 0.538167 1.0000 0.9843 0.8274
v 0.063441 -0.592728 0.481886 1.0000 0.9843 0.8274
v 0.060729 -0.670273 0.461286 1.0000 0.9843 0.8274
v 0.063441 -0.747817 0.481886 1.0000 0.9843 0.8274
v 0.070851 -0.804583 0.538167 1.0000 0.9843 0.8274
v 0.080973 -0.825361 0.615048 1.0000 0.9843 0.8313
v 0.091094 -0.804583 0.691929 1.0000 0.9843 0.8353
v 0.098504 -0.747817 0.748210 1.0000 0.9843 0.8313
v 0.200699 -0.670273 0.749022 1.0000 0.9843 0.8313
v 0.195322 -0.592728 0.728952 1.0000 0.9843 0.8274
v 0.180629 -0.535962 0.674120 1.0000 0.9843 0.8274
v 0.160560 -0.515184 0.599217 1.0000 0.9843 0.8274
v 0.140490 -0.535962 0.524315 1.0000 0.9843 0.8274
v 0.125797 -0.592728 0.469483 1.0000 0.9843 0.8274
v 0.120420 -0.670273 0.449413 1.0000 0.9843 0.8274
v 0.125797 -0.747817 0.469483 1.0000 0.9843 0.8274
v 0.140490 -0.804583 0.524315 1.0000 0.9843 0.8274
v 0.160560 -0.825361 0.599217 1.0000 0.9843 0.8313
v 0.180629 -0.804583 0.674120 1.0000 0.9843 0.8353
v 0.195322 -0.747817 0.728952 1.0000 0.9843 0.8353
v 0.296750 -0.670273 0.716417 1.0000 0.9843 0.8313
v 0.288799 -0.592728 0.697221 1.0000 0.9843 0.8274
v 0.267075 -0.535962 0.644775 1.0000 0.9843 0.8274
v 0.237400 -0.515184 0.573134 1.0000 0.9843 0.8274
v 0.207725 -0.535962 0.501492 1.0000 0.9843 0.8274
v 0.186001 -0.592728 0.449047 1.0000 0.9843 0.8274
v 0.178050 -0.670273 0.429850 1.0000 0.9843 0.8274
v 0.186001 -0.747817 0.449047 1.0000 0.9843 0.8274
v 0.207725 -0.804583 0.501492 1.0000 0.9843 0.8274
v 0.237400 -0.825361 0.573134 1.0000 0.9843 0.8313
v 0.267075 -0.804583 0.644775 1.0000 0.9843 0.8353
v 0.288799 -0.747817 0.697221 1.0000 0.9843 0.8353
v 0.387722 -0.670273 0.671555 1.0000 0.9843 0.8313
v 0.377333 -0.592728 0.653560 1.0000 0.9843 0.8274
v 0.348950 -0.535962 0.604399 1.0000 0.9843 0.8274
v 0.310178 -0.515184 0.537244 1.0000 0.9843 0.8274
v 0.271406 -0.535962 0.470088 1.0000 0.9843 0.8274
v 0.243022 -0.592728 0.420927 1.0000 0.9843 0.8274
v 0.232633 -0.670273 0.402933 1.0000 0.9843 0.8274
v 0.243022 -0.747817 0.420927 1.0000 0.9843 0.8274
v 0.271406 -0.804583 0.470088 1.0000 0.9843 0.8274
v 0.310178 -0.825361 0.537244 1.0000 0.9843 0.8313
v 0.348950 -0.804583 0.604399 1.0000 0.9843 0.8353
v 0.377333 -0.747817 0.653560 1.0000 0.9843 0.8353
v 0.472060 -0.670273 0.615202 1.0000 0.9843 0.8313
v 0.459412 -0.592728 0.598717 1.0000 0.9843 0.8274
v 0.424854 -0.535962 0.553681 1.0000 0.9843 0.8274
v 0.377648 -0.515184 0.492161 1.0000 0.9843 0.8274
v 0.330442 -0.535962 0.430641 1.0000 0.9843 0.8274
v 0.295885 -0.592728 0.385605 1.0000 0.9843 0.8274
v 0.283236 -0.670273 0.369121 1.0000 0.9843 0.8274
v 0.295885 -0.747817 0.385605 1.0000 0.9843 0.8274
v 0.330442 -0.804583 0.430641 1.0000 0.9843 0.8274
v 0.377648 -0.825361 0.492161 1.0000 0.9843 0.8313
v 0.424854 -0.804583 0.553681 1.0000 0.9843 0.8353
v 0.459412 -0.747817 0.598717 1.0000 0.9843 0.8353
v 0.548322 -0.670273 0.548322 1.0000 0.9843 0.8313
v 0.533629 -0.592728 0.533630 1.0000 0.9843 0.8274
v 0.493490 -0.535962 0.493490 1.0000 0.9843 0.8274
v 0.438657 -0.515184 0.438658 1.0000 0.9843 0.8274
v 0.383825 -0.535962 0.383826 1.0000 0.9843 0.8274
v 0.343685 -0.592728 0.343686 1.0000 0.9843 0.8274
v 0.328993 -0.670273 0.328993 1.0000 0.9843 0.8274
v 0.343685 -0.747817 0.343686 1.0000 0.9843 0.8274
v 0.383825 -0.804583 0.383826 1.0000 0.9843 0.8274
v 0.438657 -0.825361 0.438658 1.0000 0.9843 0.8353
v 0.493490 -0.804583 0.493490 1.0000 0.9843 0.8353
v 0.533629 -0.747817 0.533630 1.0000 0.9843 0.8353
v 0.615202 -0.670273 0.472061 1.0000 0.9843 0.8313
v 0.598717 -0.592728 0.459412 1.0000 0.9843 0.8274
v 0.553681 -0.535962 0.424855 1.0000 0.9843 0.8274
v 0.492161 -0.515184 0.377648 1.0000 0.9843 0.8274
v 0.430641 -0.535962 0.330442 1.0000 0.9843 0.8274
v 0.385605 -0.592728 0.295885 1.0000 0.9843 0.8274
v 0.369121 -0.670273 0.283236 1.0000 0.9843 0.8274
v 0.385605 -0.747817 0.295885 1.0000 0.9843 0.8274
v 0.430641 -0.804583 0.330442 1.0000 0.9843 0.8274
v 0.492161 -0.825361 0.377648 1.0000 0.9843 0.8353
v 0.553681 -0.804583 0.424855 1.0000 0.9843 0.8353
v 0.598717 -0.747817 0.459412 1.0000 0.9843 0.8353
v 0.671555 -0.670273 0.387722 1.0000 0.9843 0.8313
v 0.653560 -0.592728 0.377333 1.0000 0.9843 0.8274
v 0.604399 -0.535962 0.348950 1.0000 0.9843 0.8274
v 0.537244 -0.515184 0.310178 1.0000 0.9843 0.8274
v 0.470088 -0.535962 0.271406 1.0000 0.9843 0.8274
v 0.420927 -0.592728 0.243022 1.0000 0.9843 0.8274
v 0.402933 -0.670273 0.232633 1.0000 0.9843 0.8274
v 0.420927 -0.747817 0.243022 1.0000 0.9843 0.8274
v 0.470088 -0.804583 0.271406 1.0000 0.9843 0.8274
v 0.537244 -0.825361 0.310178 1.0000 0.9843 0.8353
v 0.604399 -0.804583 0.348950 1.0000 0.9843 0.8353
v 0.653560 -0.747817 0.377333 1.0000 0.9843 0.8353
v 0.716417 -0.670273 0.296750 1.0000 0.9843 0.8313
v 0.697221 -0.592728 0.288799 1.0000 0.9843 0.8274
v 0.644775 -0.535962 0.267075 1.0000 0.9843 0.8274
v 0.573134 -0.515184 0.237400 1.0000 0.9843 0.8274
v 0.501492 -0.535962 0.207725 1.0000 0.9843 0.8274
v 0.449047 -0.592728 0.186001 1.0000 0.9843 0.8274
v 0.429850 -0.670273 0.178050 1.0000 0.9843 0.8274
v 0.449047 -0.747817 0.186001 1.0000 0.9843 0.8274
v 0.501492 -0.804583 0.207725 1.0000 0.9843 0.8274
v 0.573134 -0.825361 0.237400 1.0000 0.9843 0.8313
v 0.644775 -0.804583 0.267075 1.0000 0.9843 0.8353
v 0.697221 -0.747817 0.288799 1.0000 0.9843 0.8353
v 0.749022 -0.670273 0.200700 1.0000 0.9843 0.8313
v 0.728952 -0.592728 0.195322 1.0000 0.9843 0.8274
v 0.674120 -0.535962 0.180630 1.0000 0.9843 0.8274
v 0.599217 -0.515184 0.160560 1.0000 0.9843 0.8274
v 0.524315 -0.535962 0.140490 1.0000 0.9843 0.8274
v 0.469483 -0.592728 0.125797 1.0000 0.9843 0.8274
v 0.449413 -0.670273 0.120420 1.0000 0.9843 0.8274
v 0.469483 -0.747817 0.125797 1.0000 0.9843 0.8274
v 0.524315 -0.804583 0.140490 1.0000 0.9843 0.8274
v 0.599217 -0.825361 0.160560 1.0000 0.9843 0.8313
v 0.674120 -0.804583 0.180630 1.0000 0.9843 0.8353
v 0.728952 -0.747817 0.195322 1.0000 0.9843 0.8353
v 0.768810 -0.670273 0.101216 1.0000 0.9843 0.8313
v 0.748210 -0.592728 0.098504 1.0000 0.9843 0.8274
v 0.691929 -0.535962 0.091094 1.0000 0.9843 0.8274
v 0.615048 -0.515184 0.080973 1.0000 0.9843 0.8274
v 0.538167 -0.535962 0.070851 1.0000 0.9843 0.8274
v 0.481886 -0.592728 0.063442 1.0000 0.9843 0.8274
v 0.461286 -0.670273 0.060729 1.0000 0.9843 0.8274
v 0.481886 -0.747817 0.063442 1.0000 0.9843 0.8274
v 0.538167 -0.804583 0.070851 1.0000 0.9843 0.8274
v 0.615048 -0.825361 0.080973 1.0000 0.9843 0.8313
v 0.691929 -0.804583 0.091094 1.0000 0.9843 0.8353
v 0.748210 -0.747817 0.098504 1.0000 0.9843 0.8353
v 0.775444 -0.670273 0.000000 1.0000 0.9843 0.8313
v 0.754666 -0.592728 0.000000 1.0000 0.9843 0.8274
v 0.697900 -0.535962 0.000000 1.0000 0.9843 0.8274
v 0.620355 -0.515184 0.000000 1.0000 0.9843 0.8274
v 0.542811 -0.535962 0.000000 1.0000 0.9843 0.8274
v 0.486045 -0.592728 0.000000 1.0000 0.9843 0.8274
v 0.465267 -0.670273 0.000000 1.0000 0.9843 0.8274
v 0.486045 -0.747817 0.000000 1.0000 0.9843 0.8274
v 0.542811 -0.804583 0.000000 1.0000 0.9843 0.8274
v 0.620355 -0.825361 0.000000 1.0000 0.9843 0.8313
v 0.697900 -0.804583 0.000000 1.0000 0.9843 0.8353
v 0.754666 -0.747817 0.000000 1.0000 0.9843 0.8353
v 0.768810 -0.670273 -0.101216 1.0000 0.9843 0.8274
v 0.748210 -0.592728 -0.098504 1.0000 0.9843 0.8274
v 0.691929 -0.535962 -0.091094 1.0000 0.9843 0.8274
v 0.615048 -0.515184 -0.080973 1.0000 0.9843 0.8274
v 0.538167 -0.535962 -0.070851 1.0000 0.9843 0.8274
v 0.481886 -0.592728 -0.063442 1.0000 0.9843 0.8274
v 0.461286 -0.670273 -0.060729 1.0000 0.9843 0.8274
v 0.481886 -0.747817 -0.063442 1.0000 0.9843 0.8274
v 0.538167 -0.804583 -0.070851 1.0000 0.9843 0.8274
v 0.615048 -0.825361 -0.080973 1.0000 0.9843 0.8313
v 0.691929 -0.804583 -0.091094 1.0000 0.9843 0.8353
v 0.748210 -0.747817 -0.098504 1.0000 0.9843 0.8313
v 0.749022 -0.670273 -0.200700 1.0000 0.9843 0.8274
v 0.728952 -0.592728 -0.195322 1.0000 0.9843 0.8274
v 0.674120 -0.535962 -0.180630 1.0000 0.9843 0.8274
v 0.599217 -0.515184 -0.160560 1.0000 0.9843 0.8274
v 0.524315 -0.535962 -0.140490 1.0000 0.9843 0.8274
v 0.469483 -0.592728 -0.125798 1.0000 0.9843 0.8274
v 0.449413 -0.670273 -0.120420 1.0000 0.9843 0.8274
v 0.469483 -0.747817 -0.125798 1.0000 0.9843 0.8274
v 0.524315 -0.804583 -0.140490 1.0000 0.9843 0.8274
v 0.599217 -0.825361 -0.160560 1.0000 0.9843 0.8313
v 0.674120 -0.804583 -0.180630 1.0000 0.9843 0.8313
v 0.728952 -0.747817 -0.195322 1.0000 0.9843 0.8313
v 0.716417 -0.670273 -0.296750 1.0000 0.9843 0.8274
v 0.697221 -0.592728 -0.288798 1.0000 0.9843 0.8274
v 0.644776 -0.535962 -0.267075 1.0000 0.9843 0.8274
v 0.573134 -0.515184 -0.237400 1.0000 0.9843 0.8274
v 0.501492 -0.535962 -0.207725 1.0000 0.9843 0.8274
v 0.449047 -0.592728 -0.186001 1.0000 0.9843 0.8274
v 0.429850 -0.670273 -0.178050 1.0000 0.9843 0.8274
v 0.449047 -0.747817 -0.186001 1.0000 0.9843 0.8274
v 0.501492 -0.804583 -0.207725 1.0000 0.9843 0.8274
v 0.573134 -0.825361 -0.237400 1.0000 0.9843 0.8274
v 0.644776 -0.804583 -0.267075 1.0000 0.9843 0.8313
v 0.697221 -0.747817 -0.288798 1.0000 0.9843 0.8313
v 0.671555 -0.670273 -0.387722 1.0000 0.9843 0.8274
v 0.653560 -0.592728 -0.377333 1.0000 0.9843 0.8274
v 0.604399 -0.535962 -0.348950 1.0000 0.9843 0.8274
v 0.537244 -0.515184 -0.310178 1.0000 0.9843 0.8274
v 0.470088 -0.535962 -0.271406 1.0000 0.9843 0.8274
v 0.420927 -0.592728 -0.243022 1.0000 0.9843 0.8274
v 0.402933 -0.670273 -0.232633 1.0000 0.9843 0.8274
v 0.420927 -0.747817 -0.243022 1.0000 0.9843 0.8274
v 0.470088 -0.804583 -0.271406 1.0000 0.9843 0.8274
v 0.537244 -0.825361 -0.310178 1.0000 0.9843 0.8274
v 0.604399 -0.804583 -0.348950 1.0000 0.9843 0.8313
v 0.653560 -0.747817 -0.377333 1.0000 0.9843 0.8313
v 0.615202 -0.670273 -0.472061 1.0000 0.9843 0.8274
v 0.598717 -0.592728 -0.459412 1.0000 0.9843 0.8274
v 0.553681 -0.535962 -0.424855 1.0000 0.9843 0.8274
v 0.492161 -0.515184 -0.377648 1.0000 0.9843 0.8274
v 0.430641 -0.535962 -0.330442 1.0000 0.9843 0.8274
v 0.385605 -0.592728 -0.295885 1.0000 0.9843 0.8274
v 0.369121 -0.670273 -0.283236 1.0000 0.9843 0.8274
v 0.385605 -0.747817 -0.295885 1.0000 0.9843 0.8274
v 0.430641 -0.804583 -0.330442 1.0000 0.9843 0.8274
v 0.492161 -0.825361 -0.377648 1.0000 0.9843 0.8274
v 0.553681 -0.804583 -0.424855 1.0000 0.9843 0.8313
v 0.598717 -0.747817 -0.459412 1.0000 0.9843 0.8274
v 0.548322 -0.670273 -0.548322 1.0000 0.9843 0.8274
v 0.533630 -0.592728 -0.533630 1.0000 0.9843 0.8274
v 0.493490 -0.535962 -0.493490 1.0000 0.9843 0.8274
v 0.438658 -0.515184 -0.438658 1.0000 0.9843 0.8274
v 0.383825 -0.535962 -0.383825 1.0000 0.9843 0.8274
v 0.343685 -0.592728 -0.343685 1.0000 0.9843 0.8274
v 0.328993 -0.670273 -0.328993 1.0000 0.9843 0.8274
v 0.343685 -0.747817 -0.343685 1.0000 0.9843 0.8274
v 0.383825 -0.804583 -0.383825 1.0000 0.9843 0.8274
v 0.438658 -0.825361 -0.438658 1.0000 0.9843 0.8274
v 0.493490 -0.804583 -0.493490 1.0000 0.9843 0.8274
v 0.533630 -0.747817 -0.533630 1.0000 0.9843 0.8274
v 0.472061 -0.670273 -0.615201 1.0000 0.9843 0.8274
v 0.459412 -0.592728 -0.598717 1.0000 0.9843 0.8274
v 0.424855 -0.535962 -0.553681 1.0000 0.9843 0.8274
v 0.377649 -0.515184 -0.492161 1.0000 0.9843 0.8274
v 0.330443 -0.535962 -0.430641 1.0000 0.9843 0.8274
v 0.295885 -0.592728 -0.385605 1.0000 0.9843 0.8274
v 0.283236 -0.670273 -0.369121 1.0000 0.9843 0.8274
v 0.295885 -0.747817 -0.385605 1.0000 0.9843 0.8274
v 0.330443 -0.804583 -0.430641 1.0000 0.9843 0.8274
v 0.377649 -0.825361 -0.492161 1.0000 0.9843 0.8274
v 0.424855 -0.804583 -0.553681 1.0000 0.9843 0.8274
v 0.459412 -0.747817 -0.598717 1.0000 0.9843 0.8274
v 0.387722 -0.670273 -0.671555 1.0000 0.9843 0.8274
v 0.377333 -0.592728 -0.653560 1.0000 0.9843 0.8274
v 0.348950 -0.535962 -0.604399 1.0000 0.9843 0.8274
v 0.310178 -0.515184 -0.537244 1.0000 0.9843 0.8274
v 0.271406 -0.535962 -0.470088 1.0000 0.9843 0.8274
v 0.243022 -0.592728 -0.420927 1.0000 0.9843 0.8274
v 0.232633 -0.670273 -0.402933 1.0000 0.9843 0.8274
v 0.243022 -0.747817 -0.420927 1.0000 0.9843 0.8274
v 0.271406 -0.804583 -0.470088 1.0000 0.9843 0.8274
v 0.310178 -0.825361 -0.537244 1.0000 0.9843 0.8274
v 0.348950 -0.804583 -0.604399 1.0000 0.9843 0.8274
v 0.377333 -0.747817 -0.653560 1.0000 0.9843 0.8274
v 0.296750 -0.670273 -0.716417 1.0000 0.9843 0.8274
v 0.288799 -0.592728 -0.697221 1.0000 0.9843 0.8274
v 0.267075 -0.535962 -0.644775 1.0000 0.9843 0.8274
v 0.237400 -0.515184 -0.573134 1.0000 0.9843 0.8274
v 0.207725 -0.535962 -0.501492 1.0000 0.9843 0.8274
v 0.186001 -0.592728 -0.449047 1.0000 0.9843 0.8274
v 0.178050 -0.670273 -0.429850 1.0000 0.9843 0.8274
v 0.186001 -0.747817 -0.449047 1.0000 0.9843 0.8274
v 0.207725 -0.804583 -0.501492 1.0000 0.9843 0.8274
v 0.237400 -0.825361 -0.573134 1.0000 0.9843 0.8274
v 0.267075 -0.804583 -0.644775 1.0000 0.9843 0.8274
v 0.288799 -0.747817 -0.697221 1.0000 0.9843 0.8274
v 0.200700 -0.670273 -0.749022 1.0000 0.9843 0.8274
v 0.195322 -0.592728 -0.728952 1.0000 0.9843 0.8274
v 0.180630 -0.535962 -0.674120 1.0000 0.9843 0.8274
v 0.160560 -0.515184 -0.599217 1.0000 0.9843 0.8274
v 0.140490 -0.535962 -0.524315 1.0000 0.9843 0.8274
v 0.125798 -0.592728 -0.469483 1.0000 0.9843 0.8274
v 0.120420 -0.670273 -0.449413 1.0000 0.9843 0.8274
v 0.125798 -0.747817 -0.469483 1.0000 0.9843 0.8274
v 0.140490 -0.804583 -0.524315 1.0000 0.9843 0.8274
v 0.160560 -0.825361 -0.599217 1.0000 0.9843 0.8274
v 0.180630 -0.804583 -0.674120 1.0000 0.9843 0.8274
v 0.195322 -0.747817 -0.728952 1.0000 0.9843 0.8274
v 0.101216 -0.670273 -0.768810 1.0000 0.9843 0.8274
v 0.098504 -0.592728 -0.748210 1.0000 0.9843 0.8274
v 0.091094 -0.535962 -0.691929 1.0000 0.9843 0.8274
v 0.080973 -0.515184 -0.615048 1.0000 0.9843 0.8274
v 0.070851 -0.535962 -0.538167 1.0000 0.9843 0.8274
v 0.063441 -0.592728 -0.481886 1.0000 0.9843 0.8274
v 0.060729 -0.670273 -0.461286 1.0000 0.9843 0.8274
v 0.063441 -0.747817 -0.481886 1.0000 0.9843 0.8274
v 0.070851 -0.804583 -0.538167 1.0000 0.9843 0.8274
v 0.080973 -0.825361 -0.615048 1.0000 0.9843 0.8274
v 0.091094 -0.804583 -0.691929 1.0000 0.9843 0.8274
v 0.098504 -0.747817 -0.748210 1.0000 0.9843 0.8274
v 0.000000 -0.670273 -0.775444 1.0000 0.9843 0.8274
v 0.000000 -0.592728 -0.754666 1.0000 0.9843 0.8274
v 0.000000 -0.535962 -0.697900 1.0000 0.9843 0.8274
v 0.000000 -0.515184 -0.620355 1.0000 0.9843 0.8274
v 0.000000 -0.535962 -0.542811 1.0000 0.9843 0.8274
v 0.000000 -0.592728 -0.486045 1.0000 0.9843 0.8274
v 0.000000 -0.670273 -0.465267 1.0000 0.9843 0.8274
v 0.000000 -0.747817 -0.486045 1.0000 0.9843 0.8274
v 0.000000 -0.804583 -0.542811 1.0000 0.9843 0.8274
v 0.000000 -0.825361 -0.620355 1.0000 0.9843 0.8274
v 0.000000 -0.804583 -0.697900 1.0000 0.9843 0.8274
v 0.000000 -0.747817 -0.754666 1.0000 0.9843 0.8274
v -0.101216 -0.670273 -0.768810 1.0000 0.9843 0.8274
v -0.098504 -0.592728 -0.748210 1.0000 0.9843 0.8274
v -0.091094 -0.535962 -0.691929 1.0000 0.9843 0.8274
v -0.080973 -0.515184 -0.615048 1.0000 0.9843 0.8274
v -0.070851 -0.535962 -0.538167 1.0000 0.9843 0.8274
v -0.063442 -0.592728 -0.481886 1.0000 0.9843 0.8274
v -0.060730 -0.670273 -0.461286 1.0000 0.9843 0.8274
v -0.063442 -0.747817 -0.481886 1.0000 0.9843 0.8274
v -0.070851 -0.804583 -0.538167 1.0000 0.9843 0.8274
v -0.080973 -0.825361 -0.615048 1.0000 0.9843 0.8274
v -0.091094 -0.804583 -0.691929 1.0000 0.9843 0.8274
v -0.098504 -0.747817 -0.748210 1.0000 0.9843 0.8274
v -0.200700 -0.670273 -0.749022 1.0000 0.9843 0.8274
v -0.195322 -0.592728 -0.728952 1.0000 0.9843 0.8274
v -0.180630 -0.535962 -0.674120 1.0000 0.9843 0.8274
v -0.160560 -0.515184 -0.599217 1.0000 0.9843 0.8274
v -0.140490 -0.535962 -0.524315 1.0000 0.9843 0.8274
v -0.125798 -0.592728 -0.469483 1.0000 0.9843 0.8274
v -0.120420 -0.670273 -0.449413 1.0000 0.9843 0.8274
v -0.125798 -0.747817 -0.469483 1.0000 0.9843 0.8274
v -0.140490 -0.804583 -0.524315 1.0000 0.9843 0.8274
v -0.160560 -0.825361 -0.599217 1.0000 0.9843 0.8274
v -0.180630 -0.804583 -0.674120 1.0000 0.9843 0.8274
v -0.195322 -0.747817 -0.728952 1.0000 0.9843 0.8274
v -0.296750 -0.670273 -0.716417 1.0000 0.9843 0.8274
v -0.288798 -0.592728 -0.697221 1.0000 0.9843 0.8274
v -0.267075 -0.535962 -0.644776 1.0000 0.9843 0.8274
v -0.237400 -0.515184 -0.573134 1.0000 0.9843 0.8274
v -0.207725 -0.535962 -0.501492 1.0000 0.9843 0.8274
v -0.186001 -0.592728 -0.449047 1.0000 0.9843 0.8274
v -0.178050 -0.670273 -0.429850 1.0000 0.9843 0.8274
v -0.186001 -0.747817 -0.449047 1.0000 0.9843 0.8274
v -0.207725 -0.804583 -0.501492 1.0000 0.9843 0.8274
v -0.237400 -0.825361 -0.573134 1.0000 0.9843 0.8274
v -0.267075 -0.804583 -0.644776 1.0000 0.9843 0.8274
v -0.288798 -0.747817 -0.697221 1.0000 0.9843 0.8274
v -0.387722 -0.670273 -0.671555 1.0000 0.9843 0.8274
v -0.377333 -0.592728 -0.653560 1.0000 0.9843 0.8274
v -0.348950 -0.535962 -0.604399 1.0000 0.9843 0.8274
v -0.310178 -0.515184 -0.537244 1.0000 0.9843 0.8274
v -0.271405 -0.535962 -0.470088 1.0000 0.9843 0.8274
v -0.243022 -0.592728 -0.420927 1.0000 0.9843 0.8274
v -0.232633 -0.670273 -0.402933 1.0000 0.9843 0.8274
v -0.243022 -0.747817 -0.420927 1.0000 0.9843 0.8274
v -0.271405 -0.804583 -0.470088 1.0000 0.9843 0.8274
v -0.310178 -0.825361 -0.537244 1.0000 0.9843 0.8274
v -0.348950 -0.804583 -0.604399 1.0000 0.9843 0.8274
v -0.377333 -0.747817 -0.653560 1.0000 0.9843 0.8274
v -0.472061 -0.670273 -0.615201 1.0000 0.9843 0.8274
v -0.459412 -0.592728 -0.598717 1.0000 0.9843 0.8274
v -0.424855 -0.535962 -0.553681 1.0000 0.9843 0.8274
v -0.377649 -0.515184 -0.492161 1.0000 0.9843 0.8274
v -0.330442 -0.535962 -0.430641 1.0000 0.9843 0.8274
v -0.295885 -0.592728 -0.385605 1.0000 0.9843 0.8274
v -0.283236 -0.670273 -0.369121 1.0000 0.9843 0.8274
v -0.295885 -0.747817 -0.385605 1.0000 0.9843 0.8274
v -0.330442 -0.804583 -0.430641 1.0000 0.9843 0.8274
v -0.377649 -0.825361 -0.492161 1.0000 0.9843 0.8274
v -0.424855 -0.804583 -0.553681 1.0000 0.9843 0.8274
v -0.459412 -0.747817 -0.598717 1.0000 0.9843 0.8274
v -0.548322 -0.670273 -0.548322 1.0000 0.9843 0.8274
v -0.533630 -0.592728 -0.533630 1.0000 0.9843 0.8274
v -0.493490 -0.535962 -0.493490 1.0000 0.9843 0.8274
v -0.438658 -0.515184 -0.438657 1.0000 0.9843 0.8274
v -0.383825 -0.535962 -0.383825 1.0000 0.9843 0.8274
v -0.343686 -0.592728 -0.343685 1.0000 0.9843 0.8274
v -0.328993 -0.670273 -0.328993 1.0000 0.9843 0.8274
v -0.343686 -0.747817 -0.343685 1.0000 0.9843 0.8274
v -0.383825 -0.804583 -0.383825 1.0000 0.9843 0.8274
v -0.438658 -0.825361 -0.438657 1.0000 0.9843 0.8274
v -0.493490 -0.804583 -0.493490 1.0000 0.9843 0.8274
v -0.533630 -0.747817 -0.533630 1.0000 0.9843 0.8274
v -0.615201 -0.670273 -0.472061 1.0000 0.9843 0.8274
v -0.598717 -0.592728 -0.459412 1.0000 0.9843 0.8274
v -0.553681 -0.535962 -0.424855 1.0000 0.9843 0.8274
v -0.492161 -0.515184 -0.377649 1.0000 0.9843 0.8274
v -0.430641 -0.535962 -0.330442 1.0000 0.9843 0.8274
v -0.385605 -0.592728 -0.295885 1.0000 0.9843 0.8274
v -0.369121 -0.670273 -0.283236 1.0000 0.9843 0.8274
v -0.385605 -0.747817 -0.295885 1.0000 0.9843 0.8274
v -0.430641 -0.804583 -0.330442 1.0000 0.9843 0.8274
v -0.492161 -0.825361 -0.377649 1.0000 0.9843 0.8274
v -0.553681 -0.804583 -0.424855 1.0000 0.9843 0.8274
v -0.598717 -0.747817 -0.459412 1.0000 0.9843 0.8274
v -0.671554 -0.670273 -0.387722 1.0000 0.9843 0.8274
v -0.653560 -0.592728 -0.377333 1.0000 0.9843 0.8274
v -0.604399 -0.535962 -0.348950 1.0000 0.9843 0.8274
v -0.537244 -0.515184 -0.310178 1.0000 0.9843 0.8274
v -0.470088 -0.535962 -0.271406 1.0000 0.9843 0.8274
v -0.420927 -0.592728 -0.243022 1.0000 0.9843 0.8274
v -0.402933 -0.670273 -0.232633 1.0000 0.9843 0.8274
v -0.420927 -0.747817 -0.243022 1.0000 0.9843 0.8274
v -0.470088 -0.804583 -0.271406 1.0000 0.9843 0.8274
v -0.537244 -0.825361 -0.310178 1.0000 0.9843 0.8274
v -0.604399 -0.804583 -0.348950 1.0000 0.9843 0.8274
v -0.653560 -0.747817 -0.377333 1.0000 0.9843 0.8274
v -0.716417 -0.670273 -0.296750 1.0000 0.9843 0.8274
v -0.697221 -0.592728 -0.288798 1.0000 0.9843 0.8274
v -0.644776 -0.535962 -0.267075 1.0000 0.9843 0.8274
v -0.573134 -0.515184 -0.237400 1.0000 0.9843 0.8274
v -0.501492 -0.535962 -0.207725 1.0000 0.9843 0.8274
v -0.449047 -0.592728 -0.186001 1.0000 0.9843 0.8274
v -0.429850 -0.670273 -0.178050 1.0000 0.9843 0.8274
v -0.449047 -0.747817 -0.186001 1.0000 0.9843 0.8274
v -0.501492 -0.804583 -0.207725 1.0000 0.9843 0.8274
v -0.573134 -0.825361 -0.237400 1.0000 0.9843 0.8274
v -0.644776 -0.804583 -0.267075 1.0000 0.9843 0.8274
v -0.697221 -0.747817 -0.288798 1.0000 0.9843 0.8274
v -0.749022 -0.670273 -0.200700 1.0000 0.9843 0.8274
v -0.728952 -0.592728 -0.195322 1.0000 0.9843 0.8274
v -0.674120 -0.535962 -0.180630 1.0000 0.9843 0.8274
v -0.599217 -0.515184 -0.160560 1.0000 0.9843 0.8274
v -0.524315 -0.535962 -0.140490 1.0000 0.9843 0.8274
v -0.469483 -0.592728 -0.125798 1.0000 0.9843 0.8274
v -0.449413 -0.670273 -0.120420 1.0000 0.9843 0.8274
v -0.469483 -0.747817 -0.125798 1.0000 0.9843 0.8274
v -0.524315 -0.804583 -0.140490 1.0000 0.9843 0.8274
v -0.599217 -0.825361 -0.160560 1.0000 0.9843 0.8274
v -0.674120 -0.804583 -0.180630 1.0000 0.9843 0.8274
v -0.728952 -0.747817 -0.195322 1.0000 0.9843 0.8274
v -0.768810 -0.670273 -0.101216 1.0000 0.9843 0.8274
v -0.748210 -0.592728 -0.098504 1.0000 0.9843 0.8274
v -0.691929 -0.535962 -0.091094 1.0000 0.9843 0.8274
v -0.615048 -0.515184 -0.080973 1.0000 0.9843 0.8274
v -0.538167 -0.535962 -0.070851 1.0000 0.9843 0.8274
v -0.481886 -0.592728 -0.063442 1.0000 0.9843 0.8274
v -0.461286 -0.670273 -0.060730 1.0000 0.9843 0.8274
v -0.481886 -0.747817 -0.063442 1.0000 0.9843 0.8274
v -0.538167 -0.804583 -0.070851 1.0000 0.9843 0.8274
v -0.615048 -0.825361 -0.080973 1.0000 0.9843 0.8274
v -0.691929 -0.804583 -0.091094 1.0000 0.9843 0.8274
v -0.748210 -0.747817 -0.098504 1.0000 0.9843 0.8274
v -0.775444 -0.670273 -0.000000 1.0000 0.9843 0.8274
v -0.754666 -0.592728 -0.000000 1.0000 0.9843 0.8274
v -0.697900 -0.535962 -0.000000 1.0000 0.9843 0.8274
v -0.620355 -0.515184 -0.000000 1.0000 0.9843 0.8274
v -0.542811 -0.535962 -0.000000 1.0000 0.9843 0.8274
v -0.486045 -0.592728 -0.000000 1.0000 0.9843 0.8274
v -0.465267 -0.670273 -0.000000 1.0000 0.9843 0.8274
v -0.486045 -0.747817 -0.000000 1.0000 0.9843 0.8274
v -0.542811 -0.804583 -0.000000 1.0000 0.9843 0.8274
v -0.620355 -0.825361 -0.000000 1.0000 0.9843 0.8274
v -0.697900 -0.804583 -0.000000 1.0000 0.9843 0.8274
v -0.754666 -0.747817 -0.000000 1.0000 0.9843 0.8274
v -0.768810 -0.670273 0.101216 1.0000 0.9843 0.8274
v -0.748210 -0.592728 0.098504 1.0000 0.9843 0.8274
v -0.691929 -0.535962 0.091094 1.0000 0.9843 0.8274
v -0.615048 -0.515184 0.080973 1.0000 0.9843 0.8274
v -0.538167 -0.535962 0.070851 1.0000 0.9843 0.8274
v -0.481886 -0.592728 0.063442 1.0000 0.9843 0.8274
v -0.461286 -0.670273 0.060730 1.0000 0.9843 0.8274
v -0.481886 -0.747817 0.063442 1.0000 0.9843 0.8274
v -0.538167 -0.804583 0.070851 1.0000 0.9843 0.8274
v -0.615048 -0.825361 0.080973 1.0000 0.9843 0.8274
v -0.691929 -0.804583 0.091094 1.0000 0.9843 0.8274
v -0.748210 -0.747817 0.098504 1.0000 0.9843 0.8274
v -0.749022 -0.670273 0.200700 1.0000 0.9843 0.8274
v -0.728952 -0.592728 0.195322 1.0000 0.9843 0.8274
v -0.674120 -0.535962 0.180630 1.0000 0.9843 0.8274
v -0.599217 -0.515184 0.160560 1.0000 0.9843 0.8274
v -0.524315 -0.535962 0.140490 1.0000 0.9843 0.8274
v -0.469483 -0.592728 0.125798 1.0000 0.9843 0.8274
v -0.449413 -0.670273 0.120420 1.0000 0.9843 0.8274
v -0.469483 -0.747817 0.125798 1.0000 0.9843 0.8274
v -0.524315 -0.804583 0.140490 1.0000 0.9843 0.8274
v -0.599217 -0.825361 0.160560 1.0000 0.9843 0.8274
v -0.674120 -0.804583 0.180630 1.0000 0.9843 0.8274
v -0.728952 -0.747817 0.195322 1.0000 0.9843 0.8274
v -0.716417 -0.670273 0.296749 1.0000 0.9843 0.8274
v -0.697221 -0.592728 0.288798 1.0000 0.9843 0.8274
v -0.644776 -0.535962 0.267074 1.0000 0.9843 0.8274
v -0.573134 -0.515184 0.237400 1.0000 0.9843 0.8274
v -0.501492 -0.535962 0.207725 1.0000 0.9843 0.8274
v -0.449047 -0.592728 0.186001 1.0000 0.9843 0.8274
v -0.429850 -0.670273 0.178050 1.0000 0.9843 0.8274
v -0.449047 -0.747817 0.186001 1.0000 0.9843 0.8274
v -0.501492 -0.804583 0.207725 1.0000 0.9843 0.8274
v -0.573134 -0.825361 0.237400 1.0000 0.9843 0.8274
v -0.644776 -0.804583 0.267074 1.0000 0.9843 0.8274
v -0.697221 -0.747817 0.288798 1.0000 0.9843 0.8274
v -0.671555 -0.670273 0.387722 1.0000 0.9843 0.8274
v -0.653560 -0.592728 0.377333 1.0000 0.9843 0.8274
v -0.604399 -0.535962 0.348950 1.0000 0.9843 0.8274
v -0.537244 -0.515184 0.310178 1.0000 0.9843 0.8274
v -0.470088 -0.535962 0.271405 1.0000 0.9843 0.8274
v -0.420927 -0.592728 0.243022 1.0000 0.9843 0.8274
v -0.402933 -0.670273 0.232633 1.0000 0.9843 0.8274
v -0.420927 -0.747817 0.243022 1.0000 0.9843 0.8274
v -0.470088 -0.804583 0.271405 1.0000 0.9843 0.8274
v -0.537244 -0.825361 0.310178 1.0000 0.9843 0.8274
v -0.604399 -0.804583 0.348950 1.0000 0.9843 0.8274
v -0.653560 -0.747817 0.377333 1.0000 0.9843 0.8274
v -0.615201 -0.670273 0.472061 1.0000 0.9843 0.8274
v -0.598717 -0.592728 0.459412 1.0000 0.9843 0.8274
v -0.553681 -0.535962 0.424855 1.0000 0.9843 0.8274
v -0.492161 -0.515184 0.377649 1.0000 0.9843 0.8274
v -0.430641 -0.535962 0.330442 1.0000 0.9843 0.8274
v -0.385605 -0.592728 0.295885 1.0000 0.9843 0.8274
v -0.369121 -0.670273 0.283236 1.0000 0.9843 0.8274
v -0.385605 -0.747817 0.295885 1.0000 0.9843 0.8274
v -0.430641 -0.804583 0.330442 1.0000 0.9843 0.8274
v -0.492161 -0.825361 0.377649 1.0000 0.9843 0.8274
v -0.553681 -0.804583 0.424855 1.0000 0.9843 0.8274
v -0.598717 -0.747817 0.459412 1.0000 0.9843 0.8274
v -0.548322 -0.670273 0.548322 1.0000 0.9843 0.8274
v -0.533630 -0.592728 0.533630 1.0000 0.9843 0.8274
v -0.493490 -0.535962 0.493490 1.0000 0.9843 0.8274
v -0.438658 -0.515184 0.438657 1.0000 0.9843 0.8274
v -0.383825 -0.535962 0.383825 1.0000 0.9843 0.8274
v -0.343686 -0.592728 0.343685 1.0000 0.9843 0.8274
v -0.328993 -0.670273 0.328993 1.0000 0.9843 0.8274
v -0.343686 -0.747817 0.343685 1.0000 0.9843 0.8274
v -0.383825 -0.804583 0.383825 1.0000 0.9843 0.8274
v -0.438658 -0.825361 0.438657 1.0000 0.9843 0.8274
v -0.493490 -0.804583 0.493490 1.0000 0.9843 0.8274
v -0.533630 -0.747817 0.533630 1.0000 0.9843 0.8274
v -0.472061 -0.670273 0.615201 1.0000 0.9843 0.8274
v -0.459412 -0.592728 0.598717 1.0000 0.9843 0.8274
v -0.424855 -0.535962 0.553681 1.0000 0.9843 0.8274
v -0.377649 -0.515184 0.492161 1.0000 0.9843 0.8274
v -0.330443 -0.535962 0.430641 1.0000 0.9843 0.8274
v -0.295885 -0.592728 0.385605 1.0000 0.9843 0.8274
v -0.283237 -0.670273 0.369121 1.0000 0.9843 0.8274
v -0.295885 -0.747817 0.385605 1.0000 0.9843 0.8274
v -0.330443 -0.804583 0.430641 1.0000 0.9843 0.8274
v -0.377649 -0.825361 0.492161 1.0000 0.9843 0.8274
v -0.424855 -0.804583 0.553681 1.0000 0.9843 0.8274
v -0.459412 -0.747817 0.598717 1.0000 0.9843 0.8274
v -0.387722 -0.670273 0.671555 1.0000 0.9843 0.8274
v -0.377333 -0.592728 0.653560 1.0000 0.9843 0.8274
v -0.348950 -0.535962 0.604399 1.0000 0.9843 0.8274
v -0.310178 -0.515184 0.537244 1.0000 0.9843 0.8274
v -0.271405 -0.535962 0.470088 1.0000 0.9843 0.8274
v -0.243022 -0.592728 0.420927 1.0000 0.9843 0.8274
v -0.232633 -0.670273 0.402933 1.0000 0.9843 0.8274
v -0.243022 -0.747817 0.420927 1.0000 0.9843 0.8274
v -0.271405 -0.804583 0.470088 1.0000 0.9843 0.8274
v -0.310178 -0.825361 0.537244 1.0000 0.9843 0.8274
v -0.348950 -0.804583 0.604399 1.0000 0.9843 0.8274
v -0.377333 -0.747817 0.653560 1.0000 0.9843 0.8274
v -0.296750 -0.670273 0.716417 1.0000 0.9843 0.8274
v -0.288798 -0.592728 0.697221 1.0000 0.9843 0.8274
v -0.267075 -0.535962 0.644776 1.0000 0.9843 0.8274
v -0.237400 -0.515184 0.573134 1.0000 0.9843 0.8274
v -0.207725 -0.535962 0.501492 1.0000 0.9843 0.8274
v -0.186001 -0.592728 0.449047 1.0000 0.9843 0.8274
v -0.178050 -0.670273 0.429850 1.0000 0.9843 0.8274
v -0.186001 -0.747817 0.449047 1.0000 0.9843 0.8274
v -0.207725 -0.804583 0.501492 1.0000 0.9843 0.8274
v -0.237400 -0.825361 0.573134 1.0000 0.9843 0.8274
v -0.267075 -0.804583 0.644776 1.0000 0.9843 0.8313
v -0.288798 -0.747817 0.697221 1.0000 0.9843 0.8274
v -0.200700 -0.670273 0.749022 1.0000 0.9843 0.8274
v -0.195322 -0.592728 0.728952 1.0000 0.9843 0.8274
v -0.180630 -0.535962 0.674120 1.0000 0.9843 0.8274
v -0.160560 -0.515184 0.599217 1.0000 0.9843 0.8274
v -0.140490 -0.535962 0.524315 1.0000 0.9843 0.8274
v -0.125798 -0.592728 0.469483 1.0000 0.9843 0.8274
v -0.120420 -0.670273 0.449413 1.0000 0.9843 0.8274
v -0.125798 -0.747817 0.469483 1.0000 0.9843 0.8274
v -0.140490 -0.804583 0.524315 1.0000 0.9843 0.8274
v -0.160560 -0.825361 0.599217 1.0000 0.9843 0.8274
v -0.180630 -0.804583 0.674120 1.0000 0.9843 0.8313
v -0.195322 -0.747817 0.728952 1.0000 0.9843 0.8313
v -0.101216 -0.670273 0.768810 1.0000 0.9843 0.8274
v -0.098504 -0.592728 0.748210 1.0000 0.9843 0.8274
v -0.091095 -0.535962 0.691929 1.0000 0.9843 0.8274
v -0.080973 -0.515184 0.615048 1.0000 0.9843 0.8274
v -0.070851 -0.535962 0.538167 1.0000 0.9843 0.8274
v -0.063442 -0.592728 0.481886 1.0000 0.9843 0.8274
v -0.060730 -0.670273 0.461286 1.0000 0.9843 0.8274
v -0.063442 -0.747817 0.481886 1.0000 0.9843 0.8274
v -0.070851 -0.804583 0.538167 1.0000 0.9843 0.8274
v -0.080973 -0.825361 0.615048 1.0000 0.9843 0.8313
v -0.091095 -0.804583 0.691929 1.0000 0.9843 0.8313
v -0.098504 -0.747817 0.748210 1.0000 0.9843 0.8313
v 0.000000 -0.670273 0.775444 1.0000 0.9843 0.8274
v 0.000000 -0.592728 0.754666 1.0000 0.9843 0.8274
v 0.000000 -0.535962 0.697900 1.0000 0.9843 0.8274
v 0.000000 -0.515184 0.620355 1.0000 0.9843 0.8274
v 0.000000 -0.535962 0.542811 1.0000 0.9843 0.8274
v 0.000000 -0.592728 0.486045 1.0000 0.9843 0.8274
v 0.000000 -0.670273 0.465267 1.0000 0.9843 0.8274
v 0.000000 -0.747817 0.486045 1.0000 0.9843 0.8274
v 0.000000 -0.804583 0.542811 1.0000 0.9843 0.8274
v 0.000000 -0.825361 0.620355 1.0000 0.9843 0.8313
v 0.000000 -0.804583 0.697900 1.0000 0.9843 0.8313
v 0.000000 -0.747817 0.754666 1.0000 0.9843 0.8313
v 0.101216 -0.670273 0.768810 1.0000 0.9843 0.8274
v 0.098504 -0.592728 0.748210 1.0000 0.9843 0.8274
v 0.091094 -0.535962 0.691929 1.0000 0.9843 0.8274
v 0.080973 -0.515184 0.615048 1.0000 0.9843 0.8274
v 0.070851 -0.535962 0.538167 1.0000 0.9843 0.8274
v 0.063441 -0.592728 0.481886 1.0000 0.9843 0.8274
v 0.060729 -0.670273 0.461286 1.0000 0.9843 0.8274
v 0.063441 -0.747817 0.481886 1.0000 0.9843 0.8274
v 0.070851 -0.804583 0.538167 1.0000 0.9843 0.8274
v 0.080973 -0.825361 0.615048 1.0000 0.9843 0.8313
v 0.091094 -0.804583 0.691929 1.0000 0.9843 0.8353
v 0.098504 -0.747817 0.748210 1.0000 0.9843 0.8313
v 0.200699 -0.670273 0.749022 1.0000 0.9843 0.8313
v 0.195322 -0.592728 0.728952 1.0000 0.9843 0.8274
v 0.180629 -0.535962 0.674120 1.0000 0.9843 0.8274
v 0.160560 -0.515184 0.599217 1.0000 0.9843 0.8274
v 0.140490 -0.535962 0.524315 1.0000 0.9843 0.8274
v 0.125797 -0.592728 0.469483 1.0000 0.9843 0.8274
v 0.120420 -0.670273 0.449413 1.0000 0.9843 0.8274
v 0.125797 -0.747817 0.469483 1.0000 0.9843 0.8274
v 0.140490 -0.804583 0.524315 1.0000 0.9843 0.8274
v 0.160560 -0.825361 0.599217 1.0000 0.9843 0.8313
v 0.180629 -0.804583 0.674120 1.0000 0.9843 0.8353
v 0.195322 -0.747817 0.728952 1.0000 0.9843 0.8353
v 0.296750 -0.670273 0.716417 1.0000 0.9843 0.8313
v 0.288799 -0.592728 0.697221 1.0000 0.9843 0.8274
v 0.267075 -0.535962 0.644775 1.0000 0.9843 0.8274
v 0.237400 -0.515184 0.573134 1.0000 0.9843 0.8274
v 0.207725 -0.535962 0.501492 1.0000 0.9843 0.8274
v 0.186001 -0.592728 0.449047 1.0000 0.9843 0.8274
v 0.178050 -0.670273 0.429850 1.0000 0.9843 0.8274
v 0.186001 -0.747817 0.449047 1.0000 0.9843 0.8274
v 0.207725 -0.804583 0.501492 1.0000 0.9843 0.8274
v 0.237400 -0.825361 0.573134 1.0000 0.9843 0.8313
v 0.267075 -0.804583 0.644775 1.0000 0.9843 0.8353
v 0.288799 -0.747817 0.697221 1.0000 0.9843 0.8353
v 0.387722 -0.670273 0.671555 1.0000 0.9843 0.8313
v 0.377333 -0.592728 0.653560 1.0000 0.9843 0.8274
v 0.348950 -0.535962 0.604399 1.0000 0.9843 0.8274
v 0.310178 -0.515184 0.537244 1.0000 0.9843 0.8274
v 0.271406 -0.535962 0.470088 1.0000 0.9843 0.8274
v 0.243022 -0.592728 0.420927 1.0000 0.9843 0.8274
v 0.232633 -0.670273 0.402933 1.0000 0.9843 0.8274
v 0.243022 -0.747817 0.420927 1.0000 0.9843 0.8274
v 0.271406 -0.804583 0.470088 1.0000 0.9843 0.8274
v 0.310178 -0.825361 0.537244 1.0000 0.9843 0.8313
v 0.348950 -0.804583 0.604399 1.0000 0.9843 0.8353
v 0.377333 -0.747817 0.653560 1.0000 0.9843 0.8353
v 0.472060 -0.670273 0.615202 1.0000 0.9843 0.8313
v 0.459412 -0.592728 0.598717 1.0000 0.9843 0.8274
v 0.424854 -0.535962 0.553681 1.0000 0.9843 0.8274
v 0.377648 -0.515184 0.492161 1.0000 0.9843 0.8274
v 0.330442 -0.535962 0.430641 1.0000 0.9843 0.8274
v 0.295885 -0.592728 0.385605 1.0000 0.9843 0.8274
v 0.283236 -0.670273 0.369121 1.0000 0.9843 0.8274
v 0.295885 -0.747817 0.385605 1.0000 0.9843 0.8274
v 0.330442 -0.804583 0.430641 1.0000 0.9843 0.8274
v 0.377648 -0.825361 0.492161 1.0000 0.9843 0.8313
v 0.424854 -0.804583 0.553681 1.0000 0.9843 0.8353
v 0.459412 -0.747817 0.598717 1.0000 0.9843 0.8353
v 0.548322 -0.670273 0.548322 1.0000 0.9843 0.8313
v 0.533629 -0.592728 0.533630 1.0000 0.9843 0.8274
v 0.493490 -0.535962 0.493490 1.0000 0.9843 0.8274
v 0.438657 -0.515184 0.438658 1.0000 0.9843 0.8274
v 0.383825 -0.535962 0.383826 1.0000 0.9843 0.8274
v 0.343685 -0.592728 0.343686 1.0000 0.9843 0.8274
v 0.328993 -0.670273 0.328993 1.0000 0.9843 0.8274
v 0.343685 -0.747817 0.343686 1.0000 0.9843 0.8274
v 0.383825 -0.804583 0.383826 1.0000 0.9843 0.8274
v 0.438657 -0.825361 0.438658 1.0000 0.9843 0.8353
v 0.493490 -0.804583 0.493490 1.0000 0.9843 0.8353
v 0.533629 -0.747817 0.533630 1.0000 0.9843 0.8353
v 0.615202 -0.670273 0.472061 1.0000 0.9843 0.8313
v 0.598717 -0.592728 0.459412 1.0000 0.9843 0.8274
v 0.553681 -0.535962 0.424855 1.0000 0.9843 0.8274
v 0.492161 -0.515184 0.377648 1.0000 0.9843 0.8274
v 0.430641 -0.535962 0.330442 1.0000 0.9843 0.8274
v 0.385605 -0.592728 0.295885 1.0000 0.9843 0.8274
v 0.369121 -0.670273 0.283236 1.0000 0.9843 0.8274
v 0.385605 -0.747817 0.295885 1.0000 0.9843 0.8274
v 0.430641 -0.804583 0.330442 1.0000 0.9843 0.8274
v 0.492161 -0.825361 0.377648 1.0000 0.9843 0.8353
v 0.553681 -0.804583 0.424855 1.0000 0.9843 0.8353
v 0.598717 -0.747817 0.459412 1.0000 0.9843 0.8353
v 0.671555 -0.670273 0.387722 1.0000 0.9843 0.8313
v 0.653560 -0.592728 0.377333 1.0000 0.9843 0.8274
v 0.604399 -0.535962 0.348950 1.0000 0.9843 0.8274
v 0.537244 -0.515184 0.310178 1.0000 0.9843 0.8274
v 0.470088 -0.535962 0.271406 1.0000 0.9843 0.8274
v 0.420927 -0.592728 0.243022 1.0000 0.9843 0.8274
v 0.402933 -0.670273 0.232633 1.0000 0.9843 0.8274
v 0.420927 -0.747817 0.243022 1.0000 0.9843 0.8274
v 0.470088 -0.804583 0.271406 1.0000 0.9843 0.8274
v 0.537244 -0.825361 0.310178 1.0000 0.9843 0.8353
v 0.604399 -0.804583 0.348950 1.0000 0.9843 0.8353
v 0.653560 -0.747817 0.377333 1.0000 0.9843 0.8353
v 0.716417 -0.670273 0.296750 1.0000 0.9843 0.8313
v 0.697221 -0.592728 0.288799 1.0000 0.9843 0.8274
v 0.644775 -0.535962 0.267075 1.0000 0.9843 0.8274
v 0.573134 -0.515184 0.237400 1.0000 0.9843 0.8274
v 0.501492 -0.535962 0.207725 1.0000 0.9843 0.8274
v 0.449047 -0.592728 0.186001 1.0000 0.9843 0.8274
v 0.429850 -0.670273 0.178050 1.0000 0.9843 0.8274
v 0.449047 -0.747817 0.186001 1.0000 0.9843 0.8274
v 0.501492 -0.804583 0.207725 1.0000 0.9843 0.8274
v 0.573134 -0.825361 0.237400 1.0000 0.9843 0.8313
v 0.644775 -0.804583 0.267075 1.0000 0.9843 0.8353
v 0.697221 -0.747817 0.288799 1.0000 0.9843 0.8353
v 0.749022 -0.670273 0.200700 1.0000 0.9843 0.8313
v 0.728952 -0.592728 0.195322 1.0000 0.9843 0.8274
v 0.674120 -0.535962 0.180630 1.0000 0.9843 0.8274
v 0.599217 -0.515184 0.160560 1.0000 0.9843 0.8274
v 0.524315 -0.535962 0.140490 1.0000 0.9843 0.8274
v 0.469483 -0.592728 0.125797 1.0000 0.9843 0.8274
v 0.449413 -0.670273 0.120420 1.0000 0.9843 0.8274
v 0.469483 -0.747817 0.125797 1.0000 0.9843 0.8274
v 0.524315 -0.804583 0.140490 1.0000 0.9843 0.8274
v 0.599217 -0.825361 0.160560 1.0000 0.9843 0.8313
v 0.674120 -0.804583 0.180630 1.0000 0.9843 0.8353
v 0.728952 -0.747817 0.195322 1.0000 0.9843 0.8353
v 0.768810 -0.670273 0.101216 1.0000 0.9843 0.8313
v 0.748210 -0.592728 0.098504 1.0000 0.9843 0.8274
v 0.691929 -0.535962 0.091094 1.0000 0.9843 0.8274
v 0.615048 -0.515184 0.080973 1.0000 0.9843 0.8274
v 0.538167 -0.535962 0.070851 1.0000 0.9843 0.8274
v 0.481886 -0.592728 0.063442 1.0000 0.9843 0.8274
v 0.461286 -0.670273 0.060729 1.0000 0.9843 0.8274
v 0.481886 -0.747817 0.063442 1.0000 0.9843 0.8274
v 0.538167 -0.804583 0.070851 1.0000 0.9843 0.8274
v 0.615048 -0.825361 0.080973 1.0000 0.9843 0.8313
v 0.691929 -0.804583 0.091094 1.0000 0.9843 0.8353
v 0.748210 -0.747817 0.098504 1.0000 0.9843 0.8353
v 1.146626 -0.004923 0.000000 1.0000 0.9843 0.8274
v 1.115903 0.109740 0.000000 1.0000 0.9843 0.8274
v 1.031964 0.193679 0.000000 1.0000 0.9843 0.8274
v 0.917301 0.224403 0.000000 1.0000 0.9843 0.8274
v 0.802638 0.193679 0.000000 1.0000 0.9843 0.8274
v 0.718700 0.109740 0.000000 1.0000 0.9843 0.8274
v 0.687976 -0.004923 0.000000 1.0000 0.9843 0.8274
v 0.718700 -0.119585 0.000000 1.0000 0.9843 0.8274
v 0.802638 -0.203524 0.000000 1.0000 0.9843 0.8274
v 0.917301 -0.234248 0.000000 1.0000 0.9843 0.8274
v 1.031964 -0.203524 0.000000 1.0000 0.9843 0.8274
v 1.115903 -0.119585 0.000000 1.0000 0.9843 0.8274
v 1.136817 -0.004923 -0.149665 1.0000 0.9843 0.8274
v 1.106356 0.109740 -0.145654 1.0000 0.9843 0.8274
v 1.023135 0.193679 -0.134698 1.0000 0.9843 0.8274
v 0.909453 0.224403 -0.119732 1.0000 0.9843 0.8274
v 0.795772 0.193679 -0.104765 1.0000 0.9843 0.8274
v 0.712551 0.109740 -0.093809 1.0000 0.9843 0.8274
v 0.682090 -0.004923 -0.089799 1.0000 0.9843 0.8274
v 0.712551 -0.119585 -0.093809 1.0000 0.9843 0.8274
v 0.795772 -0.203524 -0.104765 1.0000 0.9843 0.8274
v 0.909453 -0.234248 -0.119732 1.0000 0.9843 0.8274
v 1.023135 -0.203524 -0.134698 1.0000 0.9843 0.8274
v 1.106356 -0.119585 -0.145654 1.0000 0.9843 0.8274
v 1.107556 -0.004923 -0.296769 1.0000 0.9843 0.8274
v 1.077879 0.109740 -0.288817 1.0000 0.9843 0.8274
v 0.996800 0.193679 -0.267092 1.0000 0.9843 0.8274
v 0.886045 0.224403 -0.237415 1.0000 0.9843 0.8274
v 0.775289 0.193679 -0.207738 1.0000 0.9843 0.8274
v 0.694210 0.109740 -0.186013 1.0000 0.9843 0.8274
v 0.664534 -0.004923 -0.178061 1.0000 0.9843 0.8274
v 0.694210 -0.119585 -0.186013 1.0000 0.9843 0.8274
v 0.775289 -0.203524 -0.207738 1.0000 0.9843 0.8274
v 0.886045 -0.234248 -0.237415 1.0000 0.9843 0.8274
v 0.996800 -0.203524 -0.267092 1.0000 0.9843 0.8274
v 1.077879 -0.119585 -0.288817 1.0000 0.9843 0.8274
v 1.059345 -0.004923 -0.438795 1.0000 0.9843 0.8274
v 1.030960 0.109740 -0.427037 1.0000 0.9843 0.8274
v 0.953410 0.193679 -0.394915 1.0000 0.9843 0.8274
v 0.847476 0.224403 -0.351036 1.0000 0.9843 0.8274
v 0.741541 0.193679 -0.307156 1.0000 0.9843 0.8274
v 0.663992 0.109740 -0.275034 1.0000 0.9843 0.8274
v 0.635607 -0.004923 -0.263277 1.0000 0.9843 0.8274
v 0.663992 -0.119585 -0.275034 1.0000 0.9843 0.8274
v 0.741541 -0.203524 -0.307156 1.0000 0.9843 0.8274
v 0.847476 -0.234248 -0.351036 1.0000 0.9843 0.8274
v 0.953410 -0.203524 -0.394915 1.0000 0.9843 0.8274
v 1.030960 -0.119585 -0.427037 1.0000 0.9843 0.8274
v 0.993007 -0.004923 -0.573313 1.0000 0.9843 0.8274
v 0.966400 0.109740 -0.557951 1.0000 0.9843 0.8274
v 0.893707 0.193679 -0.515982 1.0000 0.9843 0.8274
v 0.794406 0.224403 -0.458651 1.0000 0.9843 0.8274
v 0.695105 0.193679 -0.401319 1.0000 0.9843 0.8274
v 0.622412 0.109740 -0.359350 1.0000 0.9843 0.8274
v 0.595804 -0.004923 -0.343988 1.0000 0.9843 0.8274
v 0.622412 -0.119585 -0.359350 1.0000 0.9843 0.8274
v 0.695105 -0.203524 -0.401319 1.0000 0.9843 0.8274
v 0.794406 -0.234248 -0.458651 1.0000 0.9843 0.8274
v 0.893707 -0.203524 -0.515982 1.0000 0.9843 0.8274
v 0.966400 -0.119585 -0.557951 1.0000 0.9843 0.8274
v 0.909680 -0.004923 -0.698022 1.0000 0.9843 0.8274
v 0.885305 0.109740 -0.679318 1.0000 0.9843 0.8274
v 0.818712 0.193679 -0.628220 1.0000 0.9843 0.8274
v 0.727744 0.224403 -0.558417 1.0000 0.9843 0.8274
v 0.636776 0.193679 -0.488615 1.0000 0.9843 0.8274
v 0.570183 0.109740 -0.437516 1.0000 0.9843 0.8274
v 0.545808 -0.004923 -0.418813 1.0000 0.9843 0.8274
v 0.570183 -0.119585 -0.437516 1.0000 0.9843 0.8274
v 0.636776 -0.203524 -0.488615 1.0000 0.9843 0.8274
v 0.727744 -0.234248 -0.558417 1.0000 0.9843 0.8274
v 0.818712 -0.203524 -0.628220 1.0000 0.9843 0.8274
v 0.885305 -0.119585 -0.679318 1.0000 0.9843 0.8274
v 0.810787 -0.004923 -0.810787 1.0000 0.9843 0.8274
v 0.789062 0.109740 -0.789062 1.0000 0.9843 0.8274
v 0.729708 0.193679 -0.729708 1.0000 0.9843 0.8274
v 0.648630 0.224403 -0.648630 1.0000 0.9843 0.8274
v 0.567551 0.193679 -0.567551 1.0000 0.9843 0.8274
v 0.508197 0.109740 -0.508197 1.0000 0.9843 0.8274
v 0.486472 -0.004923 -0.486472 1.0000 0.9843 0.8274
v 0.508197 -0.119585 -0.508197 1.0000 0.9843 0.8274
v 0.567551 -0.203524 -0.567551 1.0000 0.9843 0.8274
v 0.648630 -0.234248 -0.648630 1.0000 0.9843 0.8274
v 0.729708 -0.203524 -0.729708 1.0000 0.9843 0.8274
v 0.789062 -0.119585 -0.789062 1.0000 0.9843 0.8274
v 0.698022 -0.004923 -0.909680 1.0000 0.9843 0.8274
v 0.679319 0.109740 -0.885305 1.0000 0.9843 0.8274
v 0.628220 0.193679 -0.818712 1.0000 0.9843 0.8274
v 0.558418 0.224403 -0.727744 1.0000 0.9843 0.8274
v 0.488615 0.193679 -0.636776 1.0000 0.9843 0.8274
v 0.437517 0.109740 -0.570183 1.0000 0.9843 0.8274
v 0.418813 -0.004923 -0.545808 1.0000 0.9843 0.8274
v 0.437517 -0.119585 -0.570183 1.0000 0.9843 0.8274
v 0.488615 -0.203524 -0.636776 1.0000 0.9843 0.8274
v 0.558418 -0.234248 -0.727744 1.0000 0.9843 0.8274
v 0.628220 -0.203524 -0.818712 1.0000 0.9843 0.8274
v 0.679319 -0.119585 -0.885305 1.0000 0.9843 0.8274
v 0.573313 -0.004923 -0.993008 1.0000 0.9843 0.8274
v 0.557951 0.109740 -0.966400 1.0000 0.9843 0.8274
v 0.515982 0.193679 -0.893707 1.0000 0.9843 0.8274
v 0.458650 0.224403 -0.794406 1.0000 0.9843 0.8274
v 0.401319 0.193679 -0.695105 1.0000 0.9843 0.8274
v 0.359350 0.109740 -0.622412 1.0000 0.9843 0.8274
v 0.343988 -0.004923 -0.595805 1.0000 0.9843 0.8274
v 0.359350 -0.119585 -0.622412 1.0000 0.9843 0.8274
v 0.401319 -0.203524 -0.695105 1.0000 0.9843 0.8274
v 0.458650 -0.234248 -0.794406 1.0000 0.9843 0.8274
v 0.515982 -0.203524 -0.893707 1.0000 0.9843 0.8274
v 0.557951 -0.119585 -0.966400 1.0000 0.9843 0.8274
v 0.438795 -0.004923 -1.059344 1.0000 0.9843 0.8274
v 0.427038 0.109740 -1.030959 1.0000 0.9843 0.8274
v 0.394916 0.193679 -0.953410 1.0000 0.9843 0.8274
v 0.351036 0.224403 -0.847476 1.0000 0.9843 0.8274
v 0.307157 0.193679 -0.741541 1.0000 0.9843 0.8274
v 0.275035 0.109740 -0.663992 1.0000 0.9843 0.8274
v 0.263277 -0.004923 -0.635607 1.0000 0.9843 0.8274
v 0.275035 -0.119585 -0.663992 1.0000 0.9843 0.8274
v 0.307157 -0.203524 -0.741541 1.0000 0.9843 0.8274
v 0.351036 -0.234248 -0.847476 1.0000 0.9843 0.8274
v 0.394916 -0.203524 -0.953410 1.0000 0.9843 0.8274
v 0.427038 -0.119585 -1.030959 1.0000 0.9843 0.8274
v 0.296769 -0.004923 -1.107556 1.0000 0.9843 0.8274
v 0.288817 0.109740 -1.077879 1.0000 0.9843 0.8274
v 0.267092 0.193679 -0.996800 1.0000 0.9843 0.8274
v 0.237415 0.224403 -0.886045 1.0000 0.9843 0.8274
v 0.207738 0.193679 -0.775289 1.0000 0.9843 0.8274
v 0.186013 0.109740 -0.694210 1.0000 0.9843 0.8274
v 0.178061 -0.004923 -0.664534 1.0000 0.9843 0.8274
v 0.186013 -0.119585 -0.694210 1.0000 0.9843 0.8274
v 0.207738 -0.203524 -0.775289 1.0000 0.9843 0.8274
v 0.237415 -0.234248 -0.886045 1.0000 0.9843 0.8274
v 0.267092 -0.203524 -0.996800 1.0000 0.9843 0.8274
v 0.288817 -0.119585 -1.077879 1.0000 0.9843 0.8274
v 0.149665 -0.004923 -1.136817 1.0000 0.9843 0.8274
v 0.145654 0.109740 -1.106356 1.0000 0.9843 0.8274
v 0.134698 0.193679 -1.023135 1.0000 0.9843 0.8274
v 0.119732 0.224403 -0.909453 1.0000 0.9843 0.8274
v 0.104765 0.193679 -0.795772 1.0000 0.9843 0.8274
v 0.093809 0.109740 -0.712551 1.0000 0.9843 0.8274
v 0.089799 -0.004923 -0.682090 1.0000 0.9843 0.8274
v 0.093809 -0.119585 -0.712551 1.0000 0.9843 0.8274
v 0.104765 -0.203524 -0.795772 1.0000 0.9843 0.8274
v 0.119732 -0.234248 -0.909453 1.0000 0.9843 0.8274
v 0.134698 -0.203524 -1.023135 1.0000 0.9843 0.8274
v 0.145654 -0.119585 -1.106356 1.0000 0.9843 0.8274
v 0.000000 -0.004923 -1.146626 1.0000 0.9843 0.8274
v 0.000000 0.109740 -1.115903 1.0000 0.9843 0.8274
v 0.000000 0.193679 -1.031964 1.0000 0.9843 0.8274
v 0.000000 0.224403 -0.917301 1.0000 0.9843 0.8274
v 0.000000 0.193679 -0.802638 1.0000 0.9843 0.8274
v 0.000000 0.109740 -0.718700 1.0000 0.9843 0.8274
v 0.000000 -0.004923 -0.687976 1.0000 0.9843 0.8274
v 0.000000 -0.119585 -0.718700 1.0000 0.9843 0.8274
v 0.000000 -0.203524 -0.802638 1.0000 0.9843 0.8274
v 0.000000 -0.234248 -0.917301 1.0000 0.9843 0.8274
v 0.000000 -0.203524 -1.031964 1.0000 0.9843 0.8274
v 0.000000 -0.119585 -1.115903 1.0000 0.9843 0.8274
v -0.149665 -0.004923 -1.136817 1.0000 0.9843 0.8274
v -0.145655 0.109740 -1.106356 1.0000 0.9843 0.8274
v -0.134698 0.193679 -1.023135 1.0000 0.9843 0.8274
v -0.119732 0.224403 -0.909453 1.0000 0.9843 0.8274
v -0.104765 0.193679 -0.795772 1.0000 0.9843 0.8274
v -0.093809 0.109740 -0.712551 1.0000 0.9843 0.8274
v -0.089799 -0.004923 -0.682090 1.0000 0.9843 0.8274
v -0.093809 -0.119585 -0.712551 1.0000 0.9843 0.8274
v -0.104765 -0.203524 -0.795772 1.0000 0.9843 0.8274
v -0.119732 -0.234248 -0.909453 1.0000 0.9843 0.8274
v -0.134698 -0.203524 -1.023135 1.0000 0.9843 0.8274
v -0.145655 -0.119585 -1.106356 1.0000 0.9843 0.8274
v -0.296769 -0.004923 -1.107556 1.0000 0.9843 0.8274
v -0.288817 0.109740 -1.077879 1.0000 0.9843 0.8274
v -0.267092 0.193679 -0.996800 1.0000 0.9843 0.8274
v -0.237415 0.224403 -0.886045 1.0000 0.9843 0.8274
v -0.207738 0.193679 -0.775289 1.0000 0.9843 0.8274
v -0.186013 0.109740 -0.694210 1.0000 0.9843 0.8274
v -0.178061 -0.004923 -0.664534 1.0000 0.9843 0.8274
v -0.186013 -0.119585 -0.694210 1.0000 0.9843 0.8274
v -0.207738 -0.203524 -0.775289 1.0000 0.9843 0.8274
v -0.237415 -0.234248 -0.886045 1.0000 0.9843 0.8274
v -0.267092 -0.203524 -0.996800 1.0000 0.9843 0.8274
v -0.288817 -0.119585 -1.077879 1.0000 0.9843 0.8274
v -0.438795 -0.004923 -1.059345 1.0000 0.9843 0.8274
v -0.427038 0.109740 -1.030959 1.0000 0.9843 0.8274
v -0.394915 0.193679 -0.953410 1.0000 0.9843 0.8274
v -0.351036 0.224403 -0.847476 1.0000 0.9843 0.8274
v -0.307156 0.193679 -0.741541 1.0000 0.9843 0.8274
v -0.275034 0.109740 -0.663992 1.0000 0.9843 0.8274
v -0.263277 -0.004923 -0.635607 1.0000 0.9843 0.8274
v -0.275034 -0.119585 -0.663992 1.0000 0.9843 0.8274
v -0.307156 -0.203524 -0.741541 1.0000 0.9843 0.8274
v -0.351036 -0.234248 -0.847476 1.0000 0.9843 0.8274
v -0.394915 -0.203524 -0.953410 1.0000 0.9843 0.8274
v -0.427038 -0.119585 -1.030959 1.0000 0.9843 0.8274
v -0.573313 -0.004923 -0.993008 1.0000 0.9843 0.8274
v -0.557951 0.109740 -0.966400 1.0000 0.9843 0.8274
v -0.515982 0.193679 -0.893707 1.0000 0.9843 0.8274
v -0.458650 0.224403 -0.794406 1.0000 0.9843 0.8274
v -0.401319 0.193679 -0.695105 1.0000 0.9843 0.8274
v -0.359350 0.109740 -0.622412 1.0000 0.9843 0.8274
v -0.343988 -0.004923 -0.595805 1.0000 0.9843 0.8274
v -0.359350 -0.119585 -0.622412 1.0000 0.9843 0.8274
v -0.401319 -0.203524 -0.695105 1.0000 0.9843 0.8274
v -0.458650 -0.234248 -0.794406 1.0000 0.9843 0.8274
v -0.515982 -0.203524 -0.893707 1.0000 0.9843 0.8274
v -0.557951 -0.119585 -0.966400 1.0000 0.9843 0.8274
v -0.698022 -0.004923 -0.909680 1.0000 0.9843 0.8274
v -0.679318 0.109740 -0.885305 1.0000 0.9843 0.8274
v -0.628220 0.193679 -0.818712 1.0000 0.9843 0.8274
v -0.558417 0.224403 -0.727744 1.0000 0.9843 0.8274
v -0.488615 0.193679 -0.636776 1.0000 0.9843 0.8274
v -0.437517 0.109740 -0.570183 1.0000 0.9843 0.8274
v -0.418813 -0.004923 -0.545808 1.0000 0.9843 0.8274
v -0.437517 -0.119585 -0.570183 1.0000 0.9843 0.8274
v -0.488615 -0.203524 -0.636776 1.0000 0.9843 0.8274
v -0.558417 -0.234248 -0.727744 1.0000 0.9843 0.8274
v -0.628220 -0.203524 -0.818712 1.0000 0.9843 0.8274
v -0.679318 -0.119585 -0.885305 1.0000 0.9843 0.8274
v -0.810787 -0.004923 -0.810787 1.0000 0.9843 0.8274
v -0.789062 0.109740 -0.789062 1.0000 0.9843 0.8274
v -0.729709 0.193679 -0.729708 1.0000 0.9843 0.8274
v -0.648630 0.224403 -0.648630 1.0000 0.9843 0.8274
v -0.567551 0.193679 -0.567551 1.0000 0.9843 0.8274
v -0.508197 0.109740 -0.508197 1.0000 0.9843 0.8274
v -0.486472 -0.004923 -0.486472 1.0000 0.9843 0.8274
v -0.508197 -0.119585 -0.508197 1.0000 0.9843 0.8274
v -0.567551 -0.203524 -0.567551 1.0000 0.9843 0.8274
v -0.648630 -0.234248 -0.648630 1.0000 0.9843 0.8274
v -0.729709 -0.203524 -0.729708 1.0000 0.9843 0.8274
v -0.789062 -0.119585 -0.789062 1.0000 0.9843 0.8274
v -0.909680 -0.004923 -0.698022 1.0000 0.9843 0.8274
v -0.885305 0.109740 -0.679318 1.0000 0.9843 0.8274
v -0.818712 0.193679 -0.628220 1.0000 0.9843 0.8274
v -0.727744 0.224403 -0.558417 1.0000 0.9843 0.8274
v -0.636776 0.193679 -0.488615 1.0000 0.9843 0.8274
v -0.570183 0.109740 -0.437517 1.0000 0.9843 0.8274
v -0.545808 -0.004923 -0.418813 1.0000 0.9843 0.8274
v -0.570183 -0.119585 -0.437517 1.0000 0.9843 0.8274
v -0.636776 -0.203524 -0.488615 1.0000 0.9843 0.8274
v -0.727744 -0.234248 -0.558417 1.0000 0.9843 0.8274
v -0.818712 -0.203524 -0.628220 1.0000 0.9843 0.8274
v -0.885305 -0.119585 -0.679318 1.0000 0.9843 0.8274
v -0.993007 -0.004923 -0.573313 1.0000 0.9843 0.8274
v -0.966400 0.109740 -0.557952 1.0000 0.9843 0.8274
v -0.893707 0.193679 -0.515982 1.0000 0.9843 0.8274
v -0.794406 0.224403 -0.458651 1.0000 0.9843 0.8274
v -0.695105 0.193679 -0.401319 1.0000 0.9843 0.8274
v -0.622412 0.109740 -0.359350 1.0000 0.9843 0.8274
v -0.595804 -0.004923 -0.343988 1.0000 0.9843 0.8274
v -0.622412 -0.119585 -0.359350 1.0000 0.9843 0.8274
v -0.695105 -0.203524 -0.401319 1.0000 0.9843 0.8274
v -0.794406 -0.234248 -0.458651 1.0000 0.9843 0.8274
v -0.893707 -0.203524 -0.515982 1.0000 0.9843 0.8274
v -0.966400 -0.119585 -0.557952 1.0000 0.9843 0.8274
v -1.059345 -0.004923 -0.438795 1.0000 0.9843 0.8274
v -1.030959 0.109740 -0.427037 1.0000 0.9843 0.8274
v -0.953410 0.193679 -0.394915 1.0000 0.9843 0.8274
v -0.847476 0.224403 -0.351036 1.0000 0.9843 0.8274
v -0.741541 0.193679 -0.307156 1.0000 0.9843 0.8274
v -0.663992 0.109740 -0.275034 1.0000 0.9843 0.8274
v -0.635607 -0.004923 -0.263277 1.0000 0.9843 0.8274
v -0.663992 -0.119585 -0.275034 1.0000 0.9843 0.8274
v -0.741541 -0.203524 -0.307156 1.0000 0.9843 0.8274
v -0.847476 -0.234248 -0.351036 1.0000 0.9843 0.8274
v -0.953410 -0.203524 -0.394915 1.0000 0.9843 0.8274
v -1.030959 -0.119585 -0.427037 1.0000 0.9843 0.8274
v -1.107556 -0.004923 -0.296769 1.0000 0.9843 0.8274
v -1.077879 0.109740 -0.288817 1.0000 0.9843 0.8274
v -0.996800 0.193679 -0.267092 1.0000 0.9843 0.8274
v -0.886045 0.224403 -0.237415 1.0000 0.9843 0.8274
v -0.775289 0.193679 -0.207738 1.0000 0.9843 0.8274
v -0.694210 0.109740 -0.186013 1.0000 0.9843 0.8274
v -0.664534 -0.004923 -0.178061 1.0000 0.9843 0.8274
v -0.694210 -0.119585 -0.186013 1.0000 0.9843 0.8274
v -0.775289 -0.203524 -0.207738 1.0000 0.9843 0.8274
v -0.886045 -0.234248 -0.237415 1.0000 0.9843 0.8274
v -0.996800 -0.203524 -0.267092 1.0000 0.9843 0.8274
v -1.077879 -0.119585 -0.288817 1.0000 0.9843 0.8274
v -1.136817 -0.004923 -0.149665 1.0000 0.9843 0.8274
v -1.106356 0.109740 -0.145655 1.0000 0.9843 0.8274
v -1.023135 0.193679 -0.134698 1.0000 0.9843 0.8274
v -0.909453 0.224403 -0.119732 1.0000 0.9843 0.8274
v -0.795772 0.193679 -0.104765 1.0000 0.9843 0.8274
v -0.712551 0.109740 -0.093809 1.0000 0.9843 0.8274
v -0.682090 -0.004923 -0.089799 1.0000 0.9843 0.8274
v -0.712551 -0.119585 -0.093809 1.0000 0.9843 0.8274
v -0.795772 -0.203524 -0.104765 1.0000 0.9843 0.8274
v -0.909453 -0.234248 -0.119732 1.0000 0.9843 0.8274
v -1.023135 -0.203524 -0.134698 1.0000 0.9843 0.8274
v -1.106356 -0.119585 -0.145655 1.0000 0.9843 0.8274
v -1.146626 -0.004923 -0.000000 1.0000 0.9843 0.8274
v -1.115903 0.109740 -0.000000 1.0000 0.9843 0.8274
v -1.031964 0.193679 -0.000000 1.0000 0.9843 0.8274
v -0.917301 0.224403 -0.000000 1.0000 0.9843 0.8274
v -0.802638 0.193679 -0.000000 1.0000 0.9843 0.8274
v -0.718700 0.109740 -0.000000 1.0000 0.9843 0.8274
v -0.687976 -0.004923 -0.000000 1.0000 0.9843 0.8274
v -0.718700 -0.119585 -0.000000 1.0000 0.9843 0.8274
v -0.802638 -0.203524 -0.000000 1.0000 0.9843 0.8274
v -0.917301 -0.234248 -0.000000 1.0000 0.9843 0.8274
v -1.031964 -0.203524 -0.000000 1.0000 0.9843 0.8274
v -1.115903 -0.119585 -0.000000 1.0000 0.9843 0.8274
v -1.136817 -0.004923 0.149665 1.0000 0.9843 0.8274
v -1.106356 0.109740 0.145655 1.0000 0.9843 0.8274
v -1.023135 0.193679 0.134698 1.0000 0.9843 0.8274
v -0.909453 0.224403 0.119732 1.0000 0.9843 0.8274
v -0.795772 0.193679 0.104765 1.0000 0.9843 0.8274
v -0.712551 0.109740 0.093809 1.0000 0.9843 0.8274
v -0.682090 -0.004923 0.089799 1.0000 0.9843 0.8274
v -0.712551 -0.119585 0.093809 1.0000 0.9843 0.8274
v -0.795772 -0.203524 0.104765 1.0000 0.9843 0.8274
v -0.909453 -0.234248 0.119732 1.0000 0.9843 0.8274
v -1.023135 -0.203524 0.134698 1.0000 0.9843 0.8274
v -1.106356 -0.119585 0.145655 1.0000 0.9843 0.8274
v -1.107556 -0.004923 0.296769 1.0000 0.9843 0.8274
v -1.077879 0.109740 0.288817 1.0000 0.9843 0.8274
v -0.996800 0.193679 0.267092 1.0000 0.9843 0.8274
v -0.886045 0.224403 0.237415 1.0000 0.9843 0.8274
v -0.775289 0.193679 0.207738 1.0000 0.9843 0.8274
v -0.694210 0.109740 0.186013 1.0000 0.9843 0.8274
v -0.664534 -0.004923 0.178061 1.0000 0.9843 0.8274
v -0.694210 -0.119585 0.186013 1.0000 0.9843 0.8274
v -0.775289 -0.203524 0.207738 1.0000 0.9843 0.8274
v -0.886045 -0.234248 0.237415 1.0000 0.9843 0.8274
v -0.996800 -0.203524 0.267092 1.0000 0.9843 0.8274
v -1.077879 -0.119585 0.288817 1.0000 0.9843 0.8274
v -1.059345 -0.004923 0.438794 1.0000 0.9843 0.8274
v -1.030960 0.109740 0.427037 1.0000 0.9843 0.8274
v -0.953410 0.193679 0.394915 1.0000 0.9843 0.8274
v -0.847476 0.224403 0.351036 1.0000 0.9843 0.8274
v -0.741541 0.193679 0.307156 1.0000 0.9843 0.8274
v -0.663992 0.109740 0.275034 1.0000 0.9843 0.8274
v -0.635607 -0.004923 0.263277 1.0000 0.9843 0.8274
v -0.663992 -0.119585 0.275034 1.0000 0.9843 0.8274
v -0.741541 -0.203524 0.307156 1.0000 0.9843 0.8274
v -0.847476 -0.234248 0.351036 1.0000 0.9843 0.8274
v -0.953410 -0.203524 0.394915 1.0000 0.9843 0.8274
v -1.030960 -0.119585 0.427037 1.0000 0.9843 0.8274
v -0.993008 -0.004923 0.573313 1.0000 0.9843 0.8274
v -0.966400 0.109740 0.557951 1.0000 0.9843 0.8274
v -0.893707 0.193679 0.515982 1.0000 0.9843 0.8274
v -0.794406 0.224403 0.458650 1.0000 0.9843 0.8274
v -0.695105 0.193679 0.401319 1.0000 0.9843 0.8274
v -0.622412 0.109740 0.359350 1.0000 0.9843 0.8274
v -0.595805 -0.004923 0.343988 1.0000 0.9843 0.8274
v -0.622412 -0.119585 0.359350 1.0000 0.9843 0.8274
v -0.695105 -0.203524 0.401319 1.0000 0.9843 0.8274
v -0.794406 -0.234248 0.458650 1.0000 0.9843 0.8274
v -0.893707 -0.203524 0.515982 1.0000 0.9843 0.8274
v -0.966400 -0.119585 0.557951 1.0000 0.9843 0.8274
v -0.909680 -0.004923 0.698022 1.0000 0.9843 0.8274
v -0.885305 0.109740 0.679318 1.0000 0.9843 0.8274
v -0.818712 0.193679 0.628220 1.0000 0.9843 0.8274
v -0.727744 0.224403 0.558417 1.0000 0.9843 0.8274
v -0.636776 0.193679 0.488615 1.0000 0.9843 0.8274
v -0.570183 0.109740 0.437517 1.0000 0.9843 0.8274
v -0.545808 -0.004923 0.418813 1.0000 0.9843 0.8274
v -0.570183 -0.119585 0.437517 1.0000 0.9843 0.8274
v -0.636776 -0.203524 0.488615 1.0000 0.9843 0.8274
v -0.727744 -0.234248 0.558417 1.0000 0.9843 0.8274
v -0.818712 -0.203524 0.628220 1.0000 0.9843 0.8274
v -0.885305 -0.119585 0.679318 1.0000 0.9843 0.8274
v -0.810787 -0.004923 0.810787 1.0000 0.9843 0.8274
v -0.789062 0.109740 0.789062 1.0000 0.9843 0.8274
v -0.729709 0.193679 0.729708 1.0000 0.9843 0.8274
v -0.648630 0.224403 0.648630 1.0000 0.9843 0.8274
v -0.567551 0.193679 0.567551 1.0000 0.9843 0.8274
v -0.508197 0.109740 0.508197 1.0000 0.9843 0.8274
v -0.486472 -0.004923 0.486472 1.0000 0.9843 0.8274
v -0.508197 -0.119585 0.508197 1.0000 0.9843 0.8274
v -0.567551 -0.203524 0.567551 1.0000 0.9843 0.8274
v -0.648630 -0.234248 0.648630 1.0000 0.9843 0.8274
v -0.729709 -0.203524 0.729708 1.0000 0.9843 0.8274
v -0.789062 -0.119585 0.789062 1.0000 0.9843 0.8274
v -0.698022 -0.004923 0.909679 1.0000 0.9843 0.8274
v -0.679319 0.109740 0.885305 1.0000 0.9843 0.8274
v -0.628220 0.193679 0.818711 1.0000 0.9843 0.8274
v -0.558418 0.224403 0.727744 1.0000 0.9843 0.8274
v -0.488616 0.193679 0.636776 1.0000 0.9843 0.8274
v -0.437517 0.109740 0.570182 1.0000 0.9843 0.8274
v -0.418813 -0.004923 0.545808 1.0000 0.9843 0.8274
v -0.437517 -0.119585 0.570182 1.0000 0.9843 0.8274
v -0.488616 -0.203524 0.636776 1.0000 0.9843 0.8274
v -0.558418 -0.234248 0.727744 1.0000 0.9843 0.8274
v -0.628220 -0.203524 0.818711 1.0000 0.9843 0.8274
v -0.679319 -0.119585 0.885305 1.0000 0.9843 0.8274
v -0.573313 -0.004923 0.993008 1.0000 0.9843 0.8274
v -0.557951 0.109740 0.966400 1.0000 0.9843 0.8274
v -0.515982 0.193679 0.893707 1.0000 0.9843 0.8274
v -0.458650 0.224403 0.794406 1.0000 0.9843 0.8274
v -0.401319 0.193679 0.695105 1.0000 0.9843 0.8274
v -0.359350 0.109740 0.622412 1.0000 0.9843 0.8274
v -0.343988 -0.004923 0.595805 1.0000 0.9843 0.8274
v -0.359350 -0.119585 0.622412 1.0000 0.9843 0.8274
v -0.401319 -0.203524 0.695105 1.0000 0.9843 0.8274
v -0.458650 -0.234248 0.794406 1.0000 0.9843 0.8274
v -0.515982 -0.203524 0.893707 1.0000 0.9843 0.8274
v -0.557951 -0.119585 0.966400 1.0000 0.9843 0.8274
v -0.438795 -0.004923 1.059345 1.0000 0.9843 0.8274
v -0.427038 0.109740 1.030959 1.0000 0.9843 0.8274
v -0.394915 0.193679 0.953410 1.0000 0.9843 0.8274
v -0.351036 0.224403 0.847476 1.0000 0.9843 0.8274
v -0.307156 0.193679 0.741541 1.0000 0.9843 0.8274
v -0.275034 0.109740 0.663992 1.0000 0.9843 0.8274
v -0.263277 -0.004923 0.635607 1.0000 0.9843 0.8274
v -0.275034 -0.119585 0.663992 1.0000 0.9843 0.8274
v -0.307156 -0.203524 0.741541 1.0000 0.9843 0.8274
v -0.351036 -0.234248 0.847476 1.0000 0.9843 0.8274
v -0.394915 -0.203524 0.953410 1.0000 0.9843 0.8274
v -0.427038 -0.119585 1.030959 1.0000 0.9843 0.8274
v -0.296769 -0.004923 1.107556 1.0000 0.9843 0.8274
v -0.288817 0.109740 1.077879 1.0000 0.9843 0.8274
v -0.267092 0.193679 0.996800 1.0000 0.9843 0.8274
v -0.237415 0.224403 0.886045 1.0000 0.9843 0.8274
v -0.207738 0.193679 0.775289 1.0000 0.9843 0.8274
v -0.186013 0.109740 0.694210 1.0000 0.9843 0.8274
v -0.178061 -0.004923 0.664534 1.0000 0.9843 0.8274
v -0.186013 -0.119585 0.694210 1.0000 0.9843 0.8274
v -0.207738 -0.203524 0.775289 1.0000 0.9843 0.8274
v -0.237415 -0.234248 0.886045 1.0000 0.9843 0.8274
v -0.267092 -0.203524 0.996800 1.0000 0.9843 0.8274
v -0.288817 -0.119585 1.077879 1.0000 0.9843 0.8274
v -0.149665 -0.004923 1.136817 1.0000 0.9843 0.8274
v -0.145655 0.109740 1.106356 1.0000 0.9843 0.8274
v -0.134699 0.193679 1.023135 1.0000 0.9843 0.8274
v -0.119732 0.224403 0.909453 1.0000 0.9843 0.8274
v -0.104766 0.193679 0.795772 1.0000 0.9843 0.8274
v -0.093810 0.109740 0.712551 1.0000 0.9843 0.8274
v -0.089799 -0.004923 0.682090 1.0000 0.9843 0.8274
v -0.093810 -0.119585 0.712551 1.0000 0.9843 0.8274
v -0.104766 -0.203524 0.795772 1.0000 0.9843 0.8274
v -0.119732 -0.234248 0.909453 1.0000 0.9843 0.8274
v -0.134699 -0.203524 1.023135 1.0000 0.9843 0.8274
v -0.145655 -0.119585 1.106356 1.0000 0.9843 0.8274
v 0.000000 -0.004923 1.146626 1.0000 0.9843 0.8274
v 0.000000 0.109740 1.115903 1.0000 0.9843 0.8274
v 0.000000 0.193679 1.031964 1.0000 0.9843 0.8274
v 0.000000 0.224403 0.917301 1.0000 0.9843 0.8274
v 0.000000 0.193679 0.802638 1.0000 0.9843 0.8274
v 0.000000 0.109740 0.718700 1.0000 0.9843 0.8274
v 0.000000 -0.004923 0.687976 1.0000 0.9843 0.8274
v 0.000000 -0.119585 0.718700 1.0000 0.9843 0.8274
v 0.000000 -0.203524 0.802638 1.0000 0.9843 0.8274
v 0.000000 -0.234248 0.917301 1.0000 0.9843 0.8274
v 0.000000 -0.203524 1.031964 1.0000 0.9843 0.8274
v 0.000000 -0.119585 1.115903 1.0000 0.9843 0.8274
v 0.149665 -0.004923 1.136817 1.0000 0.9843 0.8274
v 0.145654 0.109740 1.106356 1.0000 0.9843 0.8274
v 0.134698 0.193679 1.023135 1.0000 0.9843 0.8274
v 0.119732 0.224403 0.909453 1.0000 0.9843 0.8274
v 0.104765 0.193679 0.795772 1.0000 0.9843 0.8274
v 0.093809 0.109740 0.712551 1.0000 0.9843 0.8274
v 0.089799 -0.004923 0.682090 1.0000 0.9843 0.8274
v 0.093809 -0.119585 0.712551 1.0000 0.9843 0.8274
v 0.104765 -0.203524 0.795772 1.0000 0.9843 0.8274
v 0.119732 -0.234248 0.909453 1.0000 0.9843 0.8274
v 0.134698 -0.203524 1.023135 1.0000 0.9843 0.8274
v 0.145654 -0.119585 1.106356 1.0000 0.9843 0.8274
v 0.296768 -0.004923 1.107556 1.0000 0.9843 0.8274
v 0.288816 0.109740 1.077879 1.0000 0.9843 0.8274
v 0.267091 0.193679 0.996800 1.0000 0.9843 0.8274
v 0.237415 0.224403 0.886045 1.0000 0.9843 0.8274
v 0.207738 0.193679 0.775289 1.0000 0.9843 0.8274
v 0.186013 0.109740 0.694211 1.0000 0.9843 0.8274
v 0.178061 -0.004923 0.664534 1.0000 0.9843 0.8274
v 0.186013 -0.119585 0.694211 1.0000 0.9843 0.8274
v 0.207738 -0.203524 0.775289 1.0000 0.9843 0.8274
v 0.237415 -0.234248 0.886045 1.0000 0.9843 0.8274
v 0.267091 -0.203524 0.996800 1.0000 0.9843 0.8274
v 0.288816 -0.119585 1.077879 1.0000 0.9843 0.8274
v 0.438795 -0.004923 1.059344 1.0000 0.9843 0.8274
v 0.427038 0.109740 1.030959 1.0000 0.9843 0.8274
v 0.394916 0.193679 0.953410 1.0000 0.9843 0.8274
v 0.351036 0.224403 0.847476 1.0000 0.9843 0.8274
v 0.307157 0.193679 0.741541 1.0000 0.9843 0.8274
v 0.275035 0.109740 0.663992 1.0000 0.9843 0.8274
v 0.263277 -0.004923 0.635607 1.0000 0.9843 0.8274
v 0.275035 -0.119585 0.663992 1.0000 0.9843 0.8274
v 0.307157 -0.203524 0.741541 1.0000 0.9843 0.8274
v 0.351036 -0.234248 0.847476 1.0000 0.9843 0.8274
v 0.394916 -0.203524 0.953410 1.0000 0.9843 0.8274
v 0.427038 -0.119585 1.030959 1.0000 0.9843 0.8274
v 0.573313 -0.004923 0.993008 1.0000 0.9843 0.8274
v 0.557951 0.109740 0.966400 1.0000 0.9843 0.8274
v 0.515982 0.193679 0.893707 1.0000 0.9843 0.8274
v 0.458650 0.224403 0.794406 1.0000 0.9843 0.8274
v 0.401319 0.193679 0.695105 1.0000 0.9843 0.8274
v 0.359350 0.109740 0.622412 1.0000 0.9843 0.8274
v 0.343988 -0.004923 0.595805 1.0000 0.9843 0.8274
v 0.359350 -0.119585 0.622412 1.0000 0.9843 0.8274
v 0.401319 -0.203524 0.695105 1.0000 0.9843 0.8274
v 0.458650 -0.234248 0.794406 1.0000 0.9843 0.8274
v 0.515982 -0.203524 0.893707 1.0000 0.9843 0.8274
v 0.557951 -0.119585 0.966400 1.0000 0.9843 0.8274
v 0.698022 -0.004923 0.909680 1.0000 0.9843 0.8274
v 0.679318 0.109740 0.885305 1.0000 0.9843 0.8274
v 0.628219 0.193679 0.818712 1.0000 0.9843 0.8274
v 0.558417 0.224403 0.727744 1.0000 0.9843 0.8274
v 0.488615 0.193679 0.636776 1.0000 0.9843 0.8274
v 0.437516 0.109740 0.570183 1.0000 0.9843 0.8274
v 0.418813 -0.004923 0.545808 1.0000 0.9843 0.8274
v 0.437516 -0.119585 0.570183 1.0000 0.9843 0.8274
v 0.488615 -0.203524 0.636776 1.0000 0.9843 0.8274
v 0.558417 -0.234248 0.727744 1.0000 0.9843 0.8274
v 0.628219 -0.203524 0.818712 1.0000 0.9843 0.8274
v 0.679318 -0.119585 0.885305 1.0000 0.9843 0.8274
v 0.810787 -0.004923 0.810788 1.0000 0.9843 0.8274
v 0.789062 0.109740 0.789063 1.0000 0.9843 0.8274
v 0.729708 0.193679 0.729709 1.0000 0.9843 0.8274
v 0.648629 0.224403 0.648630 1.0000 0.9843 0.8274
v 0.567551 0.193679 0.567551 1.0000 0.9843 0.8274
v 0.508197 0.109740 0.508198 1.0000 0.9843 0.8274
v 0.486472 -0.004923 0.486473 1.0000 0.9843 0.8274
v 0.508197 -0.119585 0.508198 1.0000 0.9843 0.8274
v 0.567551 -0.203524 0.567551 1.0000 0.9843 0.8274
v 0.648629 -0.234248 0.648630 1.0000 0.9843 0.8274
v 0.729708 -0.203524 0.729709 1.0000 0.9843 0.8274
v 0.789062 -0.119585 0.789063 1.0000 0.9843 0.8274
v 0.909680 -0.004923 0.698022 1.0000 0.9843 0.8274
v 0.885305 0.109740 0.679318 1.0000 0.9843 0.8274
v 0.818712 0.193679 0.628220 1.0000 0.9843 0.8274
v 0.727744 0.224403 0.558417 1.0000 0.9843 0.8274
v 0.636776 0.193679 0.488615 1.0000 0.9843 0.8274
v 0.570183 0.109740 0.437516 1.0000 0.9843 0.8274
v 0.545808 -0.004923 0.418813 1.0000 0.9843 0.8274
v 0.570183 -0.119585 0.437516 1.0000 0.9843 0.8274
v 0.636776 -0.203524 0.488615 1.0000 0.9843 0.8274
v 0.727744 -0.234248 0.558417 1.0000 0.9843 0.8274
v 0.818712 -0.203524 0.628220 1.0000 0.9843 0.8274
v 0.885305 -0.119585 0.679318 1.0000 0.9843 0.8274
v 0.993007 -0.004923 0.573313 1.0000 0.9843 0.8274
v 0.966400 0.109740 0.557951 1.0000 0.9843 0.8274
v 0.893707 0.193679 0.515982 1.0000 0.9843 0.8274
v 0.794406 0.224403 0.458651 1.0000 0.9843 0.8274
v 0.695105 0.193679 0.401319 1.0000 0.9843 0.8274
v 0.622412 0.109740 0.359350 1.0000 0.9843 0.8274
v 0.595804 -0.004923 0.343988 1.0000 0.9843 0.8274
v 0.622412 -0.119585 0.359350 1.0000 0.9843 0.8274
v 0.695105 -0.203524 0.401319 1.0000 0.9843 0.8274
v 0.794406 -0.234248 0.458651 1.0000 0.9843 0.8274
v 0.893707 -0.203524 0.515982 1.0000 0.9843 0.8274
v 0.966400 -0.119585 0.557951 1.0000 0.9843 0.8274
v 1.059344 -0.004923 0.438795 1.0000 0.9843 0.8274
v 1.030959 0.109740 0.427038 1.0000 0.9843 0.8274
v 0.953410 0.193679 0.394916 1.0000 0.9843 0.8274
v 0.847476 0.224403 0.351036 1.0000 0.9843 0.8274
v 0.741541 0.193679 0.307157 1.0000 0.9843 0.8274
v 0.663992 0.109740 0.275035 1.0000 0.9843 0.8274
v 0.635607 -0.004923 0.263277 1.0000 0.9843 0.8274
v 0.663992 -0.119585 0.275035 1.0000 0.9843 0.8274
v 0.741541 -0.203524 0.307157 1.0000 0.9843 0.8274
v 0.847476 -0.234248 0.351036 1.0000 0.9843 0.8274
v 0.953410 -0.203524 0.394916 1.0000 0.9843 0.8274
v 1.030959 -0.119585 0.427038 1.0000 0.9843 0.8274
v 1.107556 -0.004923 0.296768 1.0000 0.9843 0.8274
v 1.077879 0.109740 0.288817 1.0000 0.9843 0.8274
v 0.996800 0.193679 0.267092 1.0000 0.9843 0.8274
v 0.886045 0.224403 0.237415 1.0000 0.9843 0.8274
v 0.775289 0.193679 0.207738 1.0000 0.9843 0.8274
v 0.694210 0.109740 0.186013 1.0000 0.9843 0.8274
v 0.664534 -0.004923 0.178061 1.0000 0.9843 0.8274
v 0.694210 -0.119585 0.186013 1.0000 0.9843 0.8274
v 0.775289 -0.203524 0.207738 1.0000 0.9843 0.8274
v 0.886045 -0.234248 0.237415 1.0000 0.9843 0.8274
v 0.996800 -0.203524 0.267092 1.0000 0.9843 0.8274
v 1.077879 -0.119585 0.288817 1.0000 0.9843 0.8274
v 1.136817 -0.004923 0.149665 1.0000 0.9843 0.8274
v 1.106356 0.109740 0.145654 1.0000 0.9843 0.8274
v 1.023135 0.193679 0.134698 1.0000 0.9843 0.8274
v 0.909453 0.224403 0.119732 1.0000 0.9843 0.8274
v 0.795772 0.193679 0.104765 1.0000 0.9843 0.8274
v 0.712551 0.109740 0.093809 1.0000 0.9843 0.8274
v 0.682090 -0.004923 0.089799 1.0000 0.9843 0.8274
v 0.712551 -0.119585 0.093809 1.0000 0.9843 0.8274
v 0.795772 -0.203524 0.104765 1.0000 0.9843 0.8274
v 0.909453 -0.234248 0.119732 1.0000 0.9843 0.8274
v 1.023135 -0.203524 0.134698 1.0000 0.9843 0.8274
v 1.106356 -0.119585 0.145654 1.0000 0.9843 0.8274
v 0.840645 0.624305 0.000000 1.0000 0.9843 0.8274
v 0.818120 0.708369 0.000000 1.0000 0.9843 0.8274
v 0.756580 0.769909 0.000000 1.0000 0.9843 0.8274
v 0.672516 0.792434 0.000000 1.0000 0.9843 0.8274
v 0.588451 0.769909 0.000000 1.0000 0.9843 0.8274
v 0.526912 0.708369 0.000000 1.0000 0.9843 0.8274
v 0.504387 0.624305 0.000000 1.0000 0.9843 0.8274
v 0.526912 0.540240 0.000000 1.0000 0.9843 0.8274
v 0.588451 0.478701 0.000000 1.0000 0.9843 0.8274
v 0.672516 0.456176 0.000000 1.0000 0.9843 0.8274
v 0.756580 0.478701 0.000000 1.0000 0.9843 0.8274
v 0.818120 0.540240 0.000000 1.0000 0.9843 0.8274
v 0.833453 0.624305 -0.109726 1.0000 0.9843 0.8274
v 0.811121 0.708369 -0.106786 1.0000 0.9843 0.8274
v 0.750108 0.769909 -0.098754 1.0000 0.9843 0.8274
v 0.666762 0.792434 -0.087781 1.0000 0.9843 0.8274
v 0.583417 0.769909 -0.076808 1.0000 0.9843 0.8274
v 0.522404 0.708369 -0.068776 1.0000 0.9843 0.8274
v 0.500072 0.624305 -0.065836 1.0000 0.9843 0.8274
v 0.522404 0.540240 -0.068776 1.0000 0.9843 0.8274
v 0.583417 0.478701 -0.076808 1.0000 0.9843 0.8274
v 0.666762 0.456176 -0.087781 1.0000 0.9843 0.8274
v 0.750108 0.478701 -0.098754 1.0000 0.9843 0.8274
v 0.811121 0.540240 -0.106786 1.0000 0.9843 0.8274
v 0.812001 0.624305 -0.217575 1.0000 0.9843 0.8274
v 0.790243 0.708369 -0.211745 1.0000 0.9843 0.8274
v 0.730801 0.769909 -0.195817 1.0000 0.9843 0.8274
v 0.649600 0.792434 -0.174060 1.0000 0.9843 0.8274
v 0.568400 0.769909 -0.152302 1.0000 0.9843 0.8274
v 0.508958 0.708369 -0.136375 1.0000 0.9843 0.8274
v 0.487200 0.624305 -0.130545 1.0000 0.9843 0.8274
v 0.508958 0.540240 -0.136375 1.0000 0.9843 0.8274
v 0.568400 0.478701 -0.152302 1.0000 0.9843 0.8274
v 0.649600 0.456176 -0.174060 1.0000 0.9843 0.8274
v 0.730801 0.478701 -0.195817 1.0000 0.9843 0.8274
v 0.790243 0.540240 -0.211745 1.0000 0.9843 0.8274
v 0.776655 0.624305 -0.321701 1.0000 0.9843 0.8274
v 0.755844 0.708369 -0.313081 1.0000 0.9843 0.8274
v 0.698989 0.769909 -0.289531 1.0000 0.9843 0.8274
v 0.621324 0.792434 -0.257361 1.0000 0.9843 0.8274
v 0.543658 0.769909 -0.225191 1.0000 0.9843 0.8274
v 0.486803 0.708369 -0.201640 1.0000 0.9843 0.8274
v 0.465993 0.624305 -0.193020 1.0000 0.9843 0.8274
v 0.486803 0.540240 -0.201640 1.0000 0.9843 0.8274
v 0.543658 0.478701 -0.225191 1.0000 0.9843 0.8274
v 0.621324 0.456176 -0.257361 1.0000 0.9843 0.8274
v 0.698989 0.478701 -0.289531 1.0000 0.9843 0.8274
v 0.755844 0.540240 -0.313081 1.0000 0.9843 0.8274
v 0.728020 0.624305 -0.420323 1.0000 0.9843 0.8274
v 0.708512 0.708369 -0.409060 1.0000 0.9843 0.8274
v 0.655218 0.769909 -0.378290 1.0000 0.9843 0.8274
v 0.582416 0.792434 -0.336258 1.0000 0.9843 0.8274
v 0.509614 0.769909 -0.294226 1.0000 0.9843 0.8274
v 0.456319 0.708369 -0.263456 1.0000 0.9843 0.8274
v 0.436812 0.624305 -0.252194 1.0000 0.9843 0.8274
v 0.456319 0.540240 -0.263456 1.0000 0.9843 0.8274
v 0.509614 0.478701 -0.294226 1.0000 0.9843 0.8274
v 0.582416 0.456176 -0.336258 1.0000 0.9843 0.8274
v 0.655218 0.478701 -0.378290 1.0000 0.9843 0.8274
v 0.708512 0.540240 -0.409060 1.0000 0.9843 0.8274
v 0.666929 0.624305 -0.511752 1.0000 0.9843 0.8274
v 0.649058 0.708369 -0.498040 1.0000 0.9843 0.8274
v 0.600236 0.769909 -0.460577 1.0000 0.9843 0.8274
v 0.533543 0.792434 -0.409402 1.0000 0.9843 0.8274
v 0.466850 0.769909 -0.358226 1.0000 0.9843 0.8274
v 0.418027 0.708369 -0.320764 1.0000 0.9843 0.8274
v 0.400157 0.624305 -0.307051 1.0000 0.9843 0.8274
v 0.418027 0.540240 -0.320764 1.0000 0.9843 0.8274
v 0.466850 0.478701 -0.358226 1.0000 0.9843 0.8274
v 0.533543 0.456176 -0.409402 1.0000 0.9843 0.8274
v 0.600236 0.478701 -0.460577 1.0000 0.9843 0.8274
v 0.649058 0.540240 -0.498040 1.0000 0.9843 0.8274
v 0.594426 0.624305 -0.594426 1.0000 0.9843 0.8274
v 0.578498 0.708369 -0.578498 1.0000 0.9843 0.8274
v 0.534983 0.769909 -0.534983 1.0000 0.9843 0.8274
v 0.475540 0.792434 -0.475541 1.0000 0.9843 0.8274
v 0.416098 0.769909 -0.416098 1.0000 0.9843 0.8274
v 0.372583 0.708369 -0.372583 1.0000 0.9843 0.8274
v 0.356655 0.624305 -0.356655 1.0000 0.9843 0.8274
v 0.372583 0.540240 -0.372583 1.0000 0.9843 0.8274
v 0.416098 0.478701 -0.416098 1.0000 0.9843 0.8274
v 0.475540 0.456176 -0.475541 1.0000 0.9843 0.8274
v 0.534983 0.478701 -0.534983 1.0000 0.9843 0.8274
v 0.578498 0.540240 -0.578498 1.0000 0.9843 0.8274
v 0.511752 0.624305 -0.666928 1.0000 0.9843 0.8274
v 0.498040 0.708369 -0.649058 1.0000 0.9843 0.8274
v 0.460577 0.769909 -0.600235 1.0000 0.9843 0.8274
v 0.409402 0.792434 -0.533543 1.0000 0.9843 0.8274
v 0.358227 0.769909 -0.466850 1.0000 0.9843 0.8274
v 0.320764 0.708369 -0.418027 1.0000 0.9843 0.8274
v 0.307051 0.624305 -0.400157 1.0000 0.9843 0.8274
v 0.320764 0.540240 -0.418027 1.0000 0.9843 0.8274
v 0.358227 0.478701 -0.466850 1.0000 0.9843 0.8274
v 0.409402 0.456176 -0.533543 1.0000 0.9843 0.8274
v 0.460577 0.478701 -0.600235 1.0000 0.9843 0.8274
v 0.498040 0.540240 -0.649058 1.0000 0.9843 0.8274
v 0.420322 0.624305 -0.728020 1.0000 0.9843 0.8274
v 0.409060 0.708369 -0.708513 1.0000 0.9843 0.8274
v 0.378290 0.769909 -0.655218 1.0000 0.9843 0.8274
v 0.336258 0.792434 -0.582416 1.0000 0.9843 0.8274
v 0.294226 0.769909 -0.509614 1.0000 0.9843 0.8274
v 0.263456 0.708369 -0.456319 1.0000 0.9843 0.8274
v 0.252193 0.624305 -0.436812 1.0000 0.9843 0.8274
v 0.263456 0.540240 -0.456319 1.0000 0.9843 0.8274
v 0.294226 0.478701 -0.509614 1.0000 0.9843 0.8274
v 0.336258 0.456176 -0.582416 1.0000 0.9843 0.8274
v 0.378290 0.478701 -0.655218 1.0000 0.9843 0.8274
v 0.409060 0.540240 -0.708513 1.0000 0.9843 0.8274
v 0.321701 0.624305 -0.776654 1.0000 0.9843 0.8274
v 0.313081 0.708369 -0.755844 1.0000 0.9843 0.8274
v 0.289531 0.769909 -0.698989 1.0000 0.9843 0.8274
v 0.257361 0.792434 -0.621324 1.0000 0.9843 0.8274
v 0.225191 0.769909 -0.543658 1.0000 0.9843 0.8274
v 0.201641 0.708369 -0.486803 1.0000 0.9843 0.8274
v 0.193021 0.624305 -0.465993 1.0000 0.9843 0.8274
v 0.201641 0.540240 -0.486803 1.0000 0.9843 0.8274
v 0.225191 0.478701 -0.543658 1.0000 0.9843 0.8274
v 0.257361 0.456176 -0.621324 1.0000 0.9843 0.8274
v 0.289531 0.478701 -0.698989 1.0000 0.9843 0.8274
v 0.313081 0.540240 -0.755844 1.0000 0.9843 0.8274
v 0.217575 0.624305 -0.812001 1.0000 0.9843 0.8274
v 0.211745 0.708369 -0.790243 1.0000 0.9843 0.8274
v 0.195817 0.769909 -0.730801 1.0000 0.9843 0.8274
v 0.174060 0.792434 -0.649600 1.0000 0.9843 0.8274
v 0.152302 0.769909 -0.568400 1.0000 0.9843 0.8274
v 0.136375 0.708369 -0.508958 1.0000 0.9843 0.8274
v 0.130545 0.624305 -0.487200 1.0000 0.9843 0.8274
v 0.136375 0.540240 -0.508958 1.0000 0.9843 0.8274
v 0.152302 0.478701 -0.568400 1.0000 0.9843 0.8274
v 0.174060 0.456176 -0.649600 1.0000 0.9843 0.8274
v 0.195817 0.478701 -0.730801 1.0000 0.9843 0.8274
v 0.211745 0.540240 -0.790243 1.0000 0.9843 0.8274
v 0.109726 0.624305 -0.833453 1.0000 0.9843 0.8274
v 0.106786 0.708369 -0.811121 1.0000 0.9843 0.8274
v 0.098753 0.769909 -0.750108 1.0000 0.9843 0.8274
v 0.087781 0.792434 -0.666762 1.0000 0.9843 0.8274
v 0.076808 0.769909 -0.583417 1.0000 0.9843 0.8274
v 0.068776 0.708369 -0.522404 1.0000 0.9843 0.8274
v 0.065836 0.624305 -0.500072 1.0000 0.9843 0.8274
v 0.068776 0.540240 -0.522404 1.0000 0.9843 0.8274
v 0.076808 0.478701 -0.583417 1.0000 0.9843 0.8274
v 0.087781 0.456176 -0.666762 1.0000 0.9843 0.8274
v 0.098753 0.478701 -0.750108 1.0000 0.9843 0.8274
v 0.106786 0.540240 -0.811121 1.0000 0.9843 0.8274
v 0.000000 0.624305 -0.840645 1.0000 0.9843 0.8274
v 0.000000 0.708369 -0.818120 1.0000 0.9843 0.8274
v 0.000000 0.769909 -0.756580 1.0000 0.9843 0.8274
v 0.000000 0.792434 -0.672516 1.0000 0.9843 0.8274
v 0.000000 0.769909 -0.588451 1.0000 0.9843 0.8274
v 0.000000 0.708369 -0.526912 1.0000 0.9843 0.8274
v 0.000000 0.624305 -0.504387 1.0000 0.9843 0.8274
v 0.000000 0.540240 -0.526912 1.0000 0.9843 0.8274
v 0.000000 0.478701 -0.588451 1.0000 0.9843 0.8274
v 0.000000 0.456176 -0.672516 1.0000 0.9843 0.8274
v 0.000000 0.478701 -0.756580 1.0000 0.9843 0.8274
v 0.000000 0.540240 -0.818120 1.0000 0.9843 0.8274
v -0.109726 0.624305 -0.833453 1.0000 0.9843 0.8274
v -0.106786 0.708369 -0.811121 1.0000 0.9843 0.8274
v -0.098754 0.769909 -0.750108 1.0000 0.9843 0.8274
v -0.087781 0.792434 -0.666762 1.0000 0.9843 0.8274
v -0.076808 0.769909 -0.583417 1.0000 0.9843 0.8274
v -0.068776 0.708369 -0.522404 1.0000 0.9843 0.8274
v -0.065836 0.624305 -0.500072 1.0000 0.9843 0.8274
v -0.068776 0.540240 -0.522404 1.0000 0.9843 0.8274
v -0.076808 0.478701 -0.583417 1.0000 0.9843 0.8274
v -0.087781 0.456176 -0.666762 1.0000 0.9843 0.8274
v -0.098754 0.478701 -0.750108 1.0000 0.9843 0.8274
v -0.106786 0.540240 -0.811121 1.0000 0.9843 0.8274
v -0.217575 0.624305 -0.812001 1.0000 0.9843 0.8274
v -0.211745 0.708369 -0.790243 1.0000 0.9843 0.8274
v -0.195817 0.769909 -0.730801 1.0000 0.9843 0.8274
v -0.174060 0.792434 -0.649600 1.0000 0.9843 0.8274
v -0.152302 0.769909 -0.568400 1.0000 0.9843 0.8274
v -0.136375 0.708369 -0.508958 1.0000 0.9843 0.8274
v -0.130545 0.624305 -0.487200 1.0000 0.9843 0.8274
v -0.136375 0.540240 -0.508958 1.0000 0.9843 0.8274
v -0.152302 0.478701 -0.568400 1.0000 0.9843 0.8274
v -0.174060 0.456176 -0.649600 1.0000 0.9843 0.8274
v -0.195817 0.478701 -0.730801 1.0000 0.9843 0.8274
v -0.211745 0.540240 -0.790243 1.0000 0.9843 0.8274
v -0.321701 0.624305 -0.776655 1.0000 0.9843 0.8274
v -0.313081 0.708369 -0.755844 1.0000 0.9843 0.8274
v -0.289531 0.769909 -0.698989 1.0000 0.9843 0.8274
v -0.257361 0.792434 -0.621324 1.0000 0.9843 0.8274
v -0.225191 0.769909 -0.543658 1.0000 0.9843 0.8274
v -0.201641 0.708369 -0.486803 1.0000 0.9843 0.8274
v -0.193021 0.624305 -0.465993 1.0000 0.9843 0.8274
v -0.201641 0.540240 -0.486803 1.0000 0.9843 0.8274
v -0.225191 0.478701 -0.543658 1.0000 0.9843 0.8274
v -0.257361 0.456176 -0.621324 1.0000 0.9843 0.8274
v -0.289531 0.478701 -0.698989 1.0000 0.9843 0.8274
v -0.313081 0.540240 -0.755844 1.0000 0.9843 0.8274
v -0.420322 0.624305 -0.728020 1.0000 0.9843 0.8274
v -0.409060 0.708369 -0.708513 1.0000 0.9843 0.8274
v -0.378290 0.769909 -0.655218 1.0000 0.9843 0.8274
v -0.336258 0.792434 -0.582416 1.0000 0.9843 0.8274
v -0.294226 0.769909 -0.509614 1.0000 0.9843 0.8274
v -0.263456 0.708369 -0.456319 1.0000 0.9843 0.8274
v -0.252193 0.624305 -0.436812 1.0000 0.9843 0.8274
v -0.263456 0.540240 -0.456319 1.0000 0.9843 0.8274
v -0.294226 0.478701 -0.509614 1.0000 0.9843 0.8274
v -0.336258 0.456176 -0.582416 1.0000 0.9843 0.8274
v -0.378290 0.478701 -0.655218 1.0000 0.9843 0.8274
v -0.409060 0.540240 -0.708513 1.0000 0.9843 0.8274
v -0.511752 0.624305 -0.666928 1.0000 0.9843 0.8274
v -0.498040 0.708369 -0.649058 1.0000 0.9843 0.8274
v -0.460577 0.769909 -0.600236 1.0000 0.9843 0.8274
v -0.409402 0.792434 -0.533543 1.0000 0.9843 0.8274
v -0.358227 0.769909 -0.466850 1.0000 0.9843 0.8274
v -0.320764 0.708369 -0.418027 1.0000 0.9843 0.8274
v -0.307051 0.624305 -0.400157 1.0000 0.9843 0.8274
v -0.320764 0.540240 -0.418027 1.0000 0.9843 0.8274
v -0.358227 0.478701 -0.466850 1.0000 0.9843 0.8274
v -0.409402 0.456176 -0.533543 1.0000 0.9843 0.8274
v -0.460577 0.478701 -0.600236 1.0000 0.9843 0.8274
v -0.498040 0.540240 -0.649058 1.0000 0.9843 0.8274
v -0.594426 0.624305 -0.594425 1.0000 0.9843 0.8274
v -0.578498 0.708369 -0.578498 1.0000 0.9843 0.8274
v -0.534983 0.769909 -0.534983 1.0000 0.9843 0.8274
v -0.475541 0.792434 -0.475540 1.0000 0.9843 0.8274
v -0.416098 0.769909 -0.416098 1.0000 0.9843 0.8274
v -0.372583 0.708369 -0.372583 1.0000 0.9843 0.8274
v -0.356655 0.624305 -0.356655 1.0000 0.9843 0.8274
v -0.372583 0.540240 -0.372583 1.0000 0.9843 0.8274
v -0.416098 0.478701 -0.416098 1.0000 0.9843 0.8274
v -0.475541 0.456176 -0.475540 1.0000 0.9843 0.8274
v -0.534983 0.478701 -0.534983 1.0000 0.9843 0.8274
v -0.578498 0.540240 -0.578498 1.0000 0.9843 0.8274
v -0.666928 0.624305 -0.511752 1.0000 0.9843 0.8274
v -0.649058 0.708369 -0.498040 1.0000 0.9843 0.8274
v -0.600236 0.769909 -0.460577 1.0000 0.9843 0.8274
v -0.533543 0.792434 -0.409402 1.0000 0.9843 0.8274
v -0.466850 0.769909 -0.358227 1.0000 0.9843 0.8274
v -0.418027 0.708369 -0.320764 1.0000 0.9843 0.8274
v -0.400157 0.624305 -0.307051 1.0000 0.9843 0.8274
v -0.418027 0.540240 -0.320764 1.0000 0.9843 0.8274
v -0.466850 0.478701 -0.358227 1.0000 0.9843 0.8274
v -0.533543 0.456176 -0.409402 1.0000 0.9843 0.8274
v -0.600236 0.478701 -0.460577 1.0000 0.9843 0.8274
v -0.649058 0.540240 -0.498040 1.0000 0.9843 0.8274
v -0.728020 0.624305 -0.420323 1.0000 0.9843 0.8274
v -0.708512 0.708369 -0.409060 1.0000 0.9843 0.8274
v -0.655218 0.769909 -0.378290 1.0000 0.9843 0.8274
v -0.582416 0.792434 -0.336258 1.0000 0.9843 0.8274
v -0.509614 0.769909 -0.294226 1.0000 0.9843 0.8274
v -0.456319 0.708369 -0.263456 1.0000 0.9843 0.8274
v -0.436812 0.624305 -0.252194 1.0000 0.9843 0.8274
v -0.456319 0.540240 -0.263456 1.0000 0.9843 0.8274
v -0.509614 0.478701 -0.294226 1.0000 0.9843 0.8274
v -0.582416 0.456176 -0.336258 1.0000 0.9843 0.8274
v -0.655218 0.478701 -0.378290 1.0000 0.9843 0.8274
v -0.708512 0.540240 -0.409060 1.0000 0.9843 0.8274
v -0.776655 0.624305 -0.321701 1.0000 0.9843 0.8274
v -0.755844 0.708369 -0.313081 1.0000 0.9843 0.8274
v -0.698989 0.769909 -0.289531 1.0000 0.9843 0.8274
v -0.621324 0.792434 -0.257361 1.0000 0.9843 0.8274
v -0.543658 0.769909 -0.225191 1.0000 0.9843 0.8274
v -0.486803 0.708369 -0.201640 1.0000 0.9843 0.8274
v -0.465993 0.624305 -0.193021 1.0000 0.9843 0.8274
v -0.486803 0.540240 -0.201640 1.0000 0.9843 0.8274
v -0.543658 0.478701 -0.225191 1.0000 0.9843 0.8274
v -0.621324 0.456176 -0.257361 1.0000 0.9843 0.8274
v -0.698989 0.478701 -0.289531 1.0000 0.9843 0.8274
v -0.755844 0.540240 -0.313081 1.0000 0.9843 0.8274
v -0.812001 0.624305 -0.217575 1.0000 0.9843 0.8274
v -0.790243 0.708369 -0.211745 1.0000 0.9843 0.8274
v -0.730801 0.769909 -0.195817 1.0000 0.9843 0.8274
v -0.649600 0.792434 -0.174060 1.0000 0.9843 0.8274
v -0.568400 0.769909 -0.152302 1.0000 0.9843 0.8274
v -0.508958 0.708369 -0.136375 1.0000 0.9843 0.8274
v -0.487200 0.624305 -0.130545 1.0000 0.9843 0.8274
v -0.508958 0.540240 -0.136375 1.0000 0.9843 0.8274
v -0.568400 0.478701 -0.152302 1.0000 0.9843 0.8274
v -0.649600 0.456176 -0.174060 1.0000 0.9843 0.8274
v -0.730801 0.478701 -0.195817 1.0000 0.9843 0.8274
v -0.790243 0.540240 -0.211745 1.0000 0.9843 0.8274
v -0.833453 0.624305 -0.109726 1.0000 0.9843 0.8274
v -0.811121 0.708369 -0.106786 1.0000 0.9843 0.8274
v -0.750108 0.769909 -0.098754 1.0000 0.9843 0.8274
v -0.666762 0.792434 -0.087781 1.0000 0.9843 0.8274
v -0.583417 0.769909 -0.076808 1.0000 0.9843 0.8274
v -0.522404 0.708369 -0.068776 1.0000 0.9843 0.8274
v -0.500072 0.624305 -0.065836 1.0000 0.9843 0.8274
v -0.522404 0.540240 -0.068776 1.0000 0.9843 0.8274
v -0.583417 0.478701 -0.076808 1.0000 0.9843 0.8274
v -0.666762 0.456176 -0.087781 1.0000 0.9843 0.8274
v -0.750108 0.478701 -0.098754 1.0000 0.9843 0.8274
v -0.811121 0.540240 -0.106786 1.0000 0.9843 0.8274
v -0.840645 0.624305 -0.000000 1.0000 0.9843 0.8274
v -0.818120 0.708369 -0.000000 1.0000 0.9843 0.8274
v -0.756580 0.769909 -0.000000 1.0000 0.9843 0.8274
v -0.672516 0.792434 -0.000000 1.0000 0.9843 0.8274
v -0.588451 0.769909 -0.000000 1.0000 0.9843 0.8274
v -0.526912 0.708369 -0.000000 1.0000 0.9843 0.8274
v -0.504387 0.624305 -0.000000 1.0000 0.9843 0.8274
v -0.526912 0.540240 -0.000000 1.0000 0.9843 0.8274
v -0.588451 0.478701 -0.000000 1.0000 0.9843 0.8274
v -0.672516 0.456176 -0.000000 1.0000 0.9843 0.8274
v -0.756580 0.478701 -0.000000 1.0000 0.9843 0.8274
v -0.818120 0.540240 -0.000000 1.0000 0.9843 0.8274
v -0.833453 0.624305 0.109726 1.0000 0.9843 0.8274
v -0.811121 0.708369 0.106786 1.0000 0.9843 0.8274
v -0.750108 0.769909 0.098754 1.0000 0.9843 0.8274
v -0.666762 0.792434 0.087781 1.0000 0.9843 0.8274
v -0.583417 0.769909 0.076808 1.0000 0.9843 0.8274
v -0.522404 0.708369 0.068776 1.0000 0.9843 0.8274
v -0.500072 0.624305 0.065836 1.0000 0.9843 0.8274
v -0.522404 0.540240 0.068776 1.0000 0.9843 0.8274
v -0.583417 0.478701 0.076808 1.0000 0.9843 0.8274
v -0.666762 0.456176 0.087781 1.0000 0.9843 0.8274
v -0.750108 0.478701 0.098754 1.0000 0.9843 0.8274
v -0.811121 0.540240 0.106786 1.0000 0.9843 0.8274
v -0.812001 0.624305 0.217575 1.0000 0.9843 0.8274
v -0.790243 0.708369 0.211745 1.0000 0.9843 0.8274
v -0.730801 0.769909 0.195817 1.0000 0.9843 0.8274
v -0.649600 0.792434 0.174060 1.0000 0.9843 0.8274
v -0.568400 0.769909 0.152302 1.0000 0.9843 0.8274
v -0.508958 0.708369 0.136375 1.0000 0.9843 0.8274
v -0.487200 0.624305 0.130545 1.0000 0.9843 0.8274
v -0.508958 0.540240 0.136375 1.0000 0.9843 0.8274
v -0.568400 0.478701 0.152302 1.0000 0.9843 0.8274
v -0.649600 0.456176 0.174060 1.0000 0.9843 0.8274
v -0.730801 0.478701 0.195817 1.0000 0.9843 0.8274
v -0.790243 0.540240 0.211745 1.0000 0.9843 0.8274
v -0.776655 0.624305 0.321701 1.0000 0.9843 0.8274
v -0.755844 0.708369 0.313081 1.0000 0.9843 0.8274
v -0.698989 0.769909 0.289530 1.0000 0.9843 0.8274
v -0.621324 0.792434 0.257360 1.0000 0.9843 0.8274
v -0.543658 0.769909 0.225190 1.0000 0.9843 0.8274
v -0.486803 0.708369 0.201640 1.0000 0.9843 0.8274
v -0.465993 0.624305 0.193020 1.0000 0.9843 0.8274
v -0.486803 0.540240 0.201640 1.0000 0.9843 0.8274
v -0.543658 0.478701 0.225190 1.0000 0.9843 0.8274
v -0.621324 0.456176 0.257360 1.0000 0.9843 0.8274
v -0.698989 0.478701 0.289530 1.0000 0.9843 0.8274
v -0.755844 0.540240 0.313081 1.0000 0.9843 0.8274
v -0.728020 0.624305 0.420322 1.0000 0.9843 0.8274
v -0.708513 0.708369 0.409060 1.0000 0.9843 0.8274
v -0.655218 0.769909 0.378290 1.0000 0.9843 0.8274
v -0.582416 0.792434 0.336258 1.0000 0.9843 0.8274
v -0.509614 0.769909 0.294226 1.0000 0.9843 0.8274
v -0.456319 0.708369 0.263456 1.0000 0.9843 0.8274
v -0.436812 0.624305 0.252193 1.0000 0.9843 0.8274
v -0.456319 0.540240 0.263456 1.0000 0.9843 0.8274
v -0.509614 0.478701 0.294226 1.0000 0.9843 0.8274
v -0.582416 0.456176 0.336258 1.0000 0.9843 0.8274
v -0.655218 0.478701 0.378290 1.0000 0.9843 0.8274
v -0.708513 0.540240 0.409060 1.0000 0.9843 0.8274
v -0.666928 0.624305 0.511752 1.0000 0.9843 0.8274
v -0.649058 0.708369 0.498040 1.0000 0.9843 0.8274
v -0.600236 0.769909 0.460577 1.0000 0.9843 0.8274
v -0.533543 0.792434 0.409402 1.0000 0.9843 0.8274
v -0.466850 0.769909 0.358227 1.0000 0.9843 0.8274
v -0.418027 0.708369 0.320764 1.0000 0.9843 0.8274
v -0.400157 0.624305 0.307051 1.0000 0.9843 0.8274
v -0.418027 0.540240 0.320764 1.0000 0.9843 0.8274
v -0.466850 0.478701 0.358227 1.0000 0.9843 0.8274
v -0.533543 0.456176 0.409402 1.0000 0.9843 0.8274
v -0.600236 0.478701 0.460577 1.0000 0.9843 0.8274
v -0.649058 0.540240 0.498040 1.0000 0.9843 0.8274
v -0.594426 0.624305 0.594425 1.0000 0.9843 0.8274
v -0.578498 0.708369 0.578498 1.0000 0.9843 0.8274
v -0.534983 0.769909 0.534983 1.0000 0.9843 0.8274
v -0.475541 0.792434 0.475540 1.0000 0.9843 0.8274
v -0.416098 0.769909 0.416098 1.0000 0.9843 0.8274
v -0.372583 0.708369 0.372583 1.0000 0.9843 0.8274
v -0.356655 0.624305 0.356655 1.0000 0.9843 0.8274
v -0.372583 0.540240 0.372583 1.0000 0.9843 0.8274
v -0.416098 0.478701 0.416098 1.0000 0.9843 0.8274
v -0.475541 0.456176 0.475540 1.0000 0.9843 0.8274
v -0.534983 0.478701 0.534983 1.0000 0.9843 0.8274
v -0.578498 0.540240 0.578498 1.0000 0.9843 0.8274
v -0.511752 0.624305 0.666928 1.0000 0.9843 0.8274
v -0.498040 0.708369 0.649058 1.0000 0.9843 0.8274
v -0.460577 0.769909 0.600235 1.0000 0.9843 0.8274
v -0.409402 0.792434 0.533543 1.0000 0.9843 0.8274
v -0.358227 0.769909 0.466850 1.0000 0.9843 0.8274
v -0.320764 0.708369 0.418027 1.0000 0.9843 0.8274
v -0.307052 0.624305 0.400157 1.0000 0.9843 0.8274
v -0.320764 0.540240 0.418027 1.0000 0.9843 0.8274
v -0.358227 0.478701 0.466850 1.0000 0.9843 0.8274
v -0.409402 0.456176 0.533543 1.0000 0.9843 0.8274
v -0.460577 0.478701 0.600235 1.0000 0.9843 0.8274
v -0.498040 0.540240 0.649058 1.0000 0.9843 0.8274
v -0.420322 0.624305 0.728020 1.0000 0.9843 0.8274
v -0.409060 0.708369 0.708513 1.0000 0.9843 0.8274
v -0.378290 0.769909 0.655218 1.0000 0.9843 0.8274
v -0.336258 0.792434 0.582416 1.0000 0.9843 0.8274
v -0.294226 0.769909 0.509614 1.0000 0.9843 0.8274
v -0.263456 0.708369 0.456319 1.0000 0.9843 0.8274
v -0.252193 0.624305 0.436812 1.0000 0.9843 0.8274
v -0.263456 0.540240 0.456319 1.0000 0.9843 0.8274
v -0.294226 0.478701 0.509614 1.0000 0.9843 0.8274
v -0.336258 0.456176 0.582416 1.0000 0.9843 0.8274
v -0.378290 0.478701 0.655218 1.0000 0.9843 0.8274
v -0.409060 0.540240 0.708513 1.0000 0.9843 0.8274
v -0.321701 0.624305 0.776655 1.0000 0.9843 0.8274
v -0.313081 0.708369 0.755844 1.0000 0.9843 0.8274
v -0.289531 0.769909 0.698989 1.0000 0.9843 0.8274
v -0.257361 0.792434 0.621324 1.0000 0.9843 0.8274
v -0.225191 0.769909 0.543658 1.0000 0.9843 0.8274
v -0.201641 0.708369 0.486803 1.0000 0.9843 0.8274
v -0.193021 0.624305 0.465993 1.0000 0.9843 0.8274
v -0.201641 0.540240 0.486803 1.0000 0.9843 0.8274
v -0.225191 0.478701 0.543658 1.0000 0.9843 0.8274
v -0.257361 0.456176 0.621324 1.0000 0.9843 0.8274
v -0.289531 0.478701 0.698989 1.0000 0.9843 0.8274
v -0.313081 0.540240 0.755844 1.0000 0.9843 0.8274
v -0.217575 0.624305 0.812001 1.0000 0.9843 0.8274
v -0.211745 0.708369 0.790243 1.0000 0.9843 0.8274
v -0.195818 0.769909 0.730800 1.0000 0.9843 0.8274
v -0.174060 0.792434 0.649600 1.0000 0.9843 0.8274
v -0.152303 0.769909 0.568400 1.0000 0.9843 0.8274
v -0.136375 0.708369 0.508958 1.0000 0.9843 0.8274
v -0.130545 0.624305 0.487200 1.0000 0.9843 0.8274
v -0.136375 0.540240 0.508958 1.0000 0.9843 0.8274
v -0.152303 0.478701 0.568400 1.0000 0.9843 0.8274
v -0.174060 0.456176 0.649600 1.0000 0.9843 0.8274
v -0.195818 0.478701 0.730800 1.0000 0.9843 0.8274
v -0.211745 0.540240 0.790243 1.0000 0.9843 0.8274
v -0.109727 0.624305 0.833453 1.0000 0.9843 0.8274
v -0.106787 0.708369 0.811121 1.0000 0.9843 0.8274
v -0.098754 0.769909 0.750108 1.0000 0.9843 0.8274
v -0.087781 0.792434 0.666762 1.0000 0.9843 0.8274
v -0.076809 0.769909 0.583417 1.0000 0.9843 0.8274
v -0.068776 0.708369 0.522404 1.0000 0.9843 0.8274
v -0.065836 0.624305 0.500072 1.0000 0.9843 0.8274
v -0.068776 0.540240 0.522404 1.0000 0.9843 0.8274
v -0.076809 0.478701 0.583417 1.0000 0.9843 0.8274
v -0.087781 0.456176 0.666762 1.0000 0.9843 0.8274
v -0.098754 0.478701 0.750108 1.0000 0.9843 0.8274
v -0.106787 0.540240 0.811121 1.0000 0.9843 0.8274
v 0.000000 0.624305 0.840645 1.0000 0.9843 0.8274
v 0.000000 0.708369 0.818120 1.0000 0.9843 0.8274
v 0.000000 0.769909 0.756580 1.0000 0.9843 0.8274
v 0.000000 0.792434 0.672516 1.0000 0.9843 0.8274
v 0.000000 0.769909 0.588451 1.0000 0.9843 0.8274
v 0.000000 0.708369 0.526912 1.0000 0.9843 0.8274
v 0.000000 0.624305 0.504387 1.0000 0.9843 0.8274
v 0.000000 0.540240 0.526912 1.0000 0.9843 0.8274
v 0.000000 0.478701 0.588451 1.0000 0.9843 0.8274
v 0.000000 0.456176 0.672516 1.0000 0.9843 0.8274
v 0.000000 0.478701 0.756580 1.0000 0.9843 0.8274
v 0.000000 0.540240 0.818120 1.0000 0.9843 0.8274
v 0.109726 0.624305 0.833453 1.0000 0.9843 0.8274
v 0.106786 0.708369 0.811121 1.0000 0.9843 0.8274
v 0.098753 0.769909 0.750108 1.0000 0.9843 0.8274
v 0.087781 0.792434 0.666762 1.0000 0.9843 0.8274
v 0.076808 0.769909 0.583417 1.0000 0.9843 0.8274
v 0.068776 0.708369 0.522404 1.0000 0.9843 0.8274
v 0.065836 0.624305 0.500072 1.0000 0.9843 0.8274
v 0.068776 0.540240 0.522404 1.0000 0.9843 0.8274
v 0.076808 0.478701 0.583417 1.0000 0.9843 0.8274
v 0.087781 0.456176 0.666762 1.0000 0.9843 0.8274
v 0.098753 0.478701 0.750108 1.0000 0.9843 0.8274
v 0.106786 0.540240 0.811121 1.0000 0.9843 0.8274
v 0.217575 0.624305 0.812001 1.0000 0.9843 0.8274
v 0.211745 0.708369 0.790243 1.0000 0.9843 0.8274
v 0.195817 0.769909 0.730801 1.0000 0.9843 0.8274
v 0.174060 0.792434 0.649601 1.0000 0.9843 0.8274
v 0.152302 0.769909 0.568400 1.0000 0.9843 0.8274
v 0.136375 0.708369 0.508958 1.0000 0.9843 0.8274
v 0.130545 0.624305 0.487200 1.0000 0.9843 0.8274
v 0.136375 0.540240 0.508958 1.0000 0.9843 0.8274
v 0.152302 0.478701 0.568400 1.0000 0.9843 0.8274
v 0.174060 0.456176 0.649601 1.0000 0.9843 0.8274
v 0.195817 0.478701 0.730801 1.0000 0.9843 0.8274
v 0.211745 0.540240 0.790243 1.0000 0.9843 0.8274
v 0.321701 0.624305 0.776654 1.0000 0.9843 0.8274
v 0.313081 0.708369 0.755844 1.0000 0.9843 0.8274
v 0.289531 0.769909 0.698989 1.0000 0.9843 0.8274
v 0.257361 0.792434 0.621324 1.0000 0.9843 0.8274
v 0.225191 0.769909 0.543658 1.0000 0.9843 0.8274
v 0.201641 0.708369 0.486803 1.0000 0.9843 0.8274
v 0.193021 0.624305 0.465993 1.0000 0.9843 0.8274
v 0.201641 0.540240 0.486803 1.0000 0.9843 0.8274
v 0.225191 0.478701 0.543658 1.0000 0.9843 0.8274
v 0.257361 0.456176 0.621324 1.0000 0.9843 0.8274
v 0.289531 0.478701 0.698989 1.0000 0.9843 0.8274
v 0.313081 0.540240 0.755844 1.0000 0.9843 0.8274
v 0.420322 0.624305 0.728020 1.0000 0.9843 0.8274
v 0.409060 0.708369 0.708513 1.0000 0.9843 0.8274
v 0.378290 0.769909 0.655218 1.0000 0.9843 0.8274
v 0.336258 0.792434 0.582416 1.0000 0.9843 0.8274
v 0.294226 0.769909 0.509614 1.0000 0.9843 0.8274
v 0.263456 0.708369 0.456319 1.0000 0.9843 0.8274
v 0.252193 0.624305 0.436812 1.0000 0.9843 0.8274
v 0.263456 0.540240 0.456319 1.0000 0.9843 0.8274
v 0.294226 0.478701 0.509614 1.0000 0.9843 0.8274
v 0.336258 0.456176 0.582416 1.0000 0.9843 0.8274
v 0.378290 0.478701 0.655218 1.0000 0.9843 0.8274
v 0.409060 0.540240 0.708513 1.0000 0.9843 0.8274
v 0.511752 0.624305 0.666929 1.0000 0.9843 0.8274
v 0.498040 0.708369 0.649058 1.0000 0.9843 0.8274
v 0.460577 0.769909 0.600236 1.0000 0.9843 0.8274
v 0.409402 0.792434 0.533543 1.0000 0.9843 0.8274
v 0.358226 0.769909 0.466850 1.0000 0.9843 0.8274
v 0.320764 0.708369 0.418027 1.0000 0.9843 0.8274
v 0.307051 0.624305 0.400157 1.0000 0.9843 0.8274
v 0.320764 0.540240 0.418027 1.0000 0.9843 0.8274
v 0.358226 0.478701 0.466850 1.0000 0.9843 0.8274
v 0.409402 0.456176 0.533543 1.0000 0.9843 0.8274
v 0.460577 0.478701 0.600236 1.0000 0.9843 0.8274
v 0.498040 0.540240 0.649058 1.0000 0.9843 0.8274
v 0.594425 0.624305 0.594426 1.0000 0.9843 0.8274
v 0.578498 0.708369 0.578498 1.0000 0.9843 0.8274
v 0.534983 0.769909 0.534983 1.0000 0.9843 0.8274
v 0.475540 0.792434 0.475541 1.0000 0.9843 0.8274
v 0.416098 0.769909 0.416098 1.0000 0.9843 0.8274
v 0.372583 0.708369 0.372583 1.0000 0.9843 0.8274
v 0.356655 0.624305 0.356656 1.0000 0.9843 0.8274
v 0.372583 0.540240 0.372583 1.0000 0.9843 0.8274
v 0.416098 0.478701 0.416098 1.0000 0.9843 0.8274
v 0.475540 0.456176 0.475541 1.0000 0.9843 0.8274
v 0.534983 0.478701 0.534983 1.0000 0.9843 0.8274
v 0.578498 0.540240 0.578498 1.0000 0.9843 0.8274
v 0.666929 0.624305 0.511752 1.0000 0.9843 0.8274
v 0.649058 0.708369 0.498040 1.0000 0.9843 0.8274
v 0.600236 0.769909 0.460577 1.0000 0.9843 0.8274
v 0.533543 0.792434 0.409402 1.0000 0.9843 0.8274
v 0.466850 0.769909 0.358226 1.0000 0.9843 0.8274
v 0.418027 0.708369 0.320764 1.0000 0.9843 0.8274
v 0.400157 0.624305 0.307051 1.0000 0.9843 0.8274
v 0.418027 0.540240 0.320764 1.0000 0.9843 0.8274
v 0.466850 0.478701 0.358226 1.0000 0.9843 0.8274
v 0.533543 0.456176 0.409402 1.0000 0.9843 0.8274
v 0.600236 0.478701 0.460577 1.0000 0.9843 0.8274
v 0.649058 0.540240 0.498040 1.0000 0.9843 0.8274
v 0.728020 0.624305 0.420323 1.0000 0.9843 0.8274
v 0.708512 0.708369 0.409060 1.0000 0.9843 0.8274
v 0.655218 0.769909 0.378290 1.0000 0.9843 0.8274
v 0.582416 0.792434 0.336258 1.0000 0.9843 0.8274
v 0.509614 0.769909 0.294226 1.0000 0.9843 0.8274
v 0.456319 0.708369 0.263456 1.0000 0.9843 0.8274
v 0.436812 0.624305 0.252194 1.0000 0.9843 0.8274
v 0.456319 0.540240 0.263456 1.0000 0.9843 0.8274
v 0.509614 0.478701 0.294226 1.0000 0.9843 0.8274
v 0.582416 0.456176 0.336258 1.0000 0.9843 0.8274
v 0.655218 0.478701 0.378290 1.0000 0.9843 0.8274
v 0.708512 0.540240 0.409060 1.0000 0.9843 0.8274
v 0.776654 0.624305 0.321701 1.0000 0.9843 0.8274
v 0.755844 0.708369 0.313081 1.0000 0.9843 0.8274
v 0.698989 0.769909 0.289531 1.0000 0.9843 0.8274
v 0.621324 0.792434 0.257361 1.0000 0.9843 0.8274
v 0.543658 0.769909 0.225191 1.0000 0.9843 0.8274
v 0.486803 0.708369 0.201641 1.0000 0.9843 0.8274
v 0.465993 0.624305 0.193021 1.0000 0.9843 0.8274
v 0.486803 0.540240 0.201641 1.0000 0.9843 0.8274
v 0.543658 0.478701 0.225191 1.0000 0.9843 0.8274
v 0.621324 0.456176 0.257361 1.0000 0.9843 0.8274
v 0.698989 0.478701 0.289531 1.0000 0.9843 0.8274
v 0.755844 0.540240 0.313081 1.0000 0.9843 0.8274
v 0.812001 0.624305 0.217575 1.0000 0.9843 0.8274
v 0.790243 0.708369 0.211745 1.0000 0.9843 0.8274
v 0.730801 0.769909 0.195817 1.0000 0.9843 0.8274
v 0.649600 0.792434 0.174060 1.0000 0.9843 0.8274
v 0.568400 0.769909 0.152302 1.0000 0.9843 0.8274
v 0.508958 0.708369 0.136375 1.0000 0.9843 0.8274
v 0.487200 0.624305 0.130545 1.0000 0.9843 0.8274
v 0.508958 0.540240 0.136375 1.0000 0.9843 0.8274
v 0.568400 0.478701 0.152302 1.0000 0.9843 0.8274
v 0.649600 0.456176 0.174060 1.0000 0.9843 0.8274
v 0.730801 0.478701 0.195817 1.0000 0.9843 0.8274
v 0.790243 0.540240 0.211745 1.0000 0.9843 0.8274
v 0.833453 0.624305 0.109726 1.0000 0.9843 0.8274
v 0.811121 0.708369 0.106786 1.0000 0.9843 0.8274
v 0.750108 0.769909 0.098754 1.0000 0.9843 0.8274
v 0.666762 0.792434 0.087781 1.0000 0.9843 0.8274
v 0.583417 0.769909 0.076808 1.0000 0.9843 0.8274
v 0.522404 0.708369 0.068776 1.0000 0.9843 0.8274
v 0.500072 0.624305 0.065836 1.0000 0.9843 0.8274
v 0.522404 0.540240 0.068776 1.0000 0.9843 0.8274
v 0.583417 0.478701 0.076808 1.0000 0.9843 0.8274
v 0.666762 0.456176 0.087781 1.0000 0.9843 0.8274
v 0.750108 0.478701 0.098754 1.0000 0.9843 0.8274
v 0.811121 0.540240 0.106786 1.0000 0.9843 0.8274
v 0.263652 0.942305 0.000000 1.0000 0.9843 0.8274
v 0.256587 0.968670 0.000000 1.0000 0.9843 0.8274
v 0.237287 0.987970 0.000000 1.0000 0.9843 0.8274
v 0.210922 0.995035 0.000000 1.0000 0.9843 0.8274
v 0.184556 0.987970 0.000000 1.0000 0.9843 0.8274
v 0.165256 0.968670 0.000000 1.0000 0.9843 0.8274
v 0.158191 0.942305 0.000000 1.0000 0.9843 0.8274
v 0.165256 0.915939 0.000000 1.0000 0.9843 0.8274
v 0.184556 0.896639 0.000000 1.0000 0.9843 0.8274
v 0.210922 0.889574 0.000000 1.0000 0.9843 0.8274
v 0.237287 0.896639 0.000000 1.0000 0.9843 0.8274
v 0.256587 0.915939 0.000000 1.0000 0.9843 0.8274
v 0.261396 0.942305 -0.034413 1.0000 0.9843 0.8274
v 0.254392 0.968670 -0.033491 1.0000 0.9843 0.8274
v 0.235257 0.987970 -0.030972 1.0000 0.9843 0.8274
v 0.209117 0.995035 -0.027531 1.0000 0.9843 0.8274
v 0.182977 0.987970 -0.024089 1.0000 0.9843 0.8274
v 0.163842 0.968670 -0.021570 1.0000 0.9843 0.8274
v 0.156838 0.942305 -0.020648 1.0000 0.9843 0.8274
v 0.163842 0.915939 -0.021570 1.0000 0.9843 0.8274
v 0.182977 0.896639 -0.024089 1.0000 0.9843 0.8274
v 0.209117 0.889574 -0.027531 1.0000 0.9843 0.8274
v 0.235257 0.896639 -0.030972 1.0000 0.9843 0.8274
v 0.254392 0.915939 -0.033491 1.0000 0.9843 0.8274
v 0.254668 0.942305 -0.068238 1.0000 0.9843 0.8274
v 0.247844 0.968670 -0.066410 1.0000 0.9843 0.8274
v 0.229201 0.987970 -0.061414 1.0000 0.9843 0.8274
v 0.203735 0.995035 -0.054590 1.0000 0.9843 0.8274
v 0.178268 0.987970 -0.047767 1.0000 0.9843 0.8274
v 0.159625 0.968670 -0.042771 1.0000 0.9843 0.8274
v 0.152801 0.942305 -0.040943 1.0000 0.9843 0.8274
v 0.159625 0.915939 -0.042771 1.0000 0.9843 0.8274
v 0.178268 0.896639 -0.047767 1.0000 0.9843 0.8274
v 0.203735 0.889574 -0.054590 1.0000 0.9843 0.8274
v 0.229201 0.896639 -0.061414 1.0000 0.9843 0.8274
v 0.247844 0.915939 -0.066410 1.0000 0.9843 0.8274
v 0.243583 0.942305 -0.100895 1.0000 0.9843 0.8274
v 0.237056 0.968670 -0.098192 1.0000 0.9843 0.8274
v 0.219224 0.987970 -0.090806 1.0000 0.9843 0.8274
v 0.194866 0.995035 -0.080716 1.0000 0.9843 0.8274
v 0.170508 0.987970 -0.070627 1.0000 0.9843 0.8274
v 0.152676 0.968670 -0.063241 1.0000 0.9843 0.8274
v 0.146150 0.942305 -0.060537 1.0000 0.9843 0.8274
v 0.152676 0.915939 -0.063241 1.0000 0.9843 0.8274
v 0.170508 0.896639 -0.070627 1.0000 0.9843 0.8274
v 0.194866 0.889574 -0.080716 1.0000 0.9843 0.8274
v 0.219224 0.896639 -0.090806 1.0000 0.9843 0.8274
v 0.237056 0.915939 -0.098192 1.0000 0.9843 0.8274
v 0.228329 0.942305 -0.131826 1.0000 0.9843 0.8274
v 0.222211 0.968670 -0.128294 1.0000 0.9843 0.8274
v 0.205496 0.987970 -0.118643 1.0000 0.9843 0.8274
v 0.182663 0.995035 -0.105461 1.0000 0.9843 0.8274
v 0.159830 0.987970 -0.092278 1.0000 0.9843 0.8274
v 0.143116 0.968670 -0.082628 1.0000 0.9843 0.8274
v 0.136998 0.942305 -0.079096 1.0000 0.9843 0.8274
v 0.143116 0.915939 -0.082628 1.0000 0.9843 0.8274
v 0.159830 0.896639 -0.092278 1.0000 0.9843 0.8274
v 0.182663 0.889574 -0.105461 1.0000 0.9843 0.8274
v 0.205496 0.896639 -0.118643 1.0000 0.9843 0.8274
v 0.222211 0.915939 -0.128294 1.0000 0.9843 0.8274
v 0.209169 0.942305 -0.160501 1.0000 0.9843 0.8274
v 0.203564 0.968670 -0.156200 1.0000 0.9843 0.8274
v 0.188252 0.987970 -0.144451 1.0000 0.9843 0.8274
v 0.167335 0.995035 -0.128401 1.0000 0.9843 0.8274
v 0.146418 0.987970 -0.112351 1.0000 0.9843 0.8274
v 0.131106 0.968670 -0.100601 1.0000 0.9843 0.8274
v 0.125501 0.942305 -0.096301 1.0000 0.9843 0.8274
v 0.131106 0.915939 -0.100601 1.0000 0.9843 0.8274
v 0.146418 0.896639 -0.112351 1.0000 0.9843 0.8274
v 0.167335 0.889574 -0.128401 1.0000 0.9843 0.8274
v 0.188252 0.896639 -0.144451 1.0000 0.9843 0.8274
v 0.203564 0.915939 -0.156200 1.0000 0.9843 0.8274
v 0.186430 0.942305 -0.186430 1.0000 0.9843 0.8274
v 0.181435 0.968670 -0.181435 1.0000 0.9843 0.8274
v 0.167787 0.987970 -0.167787 1.0000 0.9843 0.8274
v 0.149144 0.995035 -0.149144 1.0000 0.9843 0.8274
v 0.130501 0.987970 -0.130501 1.0000 0.9843 0.8274
v 0.116853 0.968670 -0.116853 1.0000 0.9843 0.8274
v 0.111858 0.942305 -0.111858 1.0000 0.9843 0.8274
v 0.116853 0.915939 -0.116853 1.0000 0.9843 0.8274
v 0.130501 0.896639 -0.130501 1.0000 0.9843 0.8274
v 0.149144 0.889574 -0.149144 1.0000 0.9843 0.8274
v 0.167787 0.896639 -0.167787 1.0000 0.9843 0.8274
v 0.181435 0.915939 -0.181435 1.0000 0.9843 0.8274
v 0.160501 0.942305 -0.209169 1.0000 0.9843 0.8274
v 0.156201 0.968670 -0.203564 1.0000 0.9843 0.8274
v 0.144451 0.987970 -0.188252 1.0000 0.9843 0.8274
v 0.128401 0.995035 -0.167335 1.0000 0.9843 0.8274
v 0.112351 0.987970 -0.146418 1.0000 0.9843 0.8274
v 0.100601 0.968670 -0.131106 1.0000 0.9843 0.8274
v 0.096301 0.942305 -0.125501 1.0000 0.9843 0.8274
v 0.100601 0.915939 -0.131106 1.0000 0.9843 0.8274
v 0.112351 0.896639 -0.146418 1.0000 0.9843 0.8274
v 0.128401 0.889574 -0.167335 1.0000 0.9843 0.8274
v 0.144451 0.896639 -0.188252 1.0000 0.9843 0.8274
v 0.156201 0.915939 -0.203564 1.0000 0.9843 0.8274
v 0.131826 0.942305 -0.228329 1.0000 0.9843 0.8274
v 0.128294 0.968670 -0.222211 1.0000 0.9843 0.8274
v 0.118643 0.987970 -0.205496 1.0000 0.9843 0.8274
v 0.105461 0.995035 -0.182663 1.0000 0.9843 0.8274
v 0.092278 0.987970 -0.159830 1.0000 0.9843 0.8274
v 0.082628 0.968670 -0.143116 1.0000 0.9843 0.8274
v 0.079096 0.942305 -0.136998 1.0000 0.9843 0.8274
v 0.082628 0.915939 -0.143116 1.0000 0.9843 0.8274
v 0.092278 0.896639 -0.159830 1.0000 0.9843 0.8274
v 0.105461 0.889574 -0.182663 1.0000 0.9843 0.8274
v 0.118643 0.896639 -0.205496 1.0000 0.9843 0.8274
v 0.128294 0.915939 -0.222211 1.0000 0.9843 0.8274
v 0.100895 0.942305 -0.243583 1.0000 0.9843 0.8274
v 0.098192 0.968670 -0.237056 1.0000 0.9843 0.8274
v 0.090806 0.987970 -0.219224 1.0000 0.9843 0.8274
v 0.080716 0.995035 -0.194866 1.0000 0.9843 0.8274
v 0.070627 0.987970 -0.170508 1.0000 0.9843 0.8274
v 0.063241 0.968670 -0.152676 1.0000 0.9843 0.8274
v 0.060537 0.942305 -0.146150 1.0000 0.9843 0.8274
v 0.063241 0.915939 -0.152676 1.0000 0.9843 0.8274
v 0.070627 0.896639 -0.170508 1.0000 0.9843 0.8274
v 0.080716 0.889574 -0.194866 1.0000 0.9843 0.8274
v 0.090806 0.896639 -0.219224 1.0000 0.9843 0.8274
v 0.098192 0.915939 -0.237056 1.0000 0.9843 0.8274
v 0.068238 0.942305 -0.254668 1.0000 0.9843 0.8274
v 0.066410 0.968670 -0.247844 1.0000 0.9843 0.8274
v 0.061414 0.987970 -0.229201 1.0000 0.9843 0.8274
v 0.054591 0.995035 -0.203735 1.0000 0.9843 0.8274
v 0.047767 0.987970 -0.178268 1.0000 0.9843 0.8274
v 0.042771 0.968670 -0.159625 1.0000 0.9843 0.8274
v 0.040943 0.942305 -0.152801 1.0000 0.9843 0.8274
v 0.042771 0.915939 -0.159625 1.0000 0.9843 0.8274
v 0.047767 0.896639 -0.178268 1.0000 0.9843 0.8274
v 0.054591 0.889574 -0.203735 1.0000 0.9843 0.8274
v 0.061414 0.896639 -0.229201 1.0000 0.9843 0.8274
v 0.066410 0.915939 -0.247844 1.0000 0.9843 0.8274
v 0.034413 0.942305 -0.261396 1.0000 0.9843 0.8274
v 0.033491 0.968670 -0.254392 1.0000 0.9843 0.8274
v 0.030972 0.987970 -0.235257 1.0000 0.9843 0.8274
v 0.027531 0.995035 -0.209117 1.0000 0.9843 0.8274
v 0.024089 0.987970 -0.182977 1.0000 0.9843 0.8274
v 0.021570 0.968670 -0.163842 1.0000 0.9843 0.8274
v 0.020648 0.942305 -0.156838 1.0000 0.9843 0.8274
v 0.021570 0.915939 -0.163842 1.0000 0.9843 0.8274
v 0.024089 0.896639 -0.182977 1.0000 0.9843 0.8274
v 0.027531 0.889574 -0.209117 1.0000 0.9843 0.8274
v 0.030972 0.896639 -0.235257 1.0000 0.9843 0.8274
v 0.033491 0.915939 -0.254392 1.0000 0.9843 0.8274
v 0.000000 0.942305 -0.263652 1.0000 0.9843 0.8274
v 0.000000 0.968670 -0.256587 1.0000 0.9843 0.8274
v 0.000000 0.987970 -0.237287 1.0000 0.9843 0.8274
v 0.000000 0.995035 -0.210922 1.0000 0.9843 0.8274
v 0.000000 0.987970 -0.184556 1.0000 0.9843 0.8274
v 0.000000 0.968670 -0.165256 1.0000 0.9843 0.8274
v 0.000000 0.942305 -0.158191 1.0000 0.9843 0.8274
v 0.000000 0.915939 -0.165256 1.0000 0.9843 0.8274
v 0.000000 0.896639 -0.184556 1.0000 0.9843 0.8274
v 0.000000 0.889574 -0.210922 1.0000 0.9843 0.8274
v 0.000000 0.896639 -0.237287 1.0000 0.9843 0.8274
v 0.000000 0.915939 -0.256587 1.0000 0.9843 0.8274
v -0.034414 0.942305 -0.261396 1.0000 0.9843 0.8274
v -0.033491 0.968670 -0.254392 1.0000 0.9843 0.8274
v -0.030972 0.987970 -0.235257 1.0000 0.9843 0.8274
v -0.027531 0.995035 -0.209117 1.0000 0.9843 0.8274
v -0.024089 0.987970 -0.182977 1.0000 0.9843 0.8274
v -0.021570 0.968670 -0.163842 1.0000 0.9843 0.8274
v -0.020648 0.942305 -0.156838 1.0000 0.9843 0.8274
v -0.021570 0.915939 -0.163842 1.0000 0.9843 0.8274
v -0.024089 0.896639 -0.182977 1.0000 0.9843 0.8274
v -0.027531 0.889574 -0.209117 1.0000 0.9843 0.8274
v -0.030972 0.896639 -0.235257 1.0000 0.9843 0.8274
v -0.033491 0.915939 -0.254392 1.0000 0.9843 0.8274
v -0.068238 0.942305 -0.254668 1.0000 0.9843 0.8274
v -0.066410 0.968670 -0.247844 1.0000 0.9843 0.8274
v -0.061414 0.987970 -0.229201 1.0000 0.9843 0.8274
v -0.054590 0.995035 -0.203735 1.0000 0.9843 0.8274
v -0.047767 0.987970 -0.178268 1.0000 0.9843 0.8274
v -0.042771 0.968670 -0.159625 1.0000 0.9843 0.8274
v -0.040943 0.942305 -0.152801 1.0000 0.9843 0.8274
v -0.042771 0.915939 -0.159625 1.0000 0.9843 0.8274
v -0.047767 0.896639 -0.178268 1.0000 0.9843 0.8274
v -0.054590 0.889574 -0.203735 1.0000 0.9843 0.8274
v -0.061414 0.896639 -0.229201 1.0000 0.9843 0.8274
v -0.066410 0.915939 -0.247844 1.0000 0.9843 0.8274
v -0.100895 0.942305 -0.243583 1.0000 0.9843 0.8274
v -0.098192 0.968670 -0.237056 1.0000 0.9843 0.8274
v -0.090806 0.987970 -0.219224 1.0000 0.9843 0.8274
v -0.080716 0.995035 -0.194866 1.0000 0.9843 0.8274
v -0.070627 0.987970 -0.170508 1.0000 0.9843 0.8274
v -0.063241 0.968670 -0.152676 1.0000 0.9843 0.8274
v -0.060537 0.942305 -0.146150 1.0000 0.9843 0.8274
v -0.063241 0.915939 -0.152676 1.0000 0.9843 0.8274
v -0.070627 0.896639 -0.170508 1.0000 0.9843 0.8274
v -0.080716 0.889574 -0.194866 1.0000 0.9843 0.8274
v -0.090806 0.896639 -0.219224 1.0000 0.9843 0.8274
v -0.098192 0.915939 -0.237056 1.0000 0.9843 0.8274
v -0.131826 0.942305 -0.228329 1.0000 0.9843 0.8274
v -0.128294 0.968670 -0.222211 1.0000 0.9843 0.8274
v -0.118643 0.987970 -0.205496 1.0000 0.9843 0.8274
v -0.105461 0.995035 -0.182663 1.0000 0.9843 0.8274
v -0.092278 0.987970 -0.159830 1.0000 0.9843 0.8274
v -0.082628 0.968670 -0.143116 1.0000 0.9843 0.8274
v -0.079096 0.942305 -0.136998 1.0000 0.9843 0.8274
v -0.082628 0.915939 -0.143116 1.0000 0.9843 0.8274
v -0.092278 0.896639 -0.159830 1.0000 0.9843 0.8274
v -0.105461 0.889574 -0.182663 1.0000 0.9843 0.8274
v -0.118643 0.896639 -0.205496 1.0000 0.9843 0.8274
v -0.128294 0.915939 -0.222211 1.0000 0.9843 0.8274
v -0.160501 0.942305 -0.209169 1.0000 0.9843 0.8274
v -0.156200 0.968670 -0.203564 1.0000 0.9843 0.8274
v -0.144451 0.987970 -0.188252 1.0000 0.9843 0.8274
v -0.128401 0.995035 -0.167335 1.0000 0.9843 0.8274
v -0.112351 0.987970 -0.146418 1.0000 0.9843 0.8274
v -0.100601 0.968670 -0.131106 1.0000 0.9843 0.8274
v -0.096301 0.942305 -0.125501 1.0000 0.9843 0.8274
v -0.100601 0.915939 -0.131106 1.0000 0.9843 0.8274
v -0.112351 0.896639 -0.146418 1.0000 0.9843 0.8274
v -0.128401 0.889574 -0.167335 1.0000 0.9843 0.8274
v -0.144451 0.896639 -0.188252 1.0000 0.9843 0.8274
v -0.156200 0.915939 -0.203564 1.0000 0.9843 0.8274
v -0.186430 0.942305 -0.186430 1.0000 0.9843 0.8274
v -0.181435 0.968670 -0.181435 1.0000 0.9843 0.8274
v -0.167787 0.987970 -0.167787 1.0000 0.9843 0.8274
v -0.149144 0.995035 -0.149144 1.0000 0.9843 0.8274
v -0.130501 0.987970 -0.130501 1.0000 0.9843 0.8274
v -0.116853 0.968670 -0.116853 1.0000 0.9843 0.8274
v -0.111858 0.942305 -0.111858 1.0000 0.9843 0.8274
v -0.116853 0.915939 -0.116853 1.0000 0.9843 0.8274
v -0.130501 0.896639 -0.130501 1.0000 0.9843 0.8274
v -0.149144 0.889574 -0.149144 1.0000 0.9843 0.8274
v -0.167787 0.896639 -0.167787 1.0000 0.9843 0.8274
v -0.181435 0.915939 -0.181435 1.0000 0.9843 0.8274
v -0.209169 0.942305 -0.160501 1.0000 0.9843 0.8274
v -0.203564 0.968670 -0.156200 1.0000 0.9843 0.8274
v -0.188252 0.987970 -0.144451 1.0000 0.9843 0.8274
v -0.167335 0.995035 -0.128401 1.0000 0.9843 0.8274
v -0.146418 0.987970 -0.112351 1.0000 0.9843 0.8274
v -0.131106 0.968670 -0.100601 1.0000 0.9843 0.8274
v -0.125501 0.942305 -0.096301 1.0000 0.9843 0.8274
v -0.131106 0.915939 -0.100601 1.0000 0.9843 0.8274
v -0.146418 0.896639 -0.112351 1.0000 0.9843 0.8274
v -0.167335 0.889574 -0.128401 1.0000 0.9843 0.8274
v -0.188252 0.896639 -0.144451 1.0000 0.9843 0.8274
v -0.203564 0.915939 -0.156200 1.0000 0.9843 0.8274
v -0.228329 0.942305 -0.131826 1.0000 0.9843 0.8274
v -0.222211 0.968670 -0.128294 1.0000 0.9843 0.8274
v -0.205496 0.987970 -0.118643 1.0000 0.9843 0.8274
v -0.182663 0.995035 -0.105461 1.0000 0.9843 0.8274
v -0.159830 0.987970 -0.092278 1.0000 0.9843 0.8274
v -0.143116 0.968670 -0.082628 1.0000 0.9843 0.8274
v -0.136998 0.942305 -0.079096 1.0000 0.9843 0.8274
v -0.143116 0.915939 -0.082628 1.0000 0.9843 0.8274
v -0.159830 0.896639 -0.092278 1.0000 0.9843 0.8274
v -0.182663 0.889574 -0.105461 1.0000 0.9843 0.8274
v -0.205496 0.896639 -0.118643 1.0000 0.9843 0.8274
v -0.222211 0.915939 -0.128294 1.0000 0.9843 0.8274
v -0.243583 0.942305 -0.100895 1.0000 0.9843 0.8274
v -0.237056 0.968670 -0.098192 1.0000 0.9843 0.8274
v -0.219224 0.987970 -0.090806 1.0000 0.9843 0.8274
v -0.194866 0.995035 -0.080716 1.0000 0.9843 0.8274
v -0.170508 0.987970 -0.070627 1.0000 0.9843 0.8274
v -0.152676 0.968670 -0.063241 1.0000 0.9843 0.8274
v -0.146150 0.942305 -0.060537 1.0000 0.9843 0.8274
v -0.152676 0.915939 -0.063241 1.0000 0.9843 0.8274
v -0.170508 0.896639 -0.070627 1.0000 0.9843 0.8274
v -0.194866 0.889574 -0.080716 1.0000 0.9843 0.8274
v -0.219224 0.896639 -0.090806 1.0000 0.9843 0.8274
v -0.237056 0.915939 -0.098192 1.0000 0.9843 0.8274
v -0.254668 0.942305 -0.068238 1.0000 0.9843 0.8274
v -0.247844 0.968670 -0.066410 1.0000 0.9843 0.8274
v -0.229201 0.987970 -0.061414 1.0000 0.9843 0.8274
v -0.203735 0.995035 -0.054590 1.0000 0.9843 0.8274
v -0.178268 0.987970 -0.047767 1.0000 0.9843 0.8274
v -0.159625 0.968670 -0.042771 1.0000 0.9843 0.8274
v -0.152801 0.942305 -0.040943 1.0000 0.9843 0.8274
v -0.159625 0.915939 -0.042771 1.0000 0.9843 0.8274
v -0.178268 0.896639 -0.047767 1.0000 0.9843 0.8274
v -0.203735 0.889574 -0.054590 1.0000 0.9843 0.8274
v -0.229201 0.896639 -0.061414 1.0000 0.9843 0.8274
v -0.247844 0.915939 -0.066410 1.0000 0.9843 0.8274
v -0.261396 0.942305 -0.034414 1.0000 0.9843 0.8274
v -0.254392 0.968670 -0.033491 1.0000 0.9843 0.8274
v -0.235257 0.987970 -0.030972 1.0000 0.9843 0.8274
v -0.209117 0.995035 -0.027531 1.0000 0.9843 0.8274
v -0.182977 0.987970 -0.024089 1.0000 0.9843 0.8274
v -0.163842 0.968670 -0.021570 1.0000 0.9843 0.8274
v -0.156838 0.942305 -0.020648 1.0000 0.9843 0.8274
v -0.163842 0.915939 -0.021570 1.0000 0.9843 0.8274
v -0.182977 0.896639 -0.024089 1.0000 0.9843 0.8274
v -0.209117 0.889574 -0.027531 1.0000 0.9843 0.8274
v -0.235257 0.896639 -0.030972 1.0000 0.9843 0.8274
v -0.254392 0.915939 -0.033491 1.0000 0.9843 0.8274
v -0.263652 0.942305 -0.000000 1.0000 0.9843 0.8274
v -0.256587 0.968670 -0.000000 1.0000 0.9843 0.8274
v -0.237287 0.987970 -0.000000 1.0000 0.9843 0.8274
v -0.210922 0.995035 -0.000000 1.0000 0.9843 0.8274
v -0.184556 0.987970 -0.000000 1.0000 0.9843 0.8274
v -0.165256 0.968670 -0.000000 1.0000 0.9843 0.8274
v -0.158191 0.942305 -0.000000 1.0000 0.9843 0.8274
v -0.165256 0.915939 -0.000000 1.0000 0.9843 0.8274
v -0.184556 0.896639 -0.000000 1.0000 0.9843 0.8274
v -0.210922 0.889574 -0.000000 1.0000 0.9843 0.8274
v -0.237287 0.896639 -0.000000 1.0000 0.9843 0.8274
v -0.256587 0.915939 -0.000000 1.0000 0.9843 0.8274
v -0.261396 0.942305 0.034414 1.0000 0.9843 0.8274
v -0.254392 0.968670 0.033491 1.0000 0.9843 0.8274
v -0.235257 0.987970 0.030972 1.0000 0.9843 0.8274
v -0.209117 0.995035 0.027531 1.0000 0.9843 0.8274
v -0.182977 0.987970 0.024089 1.0000 0.9843 0.8274
v -0.163842 0.968670 0.021570 1.0000 0.9843 0.8274
v -0.156838 0.942305 0.020648 1.0000 0.9843 0.8274
v -0.163842 0.915939 0.021570 1.0000 0.9843 0.8274
v -0.182977 0.896639 0.024089 1.0000 0.9843 0.8274
v -0.209117 0.889574 0.027531 1.0000 0.9843 0.8274
v -0.235257 0.896639 0.030972 1.0000 0.9843 0.8274
v -0.254392 0.915939 0.033491 1.0000 0.9843 0.8274
v -0.254668 0.942305 0.068238 1.0000 0.9843 0.8274
v -0.247844 0.968670 0.066410 1.0000 0.9843 0.8274
v -0.229201 0.987970 0.061414 1.0000 0.9843 0.8274
v -0.203735 0.995035 0.054590 1.0000 0.9843 0.8274
v -0.178268 0.987970 0.047767 1.0000 0.9843 0.8274
v -0.159625 0.968670 0.042771 1.0000 0.9843 0.8274
v -0.152801 0.942305 0.040943 1.0000 0.9843 0.8274
v -0.159625 0.915939 0.042771 1.0000 0.9843 0.8274
v -0.178268 0.896639 0.047767 1.0000 0.9843 0.8274
v -0.203735 0.889574 0.054590 1.0000 0.9843 0.8274
v -0.229201 0.896639 0.061414 1.0000 0.9843 0.8274
v -0.247844 0.915939 0.066410 1.0000 0.9843 0.8274
v -0.243583 0.942305 0.100895 1.0000 0.9843 0.8274
v -0.237056 0.968670 0.098192 1.0000 0.9843 0.8274
v -0.219224 0.987970 0.090806 1.0000 0.9843 0.8274
v -0.194866 0.995035 0.080716 1.0000 0.9843 0.8274
v -0.170508 0.987970 0.070627 1.0000 0.9843 0.8274
v -0.152676 0.968670 0.063241 1.0000 0.9843 0.8274
v -0.146150 0.942305 0.060537 1.0000 0.9843 0.8274
v -0.152676 0.915939 0.063241 1.0000 0.9843 0.8274
v -0.170508 0.896639 0.070627 1.0000 0.9843 0.8274
v -0.194866 0.889574 0.080716 1.0000 0.9843 0.8274
v -0.219224 0.896639 0.090806 1.0000 0.9843 0.8274
v -0.237056 0.915939 0.098192 1.0000 0.9843 0.8274
v -0.228329 0.942305 0.131826 1.0000 0.9843 0.8274
v -0.222211 0.968670 0.128294 1.0000 0.9843 0.8274
v -0.205496 0.987970 0.118643 1.0000 0.9843 0.8274
v -0.182663 0.995035 0.105461 1.0000 0.9843 0.8274
v -0.159830 0.987970 0.092278 1.0000 0.9843 0.8274
v -0.143116 0.968670 0.082628 1.0000 0.9843 0.8274
v -0.136998 0.942305 0.079096 1.0000 0.9843 0.8274
v -0.143116 0.915939 0.082628 1.0000 0.9843 0.8274
v -0.159830 0.896639 0.092278 1.0000 0.9843 0.8274
v -0.182663 0.889574 0.105461 1.0000 0.9843 0.8274
v -0.205496 0.896639 0.118643 1.0000 0.9843 0.8274
v -0.222211 0.915939 0.128294 1.0000 0.9843 0.8274
v -0.209169 0.942305 0.160501 1.0000 0.9843 0.8274
v -0.203564 0.968670 0.156200 1.0000 0.9843 0.8274
v -0.188252 0.987970 0.144451 1.0000 0.9843 0.8274
v -0.167335 0.995035 0.128401 1.0000 0.9843 0.8274
v -0.146418 0.987970 0.112351 1.0000 0.9843 0.8274
v -0.131106 0.968670 0.100601 1.0000 0.9843 0.8274
v -0.125501 0.942305 0.096301 1.0000 0.9843 0.8274
v -0.131106 0.915939 0.100601 1.0000 0.9843 0.8274
v -0.146418 0.896639 0.112351 1.0000 0.9843 0.8274
v -0.167335 0.889574 0.128401 1.0000 0.9843 0.8274
v -0.188252 0.896639 0.144451 1.0000 0.9843 0.8274
v -0.203564 0.915939 0.156200 1.0000 0.9843 0.8274
v -0.186430 0.942305 0.186430 1.0000 0.9843 0.8274
v -0.181435 0.968670 0.181435 1.0000 0.9843 0.8274
v -0.167787 0.987970 0.167787 1.0000 0.9843 0.8274
v -0.149144 0.995035 0.149144 1.0000 0.9843 0.8274
v -0.130501 0.987970 0.130501 1.0000 0.9843 0.8274
v -0.116853 0.968670 0.116853 1.0000 0.9843 0.8274
v -0.111858 0.942305 0.111858 1.0000 0.9843 0.8274
v -0.116853 0.915939 0.116853 1.0000 0.9843 0.8274
v -0.130501 0.896639 0.130501 1.0000 0.9843 0.8274
v -0.149144 0.889574 0.149144 1.0000 0.9843 0.8274
v -0.167787 0.896639 0.167787 1.0000 0.9843 0.8274
v -0.181435 0.915939 0.181435 1.0000 0.9843 0.8274
v -0.160501 0.942305 0.209169 1.0000 0.9843 0.8274
v -0.156201 0.968670 0.203564 1.0000 0.9843 0.8274
v -0.144451 0.987970 0.188252 1.0000 0.9843 0.8274
v -0.128401 0.995035 0.167335 1.0000 0.9843 0.8274
v -0.112351 0.987970 0.146418 1.0000 0.9843 0.8274
v -0.100601 0.968670 0.131106 1.0000 0.9843 0.8274
v -0.096301 0.942305 0.125501 1.0000 0.9843 0.8274
v -0.100601 0.915939 0.131106 1.0000 0.9843 0.8274
v -0.112351 0.896639 0.146418 1.0000 0.9843 0.8274
v -0.128401 0.889574 0.167335 1.0000 0.9843 0.8274
v -0.144451 0.896639 0.188252 1.0000 0.9843 0.8274
v -0.156201 0.915939 0.203564 1.0000 0.9843 0.8274
v -0.131826 0.942305 0.228329 1.0000 0.9843 0.8274
v -0.128294 0.968670 0.222211 1.0000 0.9843 0.8274
v -0.118643 0.987970 0.205496 1.0000 0.9843 0.8274
v -0.105461 0.995035 0.182663 1.0000 0.9843 0.8274
v -0.092278 0.987970 0.159830 1.0000 0.9843 0.8274
v -0.082628 0.968670 0.143116 1.0000 0.9843 0.8274
v -0.079096 0.942305 0.136998 1.0000 0.9843 0.8274
v -0.082628 0.915939 0.143116 1.0000 0.9843 0.8274
v -0.092278 0.896639 0.159830 1.0000 0.9843 0.8274
v -0.105461 0.889574 0.182663 1.0000 0.9843 0.8274
v -0.118643 0.896639 0.205496 1.0000 0.9843 0.8274
v -0.128294 0.915939 0.222211 1.0000 0.9843 0.8274
v -0.100895 0.942305 0.243583 1.0000 0.9843 0.8274
v -0.098192 0.968670 0.237056 1.0000 0.9843 0.8274
v -0.090806 0.987970 0.219224 1.0000 0.9843 0.8274
v -0.080716 0.995035 0.194866 1.0000 0.9843 0.8274
v -0.070627 0.987970 0.170508 1.0000 0.9843 0.8274
v -0.063241 0.968670 0.152676 1.0000 0.9843 0.8274
v -0.060537 0.942305 0.146150 1.0000 0.9843 0.8274
v -0.063241 0.915939 0.152676 1.0000 0.9843 0.8274
v -0.070627 0.896639 0.170508 1.0000 0.9843 0.8274
v -0.080716 0.889574 0.194866 1.0000 0.9843 0.8274
v -0.090806 0.896639 0.219224 1.0000 0.9843 0.8274
v -0.098192 0.915939 0.237056 1.0000 0.9843 0.8274
v -0.068238 0.942305 0.254668 1.0000 0.9843 0.8274
v -0.066410 0.968670 0.247844 1.0000 0.9843 0.8274
v -0.061414 0.987970 0.229201 1.0000 0.9843 0.8274
v -0.054591 0.995035 0.203735 1.0000 0.9843 0.8274
v -0.047767 0.987970 0.178268 1.0000 0.9843 0.8274
v -0.042771 0.968670 0.159625 1.0000 0.9843 0.8274
v -0.040943 0.942305 0.152801 1.0000 0.9843 0.8274
v -0.042771 0.915939 0.159625 1.0000 0.9843 0.8274
v -0.047767 0.896639 0.178268 1.0000 0.9843 0.8274
v -0.054591 0.889574 0.203735 1.0000 0.9843 0.8274
v -0.061414 0.896639 0.229201 1.0000 0.9843 0.8274
v -0.066410 0.915939 0.247844 1.0000 0.9843 0.8274
v -0.034414 0.942305 0.261396 1.0000 0.9843 0.8274
v -0.033492 0.968670 0.254392 1.0000 0.9843 0.8274
v -0.030972 0.987970 0.235257 1.0000 0.9843 0.8274
v -0.027531 0.995035 0.209117 1.0000 0.9843 0.8274
v -0.024090 0.987970 0.182977 1.0000 0.9843 0.8274
v -0.021570 0.968670 0.163842 1.0000 0.9843 0.8274
v -0.020648 0.942305 0.156838 1.0000 0.9843 0.8274
v -0.021570 0.915939 0.163842 1.0000 0.9843 0.8274
v -0.024090 0.896639 0.182977 1.0000 0.9843 0.8274
v -0.027531 0.889574 0.209117 1.0000 0.9843 0.8274
v -0.030972 0.896639 0.235257 1.0000 0.9843 0.8274
v -0.033492 0.915939 0.254392 1.0000 0.9843 0.8274
v 0.000000 0.942305 0.263652 1.0000 0.9843 0.8274
v 0.000000 0.968670 0.256587 1.0000 0.9843 0.8274
v 0.000000 0.987970 0.237287 1.0000 0.9843 0.8274
v 0.000000 0.995035 0.210922 1.0000 0.9843 0.8274
v 0.000000 0.987970 0.184556 1.0000 0.9843 0.8274
v 0.000000 0.968670 0.165256 1.0000 0.9843 0.8274
v 0.000000 0.942305 0.158191 1.0000 0.9843 0.8274
v 0.000000 0.915939 0.165256 1.0000 0.9843 0.8274
v 0.000000 0.896639 0.184556 1.0000 0.9843 0.8274
v 0.000000 0.889574 0.210922 1.0000 0.9843 0.8274
v 0.000000 0.896639 0.237287 1.0000 0.9843 0.8274
v 0.000000 0.915939 0.256587 1.0000 0.9843 0.8274
v 0.034413 0.942305 0.261396 1.0000 0.9843 0.8274
v 0.033491 0.968670 0.254392 1.0000 0.9843 0.8274
v 0.030972 0.987970 0.235257 1.0000 0.9843 0.8274
v 0.027531 0.995035 0.209117 1.0000 0.9843 0.8274
v 0.024089 0.987970 0.182977 1.0000 0.9843 0.8274
v 0.021570 0.968670 0.163842 1.0000 0.9843 0.8274
v 0.020648 0.942305 0.156838 1.0000 0.9843 0.8274
v 0.021570 0.915939 0.163842 1.0000 0.9843 0.8274
v 0.024089 0.896639 0.182977 1.0000 0.9843 0.8274
v 0.027531 0.889574 0.209117 1.0000 0.9843 0.8274
v 0.030972 0.896639 0.235257 1.0000 0.9843 0.8274
v 0.033491 0.915939 0.254392 1.0000 0.9843 0.8274
v 0.068238 0.942305 0.254668 1.0000 0.9843 0.8274
v 0.066410 0.968670 0.247844 1.0000 0.9843 0.8274
v 0.061414 0.987970 0.229201 1.0000 0.9843 0.8274
v 0.054590 0.995035 0.203735 1.0000 0.9843 0.8274
v 0.047767 0.987970 0.178268 1.0000 0.9843 0.8274
v 0.042771 0.968670 0.159625 1.0000 0.9843 0.8274
v 0.040943 0.942305 0.152801 1.0000 0.9843 0.8274
v 0.042771 0.915939 0.159625 1.0000 0.9843 0.8274
v 0.047767 0.896639 0.178268 1.0000 0.9843 0.8274
v 0.054590 0.889574 0.203735 1.0000 0.9843 0.8274
v 0.061414 0.896639 0.229201 1.0000 0.9843 0.8274
v 0.066410 0.915939 0.247844 1.0000 0.9843 0.8274
v 0.100895 0.942305 0.243583 1.0000 0.9843 0.8274
v 0.098192 0.968670 0.237056 1.0000 0.9843 0.8274
v 0.090806 0.987970 0.219224 1.0000 0.9843 0.8274
v 0.080716 0.995035 0.194866 1.0000 0.9843 0.8274
v 0.070627 0.987970 0.170508 1.0000 0.9843 0.8274
v 0.063241 0.968670 0.152676 1.0000 0.9843 0.8274
v 0.060537 0.942305 0.146150 1.0000 0.9843 0.8274
v 0.063241 0.915939 0.152676 1.0000 0.9843 0.8274
v 0.070627 0.896639 0.170508 1.0000 0.9843 0.8274
v 0.080716 0.889574 0.194866 1.0000 0.9843 0.8274
v 0.090806 0.896639 0.219224 1.0000 0.9843 0.8274
v 0.098192 0.915939 0.237056 1.0000 0.9843 0.8274
v 0.131826 0.942305 0.228329 1.0000 0.9843 0.8274
v 0.128294 0.968670 0.222211 1.0000 0.9843 0.8274
v 0.118643 0.987970 0.205496 1.0000 0.9843 0.8274
v 0.105461 0.995035 0.182663 1.0000 0.9843 0.8274
v 0.092278 0.987970 0.159830 1.0000 0.9843 0.8274
v 0.082628 0.968670 0.143116 1.0000 0.9843 0.8274
v 0.079096 0.942305 0.136998 1.0000 0.9843 0.8274
v 0.082628 0.915939 0.143116 1.0000 0.9843 0.8274
v 0.092278 0.896639 0.159830 1.0000 0.9843 0.8274
v 0.105461 0.889574 0.182663 1.0000 0.9843 0.8274
v 0.118643 0.896639 0.205496 1.0000 0.9843 0.8274
v 0.128294 0.915939 0.222211 1.0000 0.9843 0.8274
v 0.160501 0.942305 0.209169 1.0000 0.9843 0.8274
v 0.156200 0.968670 0.203564 1.0000 0.9843 0.8274
v 0.144451 0.987970 0.188252 1.0000 0.9843 0.8274
v 0.128401 0.995035 0.167335 1.0000 0.9843 0.8274
v 0.112351 0.987970 0.146418 1.0000 0.9843 0.8274
v 0.100601 0.968670 0.131106 1.0000 0.9843 0.8274
v 0.096301 0.942305 0.125501 1.0000 0.9843 0.8274
v 0.100601 0.915939 0.131106 1.0000 0.9843 0.8274
v 0.112351 0.896639 0.146418 1.0000 0.9843 0.8274
v 0.128401 0.889574 0.167335 1.0000 0.9843 0.8274
v 0.144451 0.896639 0.188252 1.0000 0.9843 0.8274
v 0.156200 0.915939 0.203564 1.0000 0.9843 0.8274
v 0.186430 0.942305 0.186430 1.0000 0.9843 0.8274
v 0.181435 0.968670 0.181435 1.0000 0.9843 0.8274
v 0.167787 0.987970 0.167787 1.0000 0.9843 0.8274
v 0.149144 0.995035 0.149144 1.0000 0.9843 0.8274
v 0.130501 0.987970 0.130501 1.0000 0.9843 0.8274
v 0.116853 0.968670 0.116853 1.0000 0.9843 0.8274
v 0.111858 0.942305 0.111858 1.0000 0.9843 0.8274
v 0.116853 0.915939 0.116853 1.0000 0.9843 0.8274
v 0.130501 0.896639 0.130501 1.0000 0.9843 0.8274
v 0.149144 0.889574 0.149144 1.0000 0.9843 0.8274
v 0.167787 0.896639 0.167787 1.0000 0.9843 0.8274
v 0.181435 0.915939 0.181435 1.0000 0.9843 0.8274
v 0.209169 0.942305 0.160501 1.0000 0.9843 0.8274
v 0.203564 0.968670 0.156200 1.0000 0.9843 0.8274
v 0.188252 0.987970 0.144451 1.0000 0.9843 0.8274
v 0.167335 0.995035 0.128401 1.0000 0.9843 0.8274
v 0.146418 0.987970 0.112351 1.0000 0.9843 0.8274
v 0.131106 0.968670 0.100601 1.0000 0.9843 0.8274
v 0.125501 0.942305 0.096301 1.0000 0.9843 0.8274
v 0.131106 0.915939 0.100601 1.0000 0.9843 0.8274
v 0.146418 0.896639 0.112351 1.0000 0.9843 0.8274
v 0.167335 0.889574 0.128401 1.0000 0.9843 0.8274
v 0.188252 0.896639 0.144451 1.0000 0.9843 0.8274
v 0.203564 0.915939 0.156200 1.0000 0.9843 0.8274
v 0.228329 0.942305 0.131826 1.0000 0.9843 0.8274
v 0.222211 0.968670 0.128294 1.0000 0.9843 0.8274
v 0.205496 0.987970 0.118643 1.0000 0.9843 0.8274
v 0.182663 0.995035 0.105461 1.0000 0.9843 0.8274
v 0.159830 0.987970 0.092278 1.0000 0.9843 0.8274
v 0.143116 0.968670 0.082628 1.0000 0.9843 0.8274
v 0.136998 0.942305 0.079096 1.0000 0.9843 0.8274
v 0.143116 0.915939 0.082628 1.0000 0.9843 0.8274
v 0.159830 0.896639 0.092278 1.0000 0.9843 0.8274
v 0.182663 0.889574 0.105461 1.0000 0.9843 0.8274
v 0.205496 0.896639 0.118643 1.0000 0.9843 0.8274
v 0.222211 0.915939 0.128294 1.0000 0.9843 0.8274
v 0.243583 0.942305 0.100895 1.0000 0.9843 0.8274
v 0.237056 0.968670 0.098192 1.0000 0.9843 0.8274
v 0.219224 0.987970 0.090806 1.0000 0.9843 0.8274
v 0.194866 0.995035 0.080716 1.0000 0.9843 0.8274
v 0.170508 0.987970 0.070627 1.0000 0.9843 0.8274
v 0.152676 0.968670 0.063241 1.0000 0.9843 0.8274
v 0.146150 0.942305 0.060537 1.0000 0.9843 0.8274
v 0.152676 0.915939 0.063241 1.0000 0.9843 0.8274
v 0.170508 0.896639 0.070627 1.0000 0.9843 0.8274
v 0.194866 0.889574 0.080716 1.0000 0.9843 0.8274
v 0.219224 0.896639 0.090806 1.0000 0.9843 0.8274
v 0.237056 0.915939 0.098192 1.0000 0.9843 0.8274
v 0.254668 0.942305 0.068238 1.0000 0.9843 0.8274
v 0.247844 0.968670 0.066410 1.0000 0.9843 0.8274
v 0.229201 0.987970 0.061414 1.0000 0.9843 0.8274
v 0.203735 0.995035 0.054590 1.0000 0.9843 0.8274
v 0.178268 0.987970 0.047767 1.0000 0.9843 0.8274
v 0.159625 0.968670 0.042771 1.0000 0.9843 0.8274
v 0.152801 0.942305 0.040943 1.0000 0.9843 0.8274
v 0.159625 0.915939 0.042771 1.0000 0.9843 0.8274
v 0.178268 0.896639 0.047767 1.0000 0.9843 0.8274
v 0.203735 0.889574 0.054590 1.0000 0.9843 0.8274
v 0.229201 0.896639 0.061414 1.0000 0.9843 0.8274
v 0.247844 0.915939 0.066410 1.0000 0.9843 0.8274
v 0.261396 0.942305 0.034413 1.0000 0.9843 0.8274
v 0.254392 0.968670 0.033491 1.0000 0.9843 0.8274
v 0.235257 0.987970 0.030972 1.0000 0.9843 0.8274
v 0.209117 0.995035 0.027531 1.0000 0.9843 0.8274
v 0.182977 0.987970 0.024089 1.0000 0.9843 0.8274
v 0.163842 0.968670 0.021570 1.0000 0.9843 0.8274
v 0.156838 0.942305 0.020648 1.0000 0.9843 0.8274
v 0.163842 0.915939 0.021570 1.0000 0.9843 0.8274
v 0.182977 0.896639 0.024089 1.0000 0.9843 0.8274
v 0.209117 0.889574 0.027531 1.0000 0.9843 0.8274
v 0.235257 0.896639 0.030972 1.0000 0.9843 0.8274
v 0.254392 0.915939 0.033491 1.0000 0.9843 0.8274
v 0.000000 -1.972533 -0.619696 0.0000 0.4039 0.8980
v 0.120897 -1.972533 -0.607788 0.0000 0.4039 0.8980
v 0.237147 -1.972533 -0.572524 0.0000 0.4039 0.8980
v 0.344284 -1.972533 -0.515258 0.0000 0.4039 0.8980
v 0.438191 -1.972533 -0.438191 0.0000 0.4039 0.8980
v 0.515258 -1.972533 -0.344284 0.0000 0.4039 0.8980
v 0.572524 -1.972533 -0.237147 0.0000 0.4039 0.8980
v 0.607788 -1.972533 -0.120897 0.0000 0.4039 0.8980
v 0.619696 -1.972533 0.000000 0.0000 0.4039 0.8980
v 0.607788 -1.972533 0.120897 0.0000 0.4039 0.8980
v 0.572524 -1.972533 0.237147 0.0000 0.4039 0.8980
v 0.515258 -1.972533 0.344284 0.0000 0.4039 0.8980
v 0.438191 -1.972533 0.438191 0.0000 0.4039 0.8980
v 0.344284 -1.972533 0.515258 0.0000 0.4039 0.8980
v 0.237147 -1.972533 0.572524 0.0000 0.4039 0.8980
v 0.120897 -1.972533 0.607788 0.0000 0.4039 0.8980
v 0.000000 -1.972533 0.619696 0.0000 0.4039 0.8980
v -0.120897 -1.972533 0.607788 0.0000 0.4039 0.8980
v -0.237147 -1.972533 0.572524 0.0000 0.4039 0.8980
v -0.344284 -1.972533 0.515258 0.0000 0.4039 0.8980
v -0.438191 -1.972533 0.438191 0.0588 0.4039 0.8980
v -0.515258 -1.972533 0.344284 0.0000 0.4039 0.8980
v -0.572524 -1.972533 0.237147 0.0000 0.4039 0.8980
v -0.607788 -1.972533 0.120897 0.0000 0.4039 0.8980
v -0.619696 -1.972533 0.000000 0.0000 0.4039 0.8980
v -0.607788 -1.972533 -0.120897 0.0000 0.4039 0.8980
v -0.572524 -1.972533 -0.237147 0.0000 0.4039 0.8980
v -0.515258 -1.972533 -0.344284 0.0000 0.4039 0.8980
v -0.438191 -1.972533 -0.438191 0.0000 0.4039 0.8980
v -0.344284 -1.972533 -0.515258 0.0000 0.4039 0.8980
v -0.237147 -1.972533 -0.572524 0.0000 0.4039 0.8980
v -0.120897 -1.972533 -0.607788 0.0000 0.4039 0.8980
v 0.000000 -2.152663 -0.401806 0.8980 0.0196 0.2275
v 0.078389 -2.152663 -0.394086 0.8980 0.0196 0.2275
v 0.153765 -2.152663 -0.371221 0.8980 0.0196 0.2275
v 0.223232 -2.152663 -0.334090 0.8980 0.0196 0.2275
v 0.284120 -2.152663 -0.284120 0.8980 0.0196 0.2275
v 0.334090 -2.152663 -0.223232 0.8980 0.0196 0.2275
v 0.371221 -2.152663 -0.153765 0.8980 0.0196 0.2275
v 0.394086 -2.152663 -0.078389 0.8980 0.0196 0.2275
v 0.401806 -2.152663 0.000000 0.8980 0.0196 0.2275
v 0.394086 -2.152663 0.078389 0.8980 0.0196 0.2275
v 0.371221 -2.152663 0.153765 0.8980 0.0196 0.2275
v 0.334090 -2.152663 0.223232 0.8980 0.0196 0.2275
v 0.284120 -2.152663 0.284120 0.8980 0.0196 0.2275
v 0.223232 -2.152663 0.334090 0.8980 0.0196 0.2275
v 0.153765 -2.152663 0.371221 0.8980 0.0196 0.2275
v 0.078389 -2.152663 0.394086 0.8980 0.0196 0.2275
v 0.000000 -2.152663 0.401806 0.8980 0.0196 0.2275
v -0.078389 -2.152663 0.394086 0.8980 0.0196 0.2275
v -0.153765 -2.152663 0.371221 0.8980 0.0941 0.2471
v -0.223232 -2.152663 0.334090 0.8980 0.0196 0.2275
v -0.284120 -2.152663 0.284120 0.8980 0.0196 0.2275
v -0.334090 -2.152663 0.223232 0.8980 0.0196 0.2275
v -0.371221 -2.152663 0.153765 0.8980 0.0196 0.2275
v -0.394086 -2.152663 0.078389 0.8980 0.0196 0.2275
v -0.401806 -2.152663 0.000000 0.8980 0.0196 0.2275
v -0.394086 -2.152663 -0.078389 0.8980 0.0667 0.2353
v -0.371221 -2.152663 -0.153765 0.8980 0.0196 0.2275
v -0.334090 -2.152663 -0.223232 0.8980 0.0196 0.2275
v -0.284120 -2.152663 -0.284120 0.8980 0.0196 0.2275
v -0.223232 -2.152663 -0.334090 0.8980 0.0196 0.2275
v -0.153765 -2.152663 -0.371221 0.8980 0.0196 0.2275
v -0.078389 -2.152663 -0.394086 0.8980 0.0196 0.2275
v 0.000000 -2.152663 -0.556976 0.0941 0.8980 0.0000
v 0.108661 -2.152663 -0.546274 0.0941 0.8980 0.0000
v 0.213145 -2.152663 -0.514579 0.0941 0.8980 0.0000
v 0.309439 -2.152663 -0.463109 0.0941 0.8980 0.0000
v 0.393841 -2.152663 -0.393841 0.0941 0.8980 0.0000
v 0.463109 -2.152663 -0.309439 0.0941 0.8980 0.0000
v 0.514579 -2.152663 -0.213145 0.0941 0.8980 0.0000
v 0.546274 -2.152663 -0.108661 0.0941 0.8980 0.0000
v 0.556976 -2.152663 0.000000 0.0941 0.8980 0.0000
v 0.546274 -2.152663 0.108661 0.1059 0.8980 0.0471
v 0.514579 -2.152663 0.213145 0.0941 0.8980 0.0000
v 0.463109 -2.152663 0.309439 0.0941 0.8980 0.0000
v 0.393841 -2.152663 0.393841 0.0941 0.8980 0.0000
v 0.309439 -2.152663 0.463109 0.0941 0.8980 0.0000
v 0.213145 -2.152663 0.514579 0.0941 0.8980 0.0000
v 0.108661 -2.152663 0.546274 0.0941 0.8980 0.0000
v 0.000000 -2.152663 0.556976 0.0941 0.8980 0.0000
v -0.108661 -2.152663 0.546274 0.0941 0.8980 0.0000
v -0.213145 -2.152663 0.514579 0.0941 0.8980 0.0000
v -0.309439 -2.152663 0.463109 0.3608 0.9098 0.3490
v -0.393841 -2.152663 0.393841 0.0941 0.8980 0.0000
v -0.463109 -2.152663 0.309439 0.0941 0.8980 0.0000
v -0.514579 -2.152663 0.213145 0.0941 0.8980 0.0000
v -0.546274 -2.152663 0.108661 0.0941 0.8980 0.0000
v -0.556976 -2.152663 0.000000 0.0941 0.8980 0.0000
v -0.546274 -2.152663 -0.108661 0.0941 0.8980 0.0000
v -0.514579 -2.152663 -0.213145 0.0941 0.8980 0.0000
v -0.463109 -2.152663 -0.309439 0.0941 0.8980 0.0000
v -0.393841 -2.152663 -0.393841 0.0941 0.8980 0.0000
v -0.309439 -2.152663 -0.463109 0.0941 0.8980 0.0000
v -0.213145 -2.152663 -0.514579 0.0941 0.8980 0.0000
v -0.108661 -2.152663 -0.546274 0.0941 0.8980 0.0000
v -0.000000 -2.327026 -0.177020 0.8980 0.0196 0.2275
v 0.034535 -2.327026 -0.173619 0.8980 0.0196 0.2275
v 0.067743 -2.327026 -0.163545 0.8980 0.0196 0.2275
v 0.098347 -2.327026 -0.147187 0.8980 0.0196 0.2275
v 0.125172 -2.327026 -0.125172 0.8980 0.0196 0.2275
v 0.147187 -2.327026 -0.098347 0.8980 0.0196 0.2275
v 0.163545 -2.327026 -0.067743 0.8980 0.0196 0.2275
v 0.173619 -2.327026 -0.034535 0.8980 0.0196 0.2275
v 0.177020 -2.327026 0.000000 0.8980 0.0196 0.2275
v 0.173619 -2.327026 0.034535 0.8980 0.0196 0.2275
v 0.163545 -2.327026 0.067743 0.8980 0.0196 0.2275
v 0.147187 -2.327026 0.098347 0.8980 0.0196 0.2275
v 0.125172 -2.327026 0.125172 0.8980 0.0196 0.2275
v 0.098347 -2.327026 0.147187 0.8980 0.0196 0.2275
v 0.067743 -2.327026 0.163545 0.8980 0.0196 0.2275
v 0.034535 -2.327026 0.173619 0.8980 0.0196 0.2275
v -0.000000 -2.327026 0.177020 0.8980 0.0196 0.2275
v -0.034535 -2.327026 0.173619 0.8980 0.0196 0.2275
v -0.067743 -2.327026 0.163545 0.8980 0.0196 0.2275
v -0.098347 -2.327026 0.147187 0.8980 0.0196 0.2275
v -0.125172 -2.327026 0.125172 0.8980 0.0196 0.2275
v -0.147187 -2.327026 0.098347 0.8980 0.0196 0.2275
v -0.163545 -2.327026 0.067743 0.8980 0.0196 0.2275
v -0.173619 -2.327026 0.034535 0.8980 0.0196 0.2275
v -0.177020 -2.327026 0.000000 0.8980 0.0196 0.2275
v -0.173619 -2.327026 -0.034535 0.8980 0.0196 0.2275
v -0.163545 -2.327026 -0.067743 0.8980 0.0196 0.2275
v -0.147187 -2.327026 -0.098347 0.8980 0.0196 0.2275
v -0.125172 -2.327026 -0.125172 0.8980 0.0196 0.2275
v -0.098347 -2.327026 -0.147187 0.8980 0.0196 0.2275
v -0.067743 -2.327026 -0.163545 0.8980 0.0196 0.2275
v -0.034535 -2.327026 -0.173619 0.8980 0.0196 0.2275
v -0.000000 -2.327026 -0.401806 0.8980 0.0196 0.2275
v 0.078389 -2.327026 -0.394086 0.8980 0.0196 0.2275
v 0.153765 -2.327026 -0.371221 0.8980 0.0196 0.2275
v 0.223232 -2.327026 -0.334090 0.8980 0.0196 0.2275
v 0.284120 -2.327026 -0.284120 0.8980 0.0196 0.2275
v 0.334090 -2.327026 -0.223232 0.8980 0.0196 0.2275
v 0.371221 -2.327026 -0.153765 0.8980 0.0196 0.2275
v 0.394086 -2.327026 -0.078389 0.8980 0.0196 0.2275
v 0.401806 -2.327026 0.000000 0.8980 0.0196 0.2275
v 0.394086 -2.327026 0.078389 0.8980 0.0196 0.2275
v 0.371221 -2.327026 0.153765 0.8980 0.0196 0.2275
v 0.334090 -2.327026 0.223232 0.8980 0.0196 0.2275
v 0.284120 -2.327026 0.284120 0.8980 0.0196 0.2275
v 0.223232 -2.327026 0.334090 0.8980 0.0196 0.2275
v 0.153765 -2.327026 0.371221 0.8980 0.0196 0.2275
v 0.078389 -2.327026 0.394086 0.8980 0.0196 0.2275
v -0.000000 -2.327026 0.401806 0.8980 0.0196 0.2275
v -0.078389 -2.327026 0.394086 0.8980 0.0196 0.2275
v -0.153765 -2.327026 0.371221 0.8980 0.0196 0.2275
v -0.223232 -2.327026 0.334090 0.8980 0.0196 0.2275
v -0.284120 -2.327026 0.284120 0.8980 0.0196 0.2275
v -0.334090 -2.327026 0.223232 0.8980 0.0196 0.2275
v -0.371221 -2.327026 0.153765 0.8980 0.0196 0.2275
v -0.394086 -2.327026 0.078389 0.8980 0.0196 0.2275
v -0.401806 -2.327026 0.000000 0.8980 0.0196 0.2275
v -0.394086 -2.327026 -0.078389 0.8980 0.0196 0.2275
v -0.371221 -2.327026 -0.153765 0.8980 0.0196 0.2275
v -0.334090 -2.327026 -0.223232 0.8980 0.0196 0.2275
v -0.284120 -2.327026 -0.284120 0.8980 0.0196 0.2275
v -0.223232 -2.327026 -0.334090 0.8980 0.0196 0.2275
v -0.153765 -2.327026 -0.371221 0.8980 0.0196 0.2275
v -0.078389 -2.327026 -0.394086 0.8980 0.0196 0.2275
v 0.000000 -1.396035 -0.177020 1.0000 0.9960 0.9568
v 0.034535 -1.396035 -0.173619 1.0000 0.9960 0.9568
v 0.067743 -1.396035 -0.163545 1.0000 0.9960 0.9568
v 0.098347 -1.396035 -0.147187 1.0000 0.9960 0.9607
v 0.125172 -1.396035 -0.125172 1.0000 0.9960 0.9607
v 0.147187 -1.396035 -0.098347 1.0000 0.9960 0.9647
v 0.163545 -1.396035 -0.067743 1.0000 0.9960 0.9647
v 0.173619 -1.396035 -0.034535 1.0000 0.9960 0.9686
v 0.177020 -1.396035 0.000000 1.0000 0.9960 0.9686
v 0.173619 -1.396035 0.034535 1.0000 0.9960 0.9686
v 0.163545 -1.396035 0.067743 1.0000 0.9960 0.9686
v 0.147187 -1.396035 0.098347 1.0000 0.9960 0.9686
v 0.125172 -1.396035 0.125172 1.0000 0.9960 0.9686
v 0.098347 -1.396035 0.147187 1.0000 0.9960 0.9686
v 0.067743 -1.396035 0.163545 1.0000 0.9960 0.9686
v 0.034535 -1.396035 0.173619 1.0000 0.9960 0.9686
v 0.000000 -1.396035 0.177020 1.0000 0.9960 0.9686
v -0.034535 -1.396035 0.173619 1.0000 0.9960 0.9647
v -0.067743 -1.396035 0.163545 1.0000 0.9960 0.9647
v -0.098347 -1.396035 0.147187 1.0000 0.9960 0.9607
v -0.125172 -1.396035 0.125172 1.0000 0.9960 0.9607
v -0.147187 -1.396035 0.098347 1.0000 0.9960 0.9568
v -0.163545 -1.396035 0.067743 1.0000 0.9960 0.9568
v -0.173619 -1.396035 0.034535 1.0000 0.9960 0.9568
v -0.177020 -1.396035 0.000000 1.0000 0.9960 0.9529
v -0.173619 -1.396035 -0.034535 1.0000 0.9960 0.9529
v -0.163545 -1.396035 -0.067743 1.0000 0.9960 0.9529
v -0.147187 -1.396035 -0.098347 1.0000 0.9960 0.9490
v -0.125172 -1.396035 -0.125172 1.0000 0.9960 0.9490
v -0.098347 -1.396035 -0.147187 1.0000 0.9960 0.9529
v -0.067743 -1.396035 -0.163545 1.0000 0.9960 0.9529
v -0.034535 -1.396035 -0.173619 1.0000 0.9960 0.9529
vn 0.0980 -0.0000 -0.9952
vn 0.2903 -0.0000 -0.9569
vn 0.4714 -0.0000 -0.8819
vn 0.6344 -0.0000 -0.7730
vn 0.7730 -0.0000 -0.6344
vn 0.8819 -0.0000 -0.4714
vn 0.9569 -0.0000 -0.2903
vn 0.9952 -0.0000 -0.0980
vn 0.9952 -0.0000 0.0980
vn 0.9569 -0.0000 0.2903
vn 0.8819 -0.0000 0.4714
vn 0.7730 -0.0000 0.6344
vn 0.6344 -0.0000 0.7730
vn 0.4714 -0.0000 0.8819
vn 0.2903 -0.0000 0.9569
vn 0.0980 -0.0000 0.9952
vn -0.0980 -0.0000 0.9952
vn -0.2903 -0.0000 0.9569
vn -0.4714 -0.0000 0.8819
vn -0.6344 -0.0000 0.7730
vn -0.7730 -0.0000 0.6344
vn -0.8819 -0.0000 0.4714
vn -0.9569 -0.0000 0.2903
vn -0.9952 -0.0000 0.0980
vn -0.9952 -0.0000 -0.0980
vn -0.9569 -0.0000 -0.2903
vn -0.8819 -0.0000 -0.4714
vn -0.7730 -0.0000 -0.6344
vn -0.6344 -0.0000 -0.7730
vn -0.4714 -0.0000 -0.8819
vn -0.0000 1.0000 -0.0000
vn -0.2903 -0.0000 -0.9569
vn -0.0980 -0.0000 -0.9952
vn 0.1024 -0.9435 0.3151
vn 0.7002 -0.6617 0.2680
vn -0.2680 -0.9435 0.1947
vn -0.2680 -0.9435 -0.1947
vn 0.1024 -0.9435 -0.3151
vn 0.9050 -0.3304 0.2680
vn 0.0247 -0.3304 0.9435
vn -0.8897 -0.3304 0.3151
vn -0.5746 -0.3304 -0.7488
vn 0.5346 -0.3304 -0.7779
vn 0.8026 -0.1256 0.5831
vn -0.3066 -0.1256 0.9435
vn -0.9921 -0.1256 -0.0000
vn -0.3066 -0.1256 -0.9435
vn 0.8026 -0.1256 -0.5831
vn 0.4089 0.6617 0.6284
vn -0.4713 0.6617 0.5831
vn -0.7002 0.6617 -0.2680
vn 0.0385 0.6617 -0.7488
vn 0.7240 0.6617 -0.1947
vn 0.2680 0.9435 -0.1947
vn 0.4911 0.7947 -0.3568
vn 0.4089 0.6617 -0.6284
vn -0.1024 0.9435 -0.3151
vn -0.1876 0.7947 -0.5773
vn -0.4713 0.6617 -0.5831
vn -0.3313 0.9435 -0.0000
vn -0.6071 0.7947 -0.0000
vn -0.7002 0.6617 0.2680
vn -0.1024 0.9435 0.3151
vn -0.1876 0.7947 0.5773
vn 0.0385 0.6617 0.7488
vn 0.2680 0.9435 0.1947
vn 0.4911 0.7947 0.3568
vn 0.7240 0.6617 0.1947
vn 0.8897 0.3304 -0.3151
vn 0.7947 0.1876 -0.5773
vn 0.5746 0.3304 -0.7488
vn -0.0247 0.3304 -0.9435
vn -0.3035 0.1876 -0.9342
vn -0.5346 0.3304 -0.7779
vn -0.9050 0.3304 -0.2680
vn -0.9822 0.1876 -0.0000
vn -0.9050 0.3304 0.2680
vn -0.5346 0.3304 0.7779
vn -0.3035 0.1876 0.9342
vn -0.0247 0.3304 0.9435
vn 0.5746 0.3304 0.7488
vn 0.7947 0.1876 0.5773
vn 0.8897 0.3304 0.3151
vn 0.3066 0.1256 -0.9435
vn 0.3035 -0.1876 -0.9342
vn 0.0247 -0.3304 -0.9435
vn -0.8026 0.1256 -0.5831
vn -0.7947 -0.1876 -0.5773
vn -0.8897 -0.3304 -0.3151
vn -0.8026 0.1256 0.5831
vn -0.7947 -0.1876 0.5773
vn -0.5746 -0.3304 0.7488
vn 0.3066 0.1256 0.9435
vn 0.3035 -0.1876 0.9342
vn 0.5346 -0.3304 0.7779
vn 0.9921 0.1256 -0.0000
vn 0.9822 -0.1876 -0.0000
vn 0.9050 -0.3304 -0.2680
vn 0.4713 -0.6617 -0.5831
vn 0.1876 -0.7947 -0.5773
vn -0.0385 -0.6617 -0.7488
vn -0.4089 -0.6617 -0.6284
vn -0.4911 -0.7947 -0.3568
vn -0.7240 -0.6617 -0.1947
vn -0.7240 -0.6617 0.1947
vn -0.4911 -0.7947 0.3568
vn -0.4089 -0.6617 0.6284
vn 0.7002 -0.6617 -0.2680
vn 0.6071 -0.7947 -0.0000
vn 0.3313 -0.9435 -0.0000
vn -0.0385 -0.6617 0.7488
vn 0.1876 -0.7947 0.5773
vn 0.4713 -0.6617 0.5831
vn 0.9640 0.2583 -0.0632
vn 0.7063 0.7063 -0.0463
vn 0.2588 0.9658 -0.0170
vn -0.2588 0.9658 0.0170
vn -0.7063 0.7063 0.0463
vn -0.9640 0.2583 0.0632
vn -0.9640 -0.2583 0.0632
vn -0.7063 -0.7063 0.0463
vn -0.2588 -0.9658 0.0170
vn 0.2588 -0.9658 -0.0170
vn 0.7063 -0.7063 -0.0463
vn 0.9640 -0.2583 -0.0632
vn 0.9475 0.2583 -0.1885
vn 0.6943 0.7063 -0.1381
vn 0.2544 0.9658 -0.0506
vn -0.2544 0.9658 0.0506
vn -0.6943 0.7063 0.1381
vn -0.9475 0.2583 0.1885
vn -0.9475 -0.2583 0.1885
vn -0.6943 -0.7063 0.1381
vn -0.2544 -0.9658 0.0506
vn 0.2544 -0.9658 -0.0506
vn 0.6943 -0.7063 -0.1381
vn 0.9475 -0.2583 -0.1885
vn 0.9148 0.2583 -0.3105
vn 0.6703 0.7063 -0.2275
vn 0.2456 0.9658 -0.0834
vn -0.2456 0.9658 0.0834
vn -0.6703 0.7063 0.2275
vn -0.9148 0.2583 0.3105
vn -0.9148 -0.2583 0.3105
vn -0.6703 -0.7063 0.2275
vn -0.2456 -0.9658 0.0834
vn 0.2456 -0.9658 -0.0834
vn 0.6703 -0.7063 -0.2275
vn 0.9148 -0.2583 -0.3105
vn 0.8664 0.2583 -0.4273
vn 0.6349 0.7063 -0.3131
vn 0.2326 0.9658 -0.1147
vn -0.2326 0.9658 0.1147
vn -0.6349 0.7063 0.3131
vn -0.8664 0.2583 0.4273
vn -0.8664 -0.2583 0.4273
vn -0.6349 -0.7063 0.3131
vn -0.2326 -0.9658 0.1147
vn 0.2326 -0.9658 -0.1147
vn 0.6349 -0.7063 -0.3131
vn 0.8664 -0.2583 -0.4273
vn 0.8033 0.2583 -0.5367
vn 0.5886 0.7063 -0.3933
vn 0.2156 0.9658 -0.1441
vn -0.2156 0.9658 0.1441
vn -0.5886 0.7063 0.3933
vn -0.8033 0.2583 0.5367
vn -0.8033 -0.2583 0.5367
vn -0.5886 -0.7063 0.3933
vn -0.2156 -0.9658 0.1441
vn 0.2156 -0.9658 -0.1441
vn 0.5886 -0.7063 -0.3933
vn 0.8033 -0.2583 -0.5367
vn 0.7263 0.2583 -0.6370
vn 0.5322 0.7063 -0.4667
vn 0.1950 0.9658 -0.1710
vn -0.1950 0.9658 0.1710
vn -0.5322 0.7063 0.4667
vn -0.7263 0.2583 0.6370
vn -0.7263 -0.2583 0.6370
vn -0.5322 -0.7063 0.4667
vn -0.1950 -0.9658 0.1710
vn 0.1950 -0.9658 -0.1710
vn 0.5322 -0.7063 -0.4667
vn 0.7263 -0.2583 -0.6370
vn 0.6370 0.2583 -0.7263
vn 0.4667 0.7063 -0.5322
vn 0.1710 0.9658 -0.1950
vn -0.1710 0.9658 0.1950
vn -0.4667 0.7063 0.5322
vn -0.6370 0.2583 0.7263
vn -0.6370 -0.2583 0.7263
vn -0.4667 -0.7063 0.5322
vn -0.1710 -0.9658 0.1950
vn 0.1710 -0.9658 -0.1950
vn 0.4667 -0.7063 -0.5322
vn 0.6370 -0.2583 -0.7263
vn 0.5367 0.2583 -0.8033
vn 0.3933 0.7063 -0.5886
vn 0.1441 0.9658 -0.2156
vn -0.1441 0.9658 0.2156
vn -0.3933 0.7063 0.5886
vn -0.5367 0.2583 0.8033
vn -0.5367 -0.2583 0.8033
vn -0.3933 -0.7063 0.5886
vn -0.1441 -0.9658 0.2156
vn 0.1441 -0.9658 -0.2156
vn 0.3933 -0.7063 -0.5886
vn 0.5367 -0.2583 -0.8033
vn 0.4273 0.2583 -0.8664
vn 0.3131 0.7063 -0.6349
vn 0.1147 0.9658 -0.2326
vn -0.1147 0.9658 0.2326
vn -0.3131 0.7063 0.6349
vn -0.4273 0.2583 0.8664
vn -0.4273 -0.2583 0.8664
vn -0.3131 -0.7063 0.6349
vn -0.1147 -0.9658 0.2326
vn 0.1147 -0.9658 -0.2326
vn 0.3131 -0.7063 -0.6349
vn 0.4273 -0.2583 -0.8664
vn 0.3105 0.2583 -0.9148
vn 0.2275 0.7063 -0.6703
vn 0.0834 0.9658 -0.2456
vn -0.0834 0.9658 0.2456
vn -0.2275 0.7063 0.6703
vn -0.3105 0.2583 0.9148
vn -0.3105 -0.2583 0.9148
vn -0.2275 -0.7063 0.6703
vn -0.0834 -0.9658 0.2456
vn 0.0834 -0.9658 -0.2456
vn 0.2275 -0.7063 -0.6703
vn 0.3105 -0.2583 -0.9148
vn 0.1885 0.2583 -0.9475
vn 0.1381 0.7063 -0.6943
vn 0.0506 0.9658 -0.2544
vn -0.0506 0.9658 0.2544
vn -0.1381 0.7063 0.6943
vn -0.1885 0.2583 0.9475
vn -0.1885 -0.2583 0.9475
vn -0.1381 -0.7063 0.6943
vn -0.0506 -0.9658 0.2544
vn 0.0506 -0.9658 -0.2544
vn 0.1381 -0.7063 -0.6943
vn 0.1885 -0.2583 -0.9475
vn 0.0632 0.2583 -0.9640
vn 0.0463 0.7063 -0.7063
vn 0.0170 0.9658 -0.2588
vn -0.0170 0.9658 0.2588
vn -0.0463 0.7063 0.7063
vn -0.0632 0.2583 0.9640
vn -0.0632 -0.2583 0.9640
vn -0.0463 -0.7063 0.7063
vn -0.0170 -0.9658 0.2588
vn 0.0170 -0.9658 -0.2588
vn 0.0463 -0.7063 -0.7063
vn 0.0632 -0.2583 -0.9640
vn -0.0632 0.2583 -0.9640
vn -0.0463 0.7063 -0.7063
vn -0.0170 0.9658 -0.2588
vn 0.0170 0.9658 0.2588
vn 0.0463 0.7063 0.7063
vn 0.0632 0.2583 0.9640
vn 0.0632 -0.2583 0.9640
vn 0.0463 -0.7063 0.7063
vn 0.0170 -0.9658 0.2588
vn -0.0170 -0.9658 -0.2588
vn -0.0463 -0.7063 -0.7063
vn -0.0632 -0.2583 -0.9640
vn -0.1885 0.2583 -0.9475
vn -0.1381 0.7063 -0.6943
vn -0.0506 0.9658 -0.2544
vn 0.0506 0.9658 0.2544
vn 0.1381 0.7063 0.6943
vn 0.1885 0.2583 0.9475
vn 0.1885 -0.2583 0.9475
vn 0.1381 -0.7063 0.6943
vn 0.0506 -0.9658 0.2544
vn -0.0506 -0.9658 -0.2544
vn -0.1381 -0.7063 -0.6943
vn -0.1885 -0.2583 -0.9475
vn -0.3105 0.2583 -0.9148
vn -0.2275 0.7063 -0.6703
vn -0.0834 0.9658 -0.2456
vn 0.0834 0.9658 0.2456
vn 0.2275 0.7063 0.6703
vn 0.3105 0.2583 0.9148
vn 0.3105 -0.2583 0.9148
vn 0.2275 -0.7063 0.6703
vn 0.0834 -0.9658 0.2456
vn -0.0834 -0.9658 -0.2456
vn -0.2275 -0.7063 -0.6703
vn -0.3105 -0.2583 -0.9148
vn -0.4273 0.2583 -0.8664
vn -0.3131 0.7063 -0.6349
vn -0.1147 0.9658 -0.2326
vn 0.1147 0.9658 0.2326
vn 0.3131 0.7063 0.6349
vn 0.4273 0.2583 0.8664
vn 0.4273 -0.2583 0.8664
vn 0.3131 -0.7063 0.6349
vn 0.1147 -0.9658 0.2326
vn -0.1147 -0.9658 -0.2326
vn -0.3131 -0.7063 -0.6349
vn -0.4273 -0.2583 -0.8664
vn -0.5367 0.2583 -0.8033
vn -0.3933 0.7063 -0.5886
vn -0.1441 0.9658 -0.2156
vn 0.1441 0.9658 0.2156
vn 0.3933 0.7063 0.5886
vn 0.5367 0.2583 0.8033
vn 0.5367 -0.2583 0.8033
vn 0.3933 -0.7063 0.5886
vn 0.1441 -0.9658 0.2156
vn -0.1441 -0.9658 -0.2156
vn -0.3933 -0.7063 -0.5886
vn -0.5367 -0.2583 -0.8033
vn -0.6370 0.2583 -0.7263
vn -0.4667 0.7063 -0.5322
vn -0.1710 0.9658 -0.1950
vn 0.1710 0.9658 0.1950
vn 0.4667 0.7063 0.5322
vn 0.6370 0.2583 0.7263
vn 0.6370 -0.2583 0.7263
vn 0.4667 -0.7063 0.5322
vn 0.1710 -0.9658 0.1950
vn -0.1710 -0.9658 -0.1950
vn -0.4667 -0.7063 -0.5322
vn -0.6370 -0.2583 -0.7263
vn -0.7263 0.2583 -0.6370
vn -0.5322 0.7063 -0.4667
vn -0.1950 0.9658 -0.1710
vn 0.1950 0.9658 0.1710
vn 0.5322 0.7063 0.4667
vn 0.7263 0.2583 0.6370
vn 0.7263 -0.2583 0.6370
vn 0.5322 -0.7063 0.4667
vn 0.1950 -0.9658 0.1710
vn -0.1950 -0.9658 -0.1710
vn -0.5322 -0.7063 -0.4667
vn -0.7263 -0.2583 -0.6370
vn -0.8033 0.2583 -0.5367
vn -0.5886 0.7063 -0.3933
vn -0.2156 0.9658 -0.1441
vn 0.2156 0.9658 0.1441
vn 0.5886 0.7063 0.3933
vn 0.8033 0.2583 0.5367
vn 0.8033 -0.2583 0.5367
vn 0.5886 -0.7063 0.3933
vn 0.2156 -0.9658 0.1441
vn -0.2156 -0.9658 -0.1441
vn -0.5886 -0.7063 -0.3933
vn -0.8033 -0.2583 -0.5367
vn -0.8664 0.2583 -0.4273
vn -0.6349 0.7063 -0.3131
vn -0.2326 0.9658 -0.1147
vn 0.2326 0.9658 0.1147
vn 0.6349 0.7063 0.3131
vn 0.8664 0.2583 0.4273
vn 0.8664 -0.2583 0.4273
vn 0.6349 -0.7063 0.3131
vn 0.2326 -0.9658 0.1147
vn -0.2326 -0.9658 -0.1147
vn -0.6349 -0.7063 -0.3131
vn -0.8664 -0.2583 -0.4273
vn -0.9148 0.2583 -0.3105
vn -0.6703 0.7063 -0.2275
vn -0.2456 0.9658 -0.0834
vn 0.2456 0.9658 0.0834
vn 0.6703 0.7063 0.2275
vn 0.9148 0.2583 0.3105
vn 0.9148 -0.2583 0.3105
vn 0.6703 -0.7063 0.2275
vn 0.2456 -0.9658 0.0834
vn -0.2456 -0.9658 -0.0834
vn -0.6703 -0.7063 -0.2275
vn -0.9148 -0.2583 -0.3105
vn -0.9475 0.2583 -0.1885
vn -0.6943 0.7063 -0.1381
vn -0.2544 0.9658 -0.0506
vn 0.2544 0.9658 0.0506
vn 0.6943 0.7063 0.1381
vn 0.9475 0.2583 0.1885
vn 0.9475 -0.2583 0.1885
vn 0.6943 -0.7063 0.1381
vn 0.2544 -0.9658 0.0506
vn -0.2544 -0.9658 -0.0506
vn -0.6943 -0.7063 -0.1381
vn -0.9475 -0.2583 -0.1885
vn -0.9640 0.2583 -0.0632
vn -0.7063 0.7063 -0.0463
vn -0.2588 0.9658 -0.0170
vn 0.2588 0.9658 0.0170
vn 0.7063 0.7063 0.0463
vn 0.9640 0.2583 0.0632
vn 0.9640 -0.2583 0.0632
vn 0.7063 -0.7063 0.0463
vn 0.2588 -0.9658 0.0170
vn -0.2588 -0.9658 -0.0170
vn -0.7063 -0.7063 -0.0463
vn -0.9640 -0.2583 -0.0632
vn 0.7064 0.7063 0.0463
vn -0.6703 0.7064 0.2275
vn 0.6349 0.7064 -0.3131
vn 0.6349 -0.7064 -0.3131
vn -0.5886 -0.7064 0.3933
vn 0.5322 -0.7064 -0.4667
vn 0.4667 0.7064 -0.5322
vn -0.3933 0.7064 0.5886
vn -0.3933 -0.7064 0.5886
vn 0.3933 -0.7064 -0.5886
vn 0.3131 0.7064 -0.6349
vn -0.2275 -0.7064 0.6703
vn -0.3131 0.7064 -0.6349
vn -0.3933 0.7064 -0.5886
vn 0.3933 0.7064 0.5886
vn -0.3933 -0.7064 -0.5886
vn -0.4667 0.7064 -0.5322
vn -0.4667 -0.7064 -0.5322
vn -0.5322 0.7064 -0.4667
vn 0.5322 -0.7064 0.4667
vn -0.5886 0.7064 -0.3933
vn 0.8032 0.2583 0.5367
vn -0.5886 -0.7064 -0.3933
vn -0.6349 0.7064 -0.3131
vn 0.6703 -0.7064 0.2275
vn -0.6703 -0.7064 -0.2275
vn -0.6943 -0.7064 -0.1381
vn -0.7064 0.7063 -0.0463
vn 0.7063 0.7064 0.0463
vn 0.7063 -0.7064 0.0463
vn -0.7063 0.7064 0.0463
vn 0.7063 -0.7064 -0.0463
vn -0.7064 -0.7063 0.0463
vn -0.6943 -0.7064 0.1381
vn 0.6703 0.7064 -0.2275
vn -0.6703 -0.7064 0.2275
vn -0.6349 0.7064 0.3131
vn -0.5322 0.7064 0.4667
vn -0.5322 -0.7064 0.4667
vn 0.4667 -0.7064 -0.5322
vn 0.3933 0.7064 -0.5886
vn -0.3131 0.7064 0.6349
vn 0.1381 0.7064 -0.6943
vn 0.3131 0.7064 0.6349
vn 0.3933 -0.7064 0.5886
vn 0.5322 0.7064 0.4667
vn -0.5322 -0.7064 -0.4667
vn 0.6349 0.7064 0.3131
vn -0.6943 0.7064 -0.1381
vn -0.0000 -1.0000 -0.0000
vt 1.000000 0.500000
vt 1.000000 1.000000
vt 0.968750 1.000000
vt 0.968750 0.500000
vt 0.937500 1.000000
vt 0.937500 0.500000
vt 0.906250 1.000000
vt 0.906250 0.500000
vt 0.875000 1.000000
vt 0.875000 0.500000
vt 0.843750 1.000000
vt 0.843750 0.500000
vt 0.812500 1.000000
vt 0.812500 0.500000
vt 0.781250 1.000000
vt 0.781250 0.500000
vt 0.750000 1.000000
vt 0.750000 0.500000
vt 0.718750 1.000000
vt 0.718750 0.500000
vt 0.687500 1.000000
vt 0.687500 0.500000
vt 0.656250 1.000000
vt 0.656250 0.500000
vt 0.625000 1.000000
vt 0.625000 0.500000
vt 0.593750 1.000000
vt 0.593750 0.500000
vt 0.562500 1.000000
vt 0.562500 0.500000
vt 0.531250 1.000000
vt 0.531250 0.500000
vt 0.500000 1.000000
vt 0.500000 0.500000
vt 0.468750 1.000000
vt 0.468750 0.500000
vt 0.437500 1.000000
vt 0.437500 0.500000
vt 0.406250 1.000000
vt 0.406250 0.500000
vt 0.375000 1.000000
vt 0.375000 0.500000
vt 0.343750 1.000000
vt 0.343750 0.500000
vt 0.312500 1.000000
vt 0.312500 0.500000
vt 0.281250 1.000000
vt 0.281250 0.500000
vt 0.250000 1.000000
vt 0.250000 0.500000
vt 0.218750 1.000000
vt 0.218750 0.500000
vt 0.187500 1.000000
vt 0.187500 0.500000
vt 0.156250 1.000000
vt 0.156250 0.500000
vt 0.125000 1.000000
vt 0.125000 0.500000
vt 0.093750 1.000000
vt 0.093750 0.500000
vt 0.062500 1.000000
vt 0.062500 0.500000
vt 0.296822 0.485388
vt 0.250000 0.490000
vt 0.203178 0.485388
vt 0.158156 0.471731
vt 0.116663 0.449553
vt 0.080294 0.419706
vt 0.050447 0.383337
vt 0.028269 0.341844
vt 0.014612 0.296822
vt 0.010000 0.250000
vt 0.014612 0.203178
vt 0.028269 0.158156
vt 0.050447 0.116663
vt 0.080294 0.080294
vt 0.116663 0.050447
vt 0.158156 0.028269
vt 0.203178 0.014612
vt 0.250000 0.010000
vt 0.296822 0.014612
vt 0.341844 0.028269
vt 0.383337 0.050447
vt 0.419706 0.080294
vt 0.449553 0.116663
vt 0.471731 0.158156
vt 0.485388 0.203178
vt 0.490000 0.250000
vt 0.485388 0.296822
vt 0.471731 0.341844
vt 0.449553 0.383337
vt 0.419706 0.419706
vt 0.383337 0.449553
vt 0.341844 0.471731
vt 0.031250 1.000000
vt 0.031250 0.500000
vt 0.000000 1.000000
vt 0.000000 0.500000
vt 0.961565 0.207917
vt 0.949290 0.167452
vt 0.181819 0.000000
vt 0.227273 0.078731
vt 0.136365 0.078731
vt 0.272728 0.157461
vt 0.318182 0.078731
vt 0.363637 0.157461
vt 0.909091 0.000000
vt 0.954545 0.078731
vt 0.863636 0.078731
vt 0.727273 0.000000
vt 0.772727 0.078731
vt 0.681818 0.078731
vt 0.545455 0.000000
vt 0.590909 0.078731
vt 0.500000 0.078731
vt 0.318182 0.236191
vt 0.090910 0.157461
vt 0.181819 0.157461
vt 0.136365 0.236191
vt 0.818182 0.157461
vt 0.909091 0.157461
vt 0.863636 0.236191
vt 0.636364 0.157461
vt 0.727273 0.157461
vt 0.681818 0.236191
vt 0.454546 0.157461
vt 0.545455 0.157461
vt 0.500000 0.236191
vt 0.227273 0.236191
vt 0.045455 0.236191
vt 0.772727 0.236191
vt 0.590909 0.236191
vt 0.409092 0.236191
vt 0.181819 0.314921
vt 0.272728 0.314921
vt 0.227273 0.393651
vt 0.000000 0.314921
vt 0.090910 0.314921
vt 0.045455 0.393651
vt 0.727273 0.314921
vt 0.818182 0.314921
vt 0.772727 0.393651
vt 0.545455 0.314921
vt 0.636364 0.314921
vt 0.590909 0.393651
vt 0.363637 0.314921
vt 0.454546 0.314921
vt 0.409092 0.393651
vt 0.500000 0.393651
vt 0.454546 0.472382
vt 0.681818 0.393651
vt 0.636364 0.472382
vt 0.863636 0.393651
vt 0.818182 0.472382
vt 0.909091 0.314921
vt 0.136365 0.393651
vt 0.090910 0.472382
vt 0.318182 0.393651
vt 0.272728 0.472382
vt 0.954545 0.236191
vt 1.000000 0.157461
vt 0.409092 0.078731
vt 0.363637 0.000000
vt 0.520833 0.500000
vt 0.520833 0.583333
vt 0.500000 0.583333
vt 0.520833 0.666667
vt 0.500000 0.666667
vt 0.520833 0.750000
vt 0.500000 0.750000
vt 0.520833 0.833333
vt 0.500000 0.833333
vt 0.520833 0.916667
vt 0.500000 0.916667
vt 0.520833 1.000000
vt 0.500000 0.000000
vt 0.520833 0.000000
vt 0.520833 0.083333
vt 0.500000 0.083333
vt 0.520833 0.166667
vt 0.500000 0.166667
vt 0.520833 0.250000
vt 0.500000 0.250000
vt 0.520833 0.333333
vt 0.500000 0.333333
vt 0.520833 0.416667
vt 0.500000 0.416667
vt 0.541667 0.500000
vt 0.541667 0.583333
vt 0.541667 0.666667
vt 0.541667 0.750000
vt 0.541667 0.833333
vt 0.541667 0.916667
vt 0.541667 1.000000
vt 0.541667 0.000000
vt 0.541667 0.083333
vt 0.541667 0.166667
vt 0.541667 0.250000
vt 0.541667 0.333333
vt 0.541667 0.416667
vt 0.562500 0.583333
vt 0.562500 0.666667
vt 0.562500 0.750000
vt 0.562500 0.833333
vt 0.562500 0.916667
vt 0.562500 0.000000
vt 0.562500 0.083333
vt 0.562500 0.166667
vt 0.562500 0.250000
vt 0.562500 0.333333
vt 0.562500 0.416667
vt 0.583333 0.500000
vt 0.583333 0.583333
vt 0.583333 0.666667
vt 0.583333 0.750000
vt 0.583333 0.833333
vt 0.583333 0.916667
vt 0.583333 1.000000
vt 0.583333 0.000000
vt 0.583333 0.083333
vt 0.583333 0.166667
vt 0.583333 0.250000
vt 0.583333 0.333333
vt 0.583333 0.416667
vt 0.604167 0.500000
vt 0.604167 0.583333
vt 0.604167 0.666667
vt 0.604167 0.750000
vt 0.604167 0.833333
vt 0.604167 0.916667
vt 0.604167 1.000000
vt 0.604167 0.000000
vt 0.604167 0.083333
vt 0.604167 0.166667
vt 0.604167 0.250000
vt 0.604167 0.333333
vt 0.604167 0.416667
vt 0.625000 0.583333
vt 0.625000 0.666667
vt 0.625000 0.750000
vt 0.625000 0.833333
vt 0.625000 0.916667
vt 0.625000 0.000000
vt 0.625000 0.083333
vt 0.625000 0.166667
vt 0.625000 0.250000
vt 0.625000 0.333333
vt 0.625000 0.416667
vt 0.645833 0.500000
vt 0.645833 0.583333
vt 0.645833 0.666667
vt 0.645833 0.750000
vt 0.645833 0.833333
vt 0.645833 0.916667
vt 0.645833 1.000000
vt 0.645833 0.000000
vt 0.645833 0.083333
vt 0.645833 0.166667
vt 0.645833 0.250000
vt 0.645833 0.333333
vt 0.645833 0.416667
vt 0.666667 0.500000
vt 0.666667 0.583333
vt 0.666667 0.666667
vt 0.666667 0.750000
vt 0.666667 0.833333
vt 0.666667 0.916667
vt 0.666667 1.000000
vt 0.666667 0.000000
vt 0.666667 0.083333
vt 0.666667 0.166667
vt 0.666667 0.250000
vt 0.666667 0.333333
vt 0.666667 0.416667
vt 0.687500 0.583333
vt 0.687500 0.666667
vt 0.687500 0.750000
vt 0.687500 0.833333
vt 0.687500 0.916667
vt 0.687500 0.000000
vt 0.687500 0.083333
vt 0.687500 0.166667
vt 0.687500 0.250000
vt 0.687500 0.333333
vt 0.687500 0.416667
vt 0.708333 0.500000
vt 0.708333 0.583333
vt 0.708333 0.666667
vt 0.708333 0.750000
vt 0.708333 0.833333
vt 0.708333 0.916667
vt 0.708333 1.000000
vt 0.708333 0.000000
vt 0.708333 0.083333
vt 0.708333 0.166667
vt 0.708333 0.250000
vt 0.708333 0.333333
vt 0.708333 0.416667
vt 0.729167 0.500000
vt 0.729167 0.583333
vt 0.729167 0.666667
vt 0.729167 0.750000
vt 0.729167 0.833333
vt 0.729167 0.916667
vt 0.729167 1.000000
vt 0.729167 0.000000
vt 0.729167 0.083333
vt 0.729167 0.166667
vt 0.729167 0.250000
vt 0.729167 0.333333
vt 0.729167 0.416667
vt 0.750000 0.583333
vt 0.750000 0.666667
vt 0.750000 0.750000
vt 0.750000 0.833333
vt 0.750000 0.916667
vt 0.750000 0.000000
vt 0.750000 0.083333
vt 0.750000 0.166667
vt 0.750000 0.250000
vt 0.750000 0.333333
vt 0.750000 0.416667
vt 0.770833 0.500000
vt 0.770833 0.583333
vt 0.770833 0.666667
vt 0.770833 0.750000
vt 0.770833 0.833333
vt 0.770833 0.916667
vt 0.770833 1.000000
vt 0.770833 0.000000
vt 0.770833 0.083333
vt 0.770833 0.166667
vt 0.770833 0.250000
vt 0.770833 0.333333
vt 0.770833 0.416667
vt 0.791667 0.500000
vt 0.791667 0.583333
vt 0.791667 0.666667
vt 0.791667 0.750000
vt 0.791667 0.833333
vt 0.791667 0.916667
vt 0.791667 1.000000
vt 0.791667 0.000000
vt 0.791667 0.083333
vt 0.791667 0.166667
vt 0.791667 0.250000
vt 0.791667 0.333333
vt 0.791667 0.416667
vt 0.812500 0.583333
vt 0.812500 0.666667
vt 0.812500 0.750000
vt 0.812500 0.833333
vt 0.812500 0.916667
vt 0.812500 0.000000
vt 0.812500 0.083333
vt 0.812500 0.166667
vt 0.812500 0.250000
vt 0.812500 0.333333
vt 0.812500 0.416667
vt 0.833333 0.500000
vt 0.833333 0.583333
vt 0.833333 0.666667
vt 0.833333 0.750000
vt 0.833333 0.833333
vt 0.833333 0.916667
vt 0.833333 1.000000
vt 0.833333 0.000000
vt 0.833333 0.083333
vt 0.833333 0.166667
vt 0.833333 0.250000
vt 0.833333 0.333333
vt 0.833333 0.416667
vt 0.854167 0.500000
vt 0.854167 0.583333
vt 0.854167 0.666667
vt 0.854167 0.750000
vt 0.854167 0.833333
vt 0.854167 0.916667
vt 0.854167 1.000000
vt 0.854167 0.000000
vt 0.854167 0.083333
vt 0.854167 0.166667
vt 0.854167 0.250000
vt 0.854167 0.333333
vt 0.854167 0.416667
vt 0.875000 0.583333
vt 0.875000 0.666667
vt 0.875000 0.750000
vt 0.875000 0.833333
vt 0.875000 0.916667
vt 0.875000 0.000000
vt 0.875000 0.083333
vt 0.875000 0.166667
vt 0.875000 0.250000
vt 0.875000 0.333333
vt 0.875000 0.416667
vt 0.895833 0.500000
vt 0.895833 0.583333
vt 0.895833 0.666667
vt 0.895833 0.750000
vt 0.895833 0.833333
vt 0.895833 0.916667
vt 0.895833 1.000000
vt 0.895833 0.000000
vt 0.895833 0.083333
vt 0.895833 0.166667
vt 0.895833 0.250000
vt 0.895833 0.333333
vt 0.895833 0.416667
vt 0.916667 0.500000
vt 0.916667 0.583333
vt 0.916667 0.666667
vt 0.916667 0.750000
vt 0.916667 0.833333
vt 0.916667 0.916667
vt 0.916667 1.000000
vt 0.916667 0.000000
vt 0.916667 0.083333
vt 0.916667 0.166667
vt 0.916667 0.250000
vt 0.916667 0.333333
vt 0.916667 0.416667
vt 0.937500 0.583333
vt 0.937500 0.666667
vt 0.937500 0.750000
vt 0.937500 0.833333
vt 0.937500 0.916667
vt 0.937500 0.000000
vt 0.937500 0.083333
vt 0.937500 0.166667
vt 0.937500 0.250000
vt 0.937500 0.333333
vt 0.937500 0.416667
vt 0.958333 0.500000
vt 0.958333 0.583333
vt 0.958333 0.666667
vt 0.958333 0.750000
vt 0.958333 0.833333
vt 0.958333 0.916667
vt 0.958333 1.000000
vt 0.958333 0.000000
vt 0.958333 0.083333
vt 0.958333 0.166667
vt 0.958333 0.250000
vt 0.958333 0.333333
vt 0.958333 0.416667
vt 0.979167 0.500000
vt 0.979167 0.583333
vt 0.979167 0.666667
vt 0.979167 0.750000
vt 0.979167 0.833333
vt 0.979167 0.916667
vt 0.979167 1.000000
vt 0.979167 0.000000
vt 0.979167 0.083333
vt 0.979167 0.166667
vt 0.979167 0.250000
vt 0.979167 0.333333
vt 0.979167 0.416667
vt 1.000000 0.583333
vt 1.000000 0.666667
vt 1.000000 0.750000
vt 1.000000 0.833333
vt 1.000000 0.916667
vt 1.000000 0.000000
vt 1.000000 0.083333
vt 1.000000 0.166667
vt 1.000000 0.250000
vt 1.000000 0.333333
vt 1.000000 0.416667
vt 0.000000 0.500000
vt 0.020833 0.500000
vt 0.020833 0.583333
vt 0.000000 0.583333
vt 0.020833 0.666667
vt 0.000000 0.666667
vt 0.020833 0.750000
vt 0.000000 0.750000
vt 0.020833 0.833333
vt 0.000000 0.833333
vt 0.020833 0.916667
vt 0.000000 0.916667
vt 0.020833 1.000000
vt 0.000000 1.000000
vt 0.000000 0.000000
vt 0.020833 0.000000
vt 0.020833 0.083333
vt 0.000000 0.083333
vt 0.020833 0.166667
vt 0.000000 0.166667
vt 0.020833 0.250000
vt 0.000000 0.250000
vt 0.020833 0.333333
vt 0.000000 0.333333
vt 0.020833 0.416667
vt 0.000000 0.416667
vt 0.041667 0.500000
vt 0.041667 0.583333
vt 0.041667 0.666667
vt 0.041667 0.750000
vt 0.041667 0.833333
vt 0.041667 0.916667
vt 0.041667 1.000000
vt 0.041667 0.000000
vt 0.041667 0.083333
vt 0.041667 0.166667
vt 0.041667 0.250000
vt 0.041667 0.333333
vt 0.041667 0.416667
vt 0.062500 0.583333
vt 0.062500 0.666667
vt 0.062500 0.750000
vt 0.062500 0.833333
vt 0.062500 0.916667
vt 0.062500 0.000000
vt 0.062500 0.083333
vt 0.062500 0.166667
vt 0.062500 0.250000
vt 0.062500 0.333333
vt 0.062500 0.416667
vt 0.083333 0.500000
vt 0.083333 0.583333
vt 0.083333 0.666667
vt 0.083333 0.750000
vt 0.083333 0.833333
vt 0.083333 0.916667
vt 0.083333 1.000000
vt 0.083333 0.000000
vt 0.083333 0.083333
vt 0.083333 0.166667
vt 0.083333 0.250000
vt 0.083333 0.333333
vt 0.083333 0.416667
vt 0.104167 0.500000
vt 0.104167 0.583333
vt 0.104167 0.666667
vt 0.104167 0.750000
vt 0.104167 0.833333
vt 0.104167 0.916667
vt 0.104167 1.000000
vt 0.104167 0.000000
vt 0.104167 0.083333
vt 0.104167 0.166667
vt 0.104167 0.250000
vt 0.104167 0.333333
vt 0.104167 0.416667
vt 0.125000 0.583333
vt 0.125000 0.666667
vt 0.125000 0.750000
vt 0.125000 0.833333
vt 0.125000 0.916667
vt 0.125000 0.000000
vt 0.125000 0.083333
vt 0.125000 0.166667
vt 0.125000 0.250000
vt 0.125000 0.333333
vt 0.125000 0.416667
vt 0.145833 0.500000
vt 0.145833 0.583333
vt 0.145833 0.666667
vt 0.145833 0.750000
vt 0.145833 0.833333
vt 0.145833 0.916667
vt 0.145833 1.000000
vt 0.145833 0.000000
vt 0.145833 0.083333
vt 0.145833 0.166667
vt 0.145833 0.250000
vt 0.145833 0.333333
vt 0.145833 0.416667
vt 0.166667 0.500000
vt 0.166667 0.583333
vt 0.166667 0.666667
vt 0.166667 0.750000
vt 0.166667 0.833333
vt 0.166667 0.916667
vt 0.166667 1.000000
vt 0.166667 0.000000
vt 0.166667 0.083333
vt 0.166667 0.166667
vt 0.166667 0.250000
vt 0.166667 0.333333
vt 0.166667 0.416667
vt 0.187500 0.583333
vt 0.187500 0.666667
vt 0.187500 0.750000
vt 0.187500 0.833333
vt 0.187500 0.916667
vt 0.187500 0.000000
vt 0.187500 0.083333
vt 0.187500 0.166667
vt 0.187500 0.250000
vt 0.187500 0.333333
vt 0.187500 0.416667
vt 0.208333 0.500000
vt 0.208333 0.583333
vt 0.208333 0.666667
vt 0.208333 0.750000
vt 0.208333 0.833333
vt 0.208333 0.916667
vt 0.208333 1.000000
vt 0.208333 0.000000
vt 0.208333 0.083333
vt 0.208333 0.166667
vt 0.208333 0.250000
vt 0.208333 0.333333
vt 0.208333 0.416667
vt 0.229167 0.500000
vt 0.229167 0.583333
vt 0.229167 0.666667
vt 0.229167 0.750000
vt 0.229167 0.833333
vt 0.229167 0.916667
vt 0.229167 1.000000
vt 0.229167 0.000000
vt 0.229167 0.083333
vt 0.229167 0.166667
vt 0.229167 0.250000
vt 0.229167 0.333333
vt 0.229167 0.416667
vt 0.250000 0.583333
vt 0.250000 0.666667
vt 0.250000 0.750000
vt 0.250000 0.833333
vt 0.250000 0.916667
vt 0.250000 0.000000
vt 0.250000 0.083333
vt 0.250000 0.166667
vt 0.250000 0.250000
vt 0.250000 0.333333
vt 0.250000 0.416667
vt 0.270833 0.500000
vt 0.270833 0.583333
vt 0.270833 0.666667
vt 0.270833 0.750000
vt 0.270833 0.833333
vt 0.270833 0.916667
vt 0.270833 1.000000
vt 0.270833 0.000000
vt 0.270833 0.083333
vt 0.270833 0.166667
vt 0.270833 0.250000
vt 0.270833 0.333333
vt 0.270833 0.416667
vt 0.291667 0.500000
vt 0.291667 0.583333
vt 0.291667 0.666667
vt 0.291667 0.750000
vt 0.291667 0.833333
vt 0.291667 0.916667
vt 0.291667 1.000000
vt 0.291667 0.000000
vt 0.291667 0.083333
vt 0.291667 0.166667
vt 0.291667 0.250000
vt 0.291667 0.333333
vt 0.291667 0.416667
vt 0.312500 0.583333
vt 0.312500 0.666667
vt 0.312500 0.750000
vt 0.312500 0.833333
vt 0.312500 0.916667
vt 0.312500 0.000000
vt 0.312500 0.083333
vt 0.312500 0.166667
vt 0.312500 0.250000
vt 0.312500 0.333333
vt 0.312500 0.416667
vt 0.333333 0.500000
vt 0.333333 0.583333
vt 0.333333 0.666667
vt 0.333333 0.750000
vt 0.333333 0.833333
vt 0.333333 0.916667
vt 0.333333 1.000000
vt 0.333333 0.000000
vt 0.333333 0.083333
vt 0.333333 0.166667
vt 0.333333 0.250000
vt 0.333333 0.333333
vt 0.333333 0.416667
vt 0.354167 0.500000
vt 0.354167 0.583333
vt 0.354167 0.666667
vt 0.354167 0.750000
vt 0.354167 0.833333
vt 0.354167 0.916667
vt 0.354167 1.000000
vt 0.354167 0.000000
vt 0.354167 0.083333
vt 0.354167 0.166667
vt 0.354167 0.250000
vt 0.354167 0.333333
vt 0.354167 0.416667
vt 0.375000 0.583333
vt 0.375000 0.666667
vt 0.375000 0.750000
vt 0.375000 0.833333
vt 0.375000 0.916667
vt 0.375000 0.000000
vt 0.375000 0.083333
vt 0.375000 0.166667
vt 0.375000 0.250000
vt 0.375000 0.333333
vt 0.375000 0.416667
vt 0.395833 0.500000
vt 0.395833 0.583333
vt 0.395833 0.666667
vt 0.395833 0.750000
vt 0.395833 0.833333
vt 0.395833 0.916667
vt 0.395833 1.000000
vt 0.395833 0.000000
vt 0.395833 0.083333
vt 0.395833 0.166667
vt 0.395833 0.250000
vt 0.395833 0.333333
vt 0.395833 0.416667
vt 0.416667 0.500000
vt 0.416667 0.583333
vt 0.416667 0.666667
vt 0.416667 0.750000
vt 0.416667 0.833333
vt 0.416667 0.916667
vt 0.416667 1.000000
vt 0.416667 0.000000
vt 0.416667 0.083333
vt 0.416667 0.166667
vt 0.416667 0.250000
vt 0.416667 0.333333
vt 0.416667 0.416667
vt 0.437500 0.583333
vt 0.437500 0.666667
vt 0.437500 0.750000
vt 0.437500 0.833333
vt 0.437500 0.916667
vt 0.437500 0.000000
vt 0.437500 0.083333
vt 0.437500 0.166667
vt 0.437500 0.250000
vt 0.437500 0.333333
vt 0.437500 0.416667
vt 0.458333 0.500000
vt 0.458333 0.583333
vt 0.458333 0.666667
vt 0.458333 0.750000
vt 0.458333 0.833333
vt 0.458333 0.916667
vt 0.458333 1.000000
vt 0.458333 0.000000
vt 0.458333 0.083333
vt 0.458333 0.166667
vt 0.458333 0.250000
vt 0.458333 0.333333
vt 0.458333 0.416667
vt 0.479167 0.500000
vt 0.479167 0.583333
vt 0.479167 0.666667
vt 0.479167 0.750000
vt 0.479167 0.833333
vt 0.479167 0.916667
vt 0.479167 1.000000
vt 0.479167 0.000000
vt 0.479167 0.083333
vt 0.479167 0.166667
vt 0.479167 0.250000
vt 0.479167 0.333333
vt 0.479167 0.416667
vt 0.792083 0.461565
vt 0.750000 0.465710
vt 0.750000 0.490000
vt 0.796822 0.485388
vt 0.832548 0.449290
vt 0.841844 0.471731
vt 0.869842 0.429356
vt 0.883337 0.449553
vt 0.902530 0.402530
vt 0.919706 0.419706
vt 0.929356 0.369842
vt 0.949553 0.383337
vt 0.949290 0.332548
vt 0.971731 0.341844
vt 0.961565 0.292083
vt 0.985388 0.296822
vt 0.965710 0.250000
vt 0.990000 0.250000
vt 0.985388 0.203178
vt 0.971731 0.158156
vt 0.929356 0.130158
vt 0.949553 0.116663
vt 0.902530 0.097470
vt 0.919706 0.080294
vt 0.869842 0.070644
vt 0.883337 0.050447
vt 0.832548 0.050710
vt 0.841844 0.028269
vt 0.792083 0.038435
vt 0.796822 0.014612
vt 0.750000 0.034291
vt 0.750000 0.010000
vt 0.707917 0.038435
vt 0.703178 0.014612
vt 0.667451 0.050710
vt 0.658156 0.028269
vt 0.630158 0.070644
vt 0.616663 0.050447
vt 0.597470 0.097470
vt 0.580294 0.080294
vt 0.570644 0.130158
vt 0.550447 0.116663
vt 0.550710 0.167452
vt 0.528269 0.158156
vt 0.538435 0.207917
vt 0.514612 0.203178
vt 0.534290 0.250000
vt 0.510000 0.250000
vt 0.538435 0.292083
vt 0.514612 0.296822
vt 0.550710 0.332548
vt 0.528269 0.341844
vt 0.570644 0.369842
vt 0.550447 0.383337
vt 0.597470 0.402530
vt 0.580294 0.419706
vt 0.630158 0.429356
vt 0.616663 0.449553
vt 0.667452 0.449290
vt 0.658156 0.471731
vt 0.707917 0.461565
vt 0.703178 0.485388
vt 0.663545 0.120611
vt 0.639964 0.139964
vt 0.780359 0.402624
vt 0.750000 0.405614
vt 0.809551 0.393769
vt 0.836455 0.379389
vt 0.860036 0.360036
vt 0.879388 0.336455
vt 0.893769 0.309551
vt 0.902624 0.280359
vt 0.905614 0.250000
vt 0.902624 0.219641
vt 0.893769 0.190449
vt 0.879389 0.163545
vt 0.860036 0.139964
vt 0.836454 0.120611
vt 0.809551 0.106231
vt 0.780359 0.097376
vt 0.750000 0.094386
vt 0.719641 0.097376
vt 0.690449 0.106231
vt 0.620611 0.163545
vt 0.606231 0.190449
vt 0.597376 0.219641
vt 0.594386 0.250000
vt 0.597376 0.280359
vt 0.606231 0.309551
vt 0.620611 0.336455
vt 0.639964 0.360036
vt 0.663545 0.379389
vt 0.690449 0.393769
vt 0.719641 0.402624
vt 0.723764 0.313339
vt 0.736625 0.317240
vt 0.763375 0.317240
vt 0.750000 0.318558
vt 0.776236 0.313339
vt 0.788088 0.307004
vt 0.798477 0.298477
vt 0.807004 0.288089
vt 0.813339 0.276236
vt 0.817240 0.263375
vt 0.818557 0.250000
vt 0.817240 0.236625
vt 0.813339 0.223764
vt 0.807004 0.211911
vt 0.798477 0.201522
vt 0.788089 0.192996
vt 0.776236 0.186661
vt 0.763375 0.182760
vt 0.750000 0.181442
vt 0.736625 0.182760
vt 0.723764 0.186661
vt 0.711911 0.192996
vt 0.701522 0.201522
vt 0.692996 0.211911
vt 0.686661 0.223764
vt 0.682760 0.236625
vt 0.681442 0.250000
vt 0.682760 0.263375
vt 0.686661 0.276236
vt 0.692996 0.288089
vt 0.701522 0.298478
vt 0.711911 0.307004
s 0
f 2987/1/1 2/2/1 4/3/1 2988/4/1
f 2988/4/2 4/3/2 6/5/2 2989/6/2
f 2989/6/3 6/5/3 8/7/3 2990/8/3
f 2990/8/4 8/7/4 10/9/4 2991/10/4
f 2991/10/5 10/9/5 12/11/5 2992/12/5
f 2992/12/6 12/11/6 14/13/6 2993/14/6
f 2993/14/7 14/13/7 16/15/7 2994/16/7
f 2994/16/8 16/15/8 18/17/8 2995/18/8
f 2995/18/9 18/17/9 20/19/9 2996/20/9
f 2996/20/10 20/19/10 22/21/10 2997/22/10
f 2997/22/11 22/21/11 24/23/11 2998/24/11
f 2998/24/12 24/23/12 26/25/12 2999/26/12
f 2999/26/13 26/25/13 28/27/13 3000/28/13
f 3000/28/14 28/27/14 30/29/14 3001/30/14
f 3001/30/15 30/29/15 32/31/15 3002/32/15
f 3002/32/16 32/31/16 34/33/16 3003/34/16
f 3003/34/17 34/33/17 36/35/17 3004/36/17
f 3004/36/18 36/35/18 38/37/18 3005/38/18
f 3005/38/19 38/37/19 40/39/19 3006/40/19
f 3006/40/20 40/39/20 42/41/20 3007/42/20
f 3007/42/21 42/41/21 44/43/21 3008/44/21
f 3008/44/22 44/43/22 46/45/22 3009/46/22
f 3009/46/23 46/45/23 48/47/23 3010/48/23
f 3010/48/24 48/47/24 50/49/24 3011/50/24
f 3011/50/25 50/49/25 52/51/25 3012/52/25
f 3012/52/26 52/51/26 54/53/26 3013/54/26
f 3013/54/27 54/53/27 56/55/27 3014/56/27
f 3014/56/28 56/55/28 58/57/28 3015/58/28
f 3015/58/29 58/57/29 60/59/29 3016/60/29
f 3016/60/30 60/59/30 62/61/30 3017/62/30
f 4/63/31 2/64/31 64/65/31 62/66/31 60/67/31 58/68/31 56/69/31 54/70/31 52/71/31 50/72/31 48/73/31 46/74/31 44/75/31 42/76/31 40/77/31 38/78/31 36/79/31 34/80/31 32/81/31 30/82/31 28/83/31 26/84/31 24/85/31 22/86/31 20/87/31 18/88/31 16/89/31 14/90/31 12/91/31 10/92/31 8/93/31 6/94/31
f 3017/62/32 62/61/32 64/95/32 3018/96/32
f 3018/96/33 64/95/33 2/97/33 2987/98/33
f 19/99/10 21/100/10 3061/100/10 3060/99/10
f 65/101/34 78/102/34 77/103/34
f 66/104/35 78/105/35 80/106/35
f 65/107/36 77/108/36 82/109/36
f 65/110/37 82/111/37 84/112/37
f 65/113/38 84/114/38 81/115/38
f 66/104/39 80/106/39 87/116/39
f 67/117/40 79/118/40 89/119/40
f 68/120/41 83/121/41 91/122/41
f 69/123/42 85/124/42 93/125/42
f 70/126/43 86/127/43 95/128/43
f 66/104/44 87/116/44 90/129/44
f 67/117/45 89/119/45 92/130/45
f 68/120/46 91/122/46 94/131/46
f 69/123/47 93/125/47 96/132/47
f 70/126/48 95/128/48 88/133/48
f 71/134/49 97/135/49 102/136/49
f 72/137/50 98/138/50 104/139/50
f 73/140/51 99/141/51 105/142/51
f 74/143/52 100/144/52 106/145/52
f 75/146/53 101/147/53 103/148/53
f 103/148/54 106/149/54 76/150/54
f 103/148/55 101/147/55 106/149/55
f 101/147/56 74/143/56 106/149/56
f 106/145/57 105/151/57 76/152/57
f 106/145/58 100/144/58 105/151/58
f 100/144/59 73/140/59 105/151/59
f 105/142/60 104/153/60 76/154/60
f 105/142/61 99/141/61 104/153/61
f 99/141/62 72/155/62 104/153/62
f 104/139/63 102/156/63 76/157/63
f 104/139/64 98/138/64 102/156/64
f 98/138/65 71/134/65 102/156/65
f 102/136/66 103/158/66 76/159/66
f 102/136/67 97/135/67 103/158/67
f 97/135/68 75/146/68 103/158/68
f 88/133/69 101/147/69 75/146/69
f 88/133/70 95/128/70 101/147/70
f 95/128/71 74/143/71 101/147/71
f 96/132/72 100/144/72 74/143/72
f 96/132/73 93/125/73 100/144/73
f 93/125/74 73/140/74 100/144/74
f 94/131/75 99/141/75 73/140/75
f 94/131/76 91/122/76 99/141/76
f 91/122/77 72/155/77 99/141/77
f 92/130/78 98/138/78 72/137/78
f 92/130/79 89/119/79 98/138/79
f 89/119/80 71/134/80 98/138/80
f 90/129/81 97/135/81 71/134/81
f 90/129/82 87/116/82 97/135/82
f 87/116/83 75/146/83 97/135/83
f 95/128/84 96/132/84 74/143/84
f 95/128/85 86/127/85 96/132/85
f 86/127/86 69/123/86 96/132/86
f 93/125/87 94/131/87 73/140/87
f 93/125/88 85/124/88 94/131/88
f 85/124/89 68/120/89 94/131/89
f 91/122/90 92/160/90 72/155/90
f 91/122/91 83/121/91 92/160/91
f 83/121/92 67/161/92 92/160/92
f 89/119/93 90/129/93 71/134/93
f 89/119/94 79/118/94 90/129/94
f 79/118/95 66/104/95 90/129/95
f 87/116/96 88/133/96 75/146/96
f 87/116/97 80/106/97 88/133/97
f 80/106/98 70/126/98 88/133/98
f 81/115/99 86/127/99 70/126/99
f 81/115/100 84/114/100 86/127/100
f 84/114/101 69/123/101 86/127/101
f 84/112/102 85/124/102 69/123/102
f 84/112/103 82/111/103 85/124/103
f 82/111/104 68/120/104 85/124/104
f 82/109/105 83/121/105 68/120/105
f 82/109/106 77/108/106 83/121/106
f 77/108/107 67/161/107 83/121/107
f 80/106/108 81/162/108 70/126/108
f 80/106/109 78/105/109 81/162/109
f 78/105/110 65/163/110 81/162/110
f 77/103/111 79/118/111 67/117/111
f 77/103/112 78/102/112 79/118/112
f 78/102/113 66/104/113 79/118/113
f 107/34/114 119/164/114 120/165/114 108/166/114
f 108/166/115 120/165/115 121/167/115 109/168/115
f 109/168/116 121/167/116 122/169/116 110/170/116
f 110/170/117 122/169/117 123/171/117 111/172/117
f 111/172/118 123/171/118 124/173/118 112/174/118
f 112/174/119 124/173/119 125/175/119 113/33/119
f 113/176/120 125/177/120 126/178/120 114/179/120
f 114/179/121 126/178/121 127/180/121 115/181/121
f 115/181/122 127/180/122 128/182/122 116/183/122
f 116/183/123 128/182/123 129/184/123 117/185/123
f 117/185/124 129/184/124 130/186/124 118/187/124
f 118/187/125 130/186/125 119/164/125 107/34/125
f 119/164/126 131/188/126 132/189/126 120/165/126
f 120/165/127 132/189/127 133/190/127 121/167/127
f 121/167/128 133/190/128 134/191/128 122/169/128
f 122/169/129 134/191/129 135/192/129 123/171/129
f 123/171/130 135/192/130 136/193/130 124/173/130
f 124/173/131 136/193/131 137/194/131 125/175/131
f 125/177/132 137/195/132 138/196/132 126/178/132
f 126/178/133 138/196/133 139/197/133 127/180/133
f 127/180/134 139/197/134 140/198/134 128/182/134
f 128/182/135 140/198/135 141/199/135 129/184/135
f 129/184/136 141/199/136 142/200/136 130/186/136
f 130/186/137 142/200/137 131/188/137 119/164/137
f 131/188/138 143/30/138 144/201/138 132/189/138
f 132/189/139 144/201/139 145/202/139 133/190/139
f 133/190/140 145/202/140 146/203/140 134/191/140
f 134/191/141 146/203/141 147/204/141 135/192/141
f 135/192/142 147/204/142 148/205/142 136/193/142
f 136/193/143 148/205/143 149/29/143 137/194/143
f 137/195/144 149/206/144 150/207/144 138/196/144
f 138/196/145 150/207/145 151/208/145 139/197/145
f 139/197/146 151/208/146 152/209/146 140/198/146
f 140/198/147 152/209/147 153/210/147 141/199/147
f 141/199/148 153/210/148 154/211/148 142/200/148
f 142/200/149 154/211/149 143/30/149 131/188/149
f 143/30/150 155/212/150 156/213/150 144/201/150
f 144/201/151 156/213/151 157/214/151 145/202/151
f 145/202/152 157/214/152 158/215/152 146/203/152
f 146/203/153 158/215/153 159/216/153 147/204/153
f 147/204/154 159/216/154 160/217/154 148/205/154
f 148/205/155 160/217/155 161/218/155 149/29/155
f 149/206/156 161/219/156 162/220/156 150/207/156
f 150/207/157 162/220/157 163/221/157 151/208/157
f 151/208/158 163/221/158 164/222/158 152/209/158
f 152/209/159 164/222/159 165/223/159 153/210/159
f 153/210/160 165/223/160 166/224/160 154/211/160
f 154/211/161 166/224/161 155/212/161 143/30/161
f 155/212/162 167/225/162 168/226/162 156/213/162
f 156/213/163 168/226/163 169/227/163 157/214/163
f 157/214/164 169/227/164 170/228/164 158/215/164
f 158/215/165 170/228/165 171/229/165 159/216/165
f 159/216/166 171/229/166 172/230/166 160/217/166
f 160/217/167 172/230/167 173/231/167 161/218/167
f 161/219/168 173/232/168 174/233/168 162/220/168
f 162/220/169 174/233/169 175/234/169 163/221/169
f 163/221/170 175/234/170 176/235/170 164/222/170
f 164/222/171 176/235/171 177/236/171 165/223/171
f 165/223/172 177/236/172 178/237/172 166/224/172
f 166/224/173 178/237/173 167/225/173 155/212/173
f 167/225/174 179/26/174 180/238/174 168/226/174
f 168/226/175 180/238/175 181/239/175 169/227/175
f 169/227/176 181/239/176 182/240/176 170/228/176
f 170/228/177 182/240/177 183/241/177 171/229/177
f 171/229/178 183/241/178 184/242/178 172/230/178
f 172/230/179 184/242/179 185/25/179 173/231/179
f 173/232/180 185/243/180 186/244/180 174/233/180
f 174/233/181 186/244/181 187/245/181 175/234/181
f 175/234/182 187/245/182 188/246/182 176/235/182
f 176/235/183 188/246/183 189/247/183 177/236/183
f 177/236/184 189/247/184 190/248/184 178/237/184
f 178/237/185 190/248/185 179/26/185 167/225/185
f 179/26/186 191/249/186 192/250/186 180/238/186
f 180/238/187 192/250/187 193/251/187 181/239/187
f 181/239/188 193/251/188 194/252/188 182/240/188
f 182/240/189 194/252/189 195/253/189 183/241/189
f 183/241/190 195/253/190 196/254/190 184/242/190
f 184/242/191 196/254/191 197/255/191 185/25/191
f 185/243/192 197/256/192 198/257/192 186/244/192
f 186/244/193 198/257/193 199/258/193 187/245/193
f 187/245/194 199/258/194 200/259/194 188/246/194
f 188/246/195 200/259/195 201/260/195 189/247/195
f 189/247/196 201/260/196 202/261/196 190/248/196
f 190/248/197 202/261/197 191/249/197 179/26/197
f 191/249/198 203/262/198 204/263/198 192/250/198
f 192/250/199 204/263/199 205/264/199 193/251/199
f 193/251/200 205/264/200 206/265/200 194/252/200
f 194/252/201 206/265/201 207/266/201 195/253/201
f 195/253/202 207/266/202 208/267/202 196/254/202
f 196/254/203 208/267/203 209/268/203 197/255/203
f 197/256/204 209/269/204 210/270/204 198/257/204
f 198/257/205 210/270/205 211/271/205 199/258/205
f 199/258/206 211/271/206 212/272/206 200/259/206
f 200/259/207 212/272/207 213/273/207 201/260/207
f 201/260/208 213/273/208 214/274/208 202/261/208
f 202/261/209 214/274/209 203/262/209 191/249/209
f 203/262/210 215/22/210 216/275/210 204/263/210
f 204/263/211 216/275/211 217/276/211 205/264/211
f 205/264/212 217/276/212 218/277/212 206/265/212
f 206/265/213 218/277/213 219/278/213 207/266/213
f 207/266/214 219/278/214 220/279/214 208/267/214
f 208/267/215 220/279/215 221/21/215 209/268/215
f 209/269/216 221/280/216 222/281/216 210/270/216
f 210/270/217 222/281/217 223/282/217 211/271/217
f 211/271/218 223/282/218 224/283/218 212/272/218
f 212/272/219 224/283/219 225/284/219 213/273/219
f 213/273/220 225/284/220 226/285/220 214/274/220
f 214/274/221 226/285/221 215/22/221 203/262/221
f 215/22/222 227/286/222 228/287/222 216/275/222
f 216/275/223 228/287/223 229/288/223 217/276/223
f 217/276/224 229/288/224 230/289/224 218/277/224
f 218/277/225 230/289/225 231/290/225 219/278/225
f 219/278/226 231/290/226 232/291/226 220/279/226
f 220/279/227 232/291/227 233/292/227 221/21/227
f 221/280/228 233/293/228 234/294/228 222/281/228
f 222/281/229 234/294/229 235/295/229 223/282/229
f 223/282/230 235/295/230 236/296/230 224/283/230
f 224/283/231 236/296/231 237/297/231 225/284/231
f 225/284/232 237/297/232 238/298/232 226/285/232
f 226/285/233 238/298/233 227/286/233 215/22/233
f 227/286/234 239/299/234 240/300/234 228/287/234
f 228/287/235 240/300/235 241/301/235 229/288/235
f 229/288/236 241/301/236 242/302/236 230/289/236
f 230/289/237 242/302/237 243/303/237 231/290/237
f 231/290/238 243/303/238 244/304/238 232/291/238
f 232/291/239 244/304/239 245/305/239 233/292/239
f 233/293/240 245/306/240 246/307/240 234/294/240
f 234/294/241 246/307/241 247/308/241 235/295/241
f 235/295/242 247/308/242 248/309/242 236/296/242
f 236/296/243 248/309/243 249/310/243 237/297/243
f 237/297/244 249/310/244 250/311/244 238/298/244
f 238/298/245 250/311/245 239/299/245 227/286/245
f 239/299/246 251/18/246 252/312/246 240/300/246
f 240/300/247 252/312/247 253/313/247 241/301/247
f 241/301/248 253/313/248 254/314/248 242/302/248
f 242/302/249 254/314/249 255/315/249 243/303/249
f 243/303/250 255/315/250 256/316/250 244/304/250
f 244/304/251 256/316/251 257/17/251 245/305/251
f 245/306/252 257/317/252 258/318/252 246/307/252
f 246/307/253 258/318/253 259/319/253 247/308/253
f 247/308/254 259/319/254 260/320/254 248/309/254
f 248/309/255 260/320/255 261/321/255 249/310/255
f 249/310/256 261/321/256 262/322/256 250/311/256
f 250/311/257 262/322/257 251/18/257 239/299/257
f 251/18/258 263/323/258 264/324/258 252/312/258
f 252/312/259 264/324/259 265/325/259 253/313/259
f 253/313/260 265/325/260 266/326/260 254/314/260
f 254/314/261 266/326/261 267/327/261 255/315/261
f 255/315/262 267/327/262 268/328/262 256/316/262
f 256/316/263 268/328/263 269/329/263 257/17/263
f 257/317/264 269/330/264 270/331/264 258/318/264
f 258/318/265 270/331/265 271/332/265 259/319/265
f 259/319/266 271/332/266 272/333/266 260/320/266
f 260/320/267 272/333/267 273/334/267 261/321/267
f 261/321/268 273/334/268 274/335/268 262/322/268
f 262/322/269 274/335/269 263/323/269 251/18/269
f 263/323/270 275/336/270 276/337/270 264/324/270
f 264/324/271 276/337/271 277/338/271 265/325/271
f 265/325/272 277/338/272 278/339/272 266/326/272
f 266/326/273 278/339/273 279/340/273 267/327/273
f 267/327/274 279/340/274 280/341/274 268/328/274
f 268/328/275 280/341/275 281/342/275 269/329/275
f 269/330/276 281/343/276 282/344/276 270/331/276
f 270/331/277 282/344/277 283/345/277 271/332/277
f 271/332/278 283/345/278 284/346/278 272/333/278
f 272/333/279 284/346/279 285/347/279 273/334/279
f 273/334/280 285/347/280 286/348/280 274/335/280
f 274/335/281 286/348/281 275/336/281 263/323/281
f 275/336/282 287/14/282 288/349/282 276/337/282
f 276/337/283 288/349/283 289/350/283 277/338/283
f 277/338/284 289/350/284 290/351/284 278/339/284
f 278/339/285 290/351/285 291/352/285 279/340/285
f 279/340/286 291/352/286 292/353/286 280/341/286
f 280/341/287 292/353/287 293/13/287 281/342/287
f 281/343/288 293/354/288 294/355/288 282/344/288
f 282/344/289 294/355/289 295/356/289 283/345/289
f 283/345/290 295/356/290 296/357/290 284/346/290
f 284/346/291 296/357/291 297/358/291 285/347/291
f 285/347/292 297/358/292 298/359/292 286/348/292
f 286/348/293 298/359/293 287/14/293 275/336/293
f 287/14/294 299/360/294 300/361/294 288/349/294
f 288/349/295 300/361/295 301/362/295 289/350/295
f 289/350/296 301/362/296 302/363/296 290/351/296
f 290/351/297 302/363/297 303/364/297 291/352/297
f 291/352/298 303/364/298 304/365/298 292/353/298
f 292/353/299 304/365/299 305/366/299 293/13/299
f 293/354/300 305/367/300 306/368/300 294/355/300
f 294/355/301 306/368/301 307/369/301 295/356/301
f 295/356/302 307/369/302 308/370/302 296/357/302
f 296/357/303 308/370/303 309/371/303 297/358/303
f 297/358/304 309/371/304 310/372/304 298/359/304
f 298/359/305 310/372/305 299/360/305 287/14/305
f 299/360/306 311/373/306 312/374/306 300/361/306
f 300/361/307 312/374/307 313/375/307 301/362/307
f 301/362/308 313/375/308 314/376/308 302/363/308
f 302/363/309 314/376/309 315/377/309 303/364/309
f 303/364/310 315/377/310 316/378/310 304/365/310
f 304/365/311 316/378/311 317/379/311 305/366/311
f 305/367/312 317/380/312 318/381/312 306/368/312
f 306/368/313 318/381/313 319/382/313 307/369/313
f 307/369/314 319/382/314 320/383/314 308/370/314
f 308/370/315 320/383/315 321/384/315 309/371/315
f 309/371/316 321/384/316 322/385/316 310/372/316
f 310/372/317 322/385/317 311/373/317 299/360/317
f 311/373/318 323/10/318 324/386/318 312/374/318
f 312/374/319 324/386/319 325/387/319 313/375/319
f 313/375/320 325/387/320 326/388/320 314/376/320
f 314/376/321 326/388/321 327/389/321 315/377/321
f 315/377/322 327/389/322 328/390/322 316/378/322
f 316/378/323 328/390/323 329/9/323 317/379/323
f 317/380/324 329/391/324 330/392/324 318/381/324
f 318/381/325 330/392/325 331/393/325 319/382/325
f 319/382/326 331/393/326 332/394/326 320/383/326
f 320/383/327 332/394/327 333/395/327 321/384/327
f 321/384/328 333/395/328 334/396/328 322/385/328
f 322/385/329 334/396/329 323/10/329 311/373/329
f 323/10/330 335/397/330 336/398/330 324/386/330
f 324/386/331 336/398/331 337/399/331 325/387/331
f 325/387/332 337/399/332 338/400/332 326/388/332
f 326/388/333 338/400/333 339/401/333 327/389/333
f 327/389/334 339/401/334 340/402/334 328/390/334
f 328/390/335 340/402/335 341/403/335 329/9/335
f 329/391/336 341/404/336 342/405/336 330/392/336
f 330/392/337 342/405/337 343/406/337 331/393/337
f 331/393/338 343/406/338 344/407/338 332/394/338
f 332/394/339 344/407/339 345/408/339 333/395/339
f 333/395/340 345/408/340 346/409/340 334/396/340
f 334/396/341 346/409/341 335/397/341 323/10/341
f 335/397/342 347/410/342 348/411/342 336/398/342
f 336/398/343 348/411/343 349/412/343 337/399/343
f 337/399/344 349/412/344 350/413/344 338/400/344
f 338/400/345 350/413/345 351/414/345 339/401/345
f 339/401/346 351/414/346 352/415/346 340/402/346
f 340/402/347 352/415/347 353/416/347 341/403/347
f 341/404/348 353/417/348 354/418/348 342/405/348
f 342/405/349 354/418/349 355/419/349 343/406/349
f 343/406/350 355/419/350 356/420/350 344/407/350
f 344/407/351 356/420/351 357/421/351 345/408/351
f 345/408/352 357/421/352 358/422/352 346/409/352
f 346/409/353 358/422/353 347/410/353 335/397/353
f 347/410/354 359/6/354 360/423/354 348/411/354
f 348/411/355 360/423/355 361/424/355 349/412/355
f 349/412/356 361/424/356 362/425/356 350/413/356
f 350/413/357 362/425/357 363/426/357 351/414/357
f 351/414/358 363/426/358 364/427/358 352/415/358
f 352/415/359 364/427/359 365/5/359 353/416/359
f 353/417/360 365/428/360 366/429/360 354/418/360
f 354/418/361 366/429/361 367/430/361 355/419/361
f 355/419/362 367/430/362 368/431/362 356/420/362
f 356/420/363 368/431/363 369/432/363 357/421/363
f 357/421/364 369/432/364 370/433/364 358/422/364
f 358/422/365 370/433/365 359/6/365 347/410/365
f 359/6/366 371/434/366 372/435/366 360/423/366
f 360/423/367 372/435/367 373/436/367 361/424/367
f 361/424/368 373/436/368 374/437/368 362/425/368
f 362/425/369 374/437/369 375/438/369 363/426/369
f 363/426/370 375/438/370 376/439/370 364/427/370
f 364/427/371 376/439/371 377/440/371 365/5/371
f 365/428/372 377/441/372 378/442/372 366/429/372
f 366/429/373 378/442/373 379/443/373 367/430/373
f 367/430/374 379/443/374 380/444/374 368/431/374
f 368/431/375 380/444/375 381/445/375 369/432/375
f 369/432/376 381/445/376 382/446/376 370/433/376
f 370/433/377 382/446/377 371/434/377 359/6/377
f 371/434/378 383/447/378 384/448/378 372/435/378
f 372/435/379 384/448/379 385/449/379 373/436/379
f 373/436/380 385/449/380 386/450/380 374/437/380
f 374/437/381 386/450/381 387/451/381 375/438/381
f 375/438/382 387/451/382 388/452/382 376/439/382
f 376/439/383 388/452/383 389/453/383 377/440/383
f 377/441/384 389/454/384 390/455/384 378/442/384
f 378/442/385 390/455/385 391/456/385 379/443/385
f 379/443/386 391/456/386 392/457/386 380/444/386
f 380/444/387 392/457/387 393/458/387 381/445/387
f 381/445/388 393/458/388 394/459/388 382/446/388
f 382/446/389 394/459/389 383/447/389 371/434/389
f 383/447/390 395/1/390 396/460/390 384/448/390
f 384/448/391 396/460/391 397/461/391 385/449/391
f 385/449/392 397/461/392 398/462/392 386/450/392
f 386/450/393 398/462/393 399/463/393 387/451/393
f 387/451/394 399/463/394 400/464/394 388/452/394
f 388/452/395 400/464/395 401/2/395 389/453/395
f 389/454/396 401/465/396 402/466/396 390/455/396
f 390/455/397 402/466/397 403/467/397 391/456/397
f 391/456/398 403/467/398 404/468/398 392/457/398
f 392/457/399 404/468/399 405/469/399 393/458/399
f 393/458/400 405/469/400 406/470/400 394/459/400
f 394/459/401 406/470/401 395/1/401 383/447/401
f 395/471/119 407/472/119 408/473/119 396/474/119
f 396/474/118 408/473/118 409/475/118 397/476/118
f 397/476/117 409/475/117 410/477/117 398/478/117
f 398/478/116 410/477/116 411/479/116 399/480/116
f 399/480/115 411/479/115 412/481/115 400/482/115
f 400/482/114 412/481/114 413/483/114 401/484/114
f 401/485/125 413/486/125 414/487/125 402/488/125
f 402/488/124 414/487/124 415/489/124 403/490/124
f 403/490/123 415/489/123 416/491/123 404/492/123
f 404/492/122 416/491/122 417/493/122 405/494/122
f 405/494/121 417/493/121 418/495/121 406/496/121
f 406/496/120 418/495/120 407/472/120 395/471/120
f 407/472/131 419/497/131 420/498/131 408/473/131
f 408/473/130 420/498/130 421/499/130 409/475/130
f 409/475/129 421/499/129 422/500/129 410/477/129
f 410/477/128 422/500/128 423/501/128 411/479/128
f 411/479/127 423/501/127 424/502/127 412/481/127
f 412/481/126 424/502/126 425/503/126 413/483/126
f 413/486/137 425/504/137 426/505/137 414/487/137
f 414/487/136 426/505/136 427/506/136 415/489/136
f 415/489/135 427/506/135 428/507/135 416/491/135
f 416/491/134 428/507/134 429/508/134 417/493/134
f 417/493/133 429/508/133 430/509/133 418/495/133
f 418/495/132 430/509/132 419/497/132 407/472/132
f 419/497/143 431/62/143 432/510/143 420/498/143
f 420/498/142 432/510/142 433/511/142 421/499/142
f 421/499/141 433/511/141 434/512/141 422/500/141
f 422/500/140 434/512/140 435/513/140 423/501/140
f 423/501/139 435/513/139 436/514/139 424/502/139
f 424/502/138 436/514/138 437/61/138 425/503/138
f 425/504/149 437/515/149 438/516/149 426/505/149
f 426/505/148 438/516/148 439/517/148 427/506/148
f 427/506/147 439/517/147 440/518/147 428/507/147
f 428/507/146 440/518/146 441/519/146 429/508/146
f 429/508/145 441/519/145 442/520/145 430/509/145
f 430/509/144 442/520/144 431/62/144 419/497/144
f 431/62/155 443/521/155 444/522/155 432/510/155
f 432/510/154 444/522/154 445/523/154 433/511/154
f 433/511/153 445/523/153 446/524/153 434/512/153
f 434/512/152 446/524/152 447/525/152 435/513/152
f 435/513/151 447/525/151 448/526/151 436/514/151
f 436/514/150 448/526/150 449/527/150 437/61/150
f 437/515/161 449/528/161 450/529/161 438/516/161
f 438/516/160 450/529/160 451/530/160 439/517/160
f 439/517/159 451/530/159 452/531/159 440/518/159
f 440/518/158 452/531/158 453/532/158 441/519/158
f 441/519/157 453/532/157 454/533/157 442/520/157
f 442/520/156 454/533/156 443/521/156 431/62/156
f 443/521/167 455/534/167 456/535/167 444/522/167
f 444/522/166 456/535/166 457/536/166 445/523/166
f 445/523/165 457/536/165 458/537/165 446/524/165
f 446/524/164 458/537/164 459/538/164 447/525/164
f 447/525/163 459/538/163 460/539/163 448/526/163
f 448/526/162 460/539/162 461/540/162 449/527/162
f 449/528/173 461/541/173 462/542/173 450/529/173
f 450/529/172 462/542/172 463/543/172 451/530/172
f 451/530/171 463/543/171 464/544/171 452/531/171
f 452/531/170 464/544/170 465/545/170 453/532/170
f 453/532/169 465/545/169 466/546/169 454/533/169
f 454/533/168 466/546/168 455/534/168 443/521/168
f 455/534/179 467/58/179 468/547/179 456/535/179
f 456/535/178 468/547/178 469/548/178 457/536/178
f 457/536/177 469/548/177 470/549/177 458/537/177
f 458/537/176 470/549/176 471/550/176 459/538/176
f 459/538/175 471/550/175 472/551/175 460/539/175
f 460/539/174 472/551/174 473/57/174 461/540/174
f 461/541/185 473/552/185 474/553/185 462/542/185
f 462/542/184 474/553/184 475/554/184 463/543/184
f 463/543/183 475/554/183 476/555/183 464/544/183
f 464/544/182 476/555/182 477/556/182 465/545/182
f 465/545/181 477/556/181 478/557/181 466/546/181
f 466/546/180 478/557/180 467/58/180 455/534/180
f 467/58/191 479/558/191 480/559/191 468/547/191
f 468/547/190 480/559/190 481/560/190 469/548/190
f 469/548/189 481/560/189 482/561/189 470/549/189
f 470/549/188 482/561/188 483/562/188 471/550/188
f 471/550/187 483/562/187 484/563/187 472/551/187
f 472/551/186 484/563/186 485/564/186 473/57/186
f 473/552/197 485/565/197 486/566/197 474/553/197
f 474/553/196 486/566/196 487/567/196 475/554/196
f 475/554/195 487/567/195 488/568/195 476/555/195
f 476/555/194 488/568/194 489/569/194 477/556/194
f 477/556/193 489/569/193 490/570/193 478/557/193
f 478/557/192 490/570/192 479/558/192 467/58/192
f 479/558/203 491/571/203 492/572/203 480/559/203
f 480/559/202 492/572/202 493/573/202 481/560/202
f 481/560/201 493/573/201 494/574/201 482/561/201
f 482/561/200 494/574/200 495/575/200 483/562/200
f 483/562/199 495/575/199 496/576/199 484/563/199
f 484/563/198 496/576/198 497/577/198 485/564/198
f 485/565/209 497/578/209 498/579/209 486/566/209
f 486/566/208 498/579/208 499/580/208 487/567/208
f 487/567/207 499/580/207 500/581/207 488/568/207
f 488/568/206 500/581/206 501/582/206 489/569/206
f 489/569/205 501/582/205 502/583/205 490/570/205
f 490/570/204 502/583/204 491/571/204 479/558/204
f 491/571/215 503/54/215 504/584/215 492/572/215
f 492/572/214 504/584/214 505/585/214 493/573/214
f 493/573/213 505/585/213 506/586/213 494/574/213
f 494/574/212 506/586/212 507/587/212 495/575/212
f 495/575/211 507/587/211 508/588/211 496/576/211
f 496/576/210 508/588/210 509/53/210 497/577/210
f 497/578/221 509/589/221 510/590/221 498/579/221
f 498/579/220 510/590/220 511/591/220 499/580/220
f 499/580/219 511/591/219 512/592/219 500/581/219
f 500/581/218 512/592/218 513/593/218 501/582/218
f 501/582/217 513/593/217 514/594/217 502/583/217
f 502/583/216 514/594/216 503/54/216 491/571/216
f 503/54/227 515/595/227 516/596/227 504/584/227
f 504/584/226 516/596/226 517/597/226 505/585/226
f 505/585/225 517/597/225 518/598/225 506/586/225
f 506/586/224 518/598/224 519/599/224 507/587/224
f 507/587/223 519/599/223 520/600/223 508/588/223
f 508/588/222 520/600/222 521/601/222 509/53/222
f 509/589/233 521/602/233 522/603/233 510/590/233
f 510/590/232 522/603/232 523/604/232 511/591/232
f 511/591/231 523/604/231 524/605/231 512/592/231
f 512/592/230 524/605/230 525/606/230 513/593/230
f 513/593/229 525/606/229 526/607/229 514/594/229
f 514/594/228 526/607/228 515/595/228 503/54/228
f 515/595/239 527/608/239 528/609/239 516/596/239
f 516/596/238 528/609/238 529/610/238 517/597/238
f 517/597/237 529/610/237 530/611/237 518/598/237
f 518/598/236 530/611/236 531/612/236 519/599/236
f 519/599/235 531/612/235 532/613/235 520/600/235
f 520/600/234 532/613/234 533/614/234 521/601/234
f 521/602/245 533/615/245 534/616/245 522/603/245
f 522/603/244 534/616/244 535/617/244 523/604/244
f 523/604/243 535/617/243 536/618/243 524/605/243
f 524/605/242 536/618/242 537/619/242 525/606/242
f 525/606/241 537/619/241 538/620/241 526/607/241
f 526/607/240 538/620/240 527/608/240 515/595/240
f 527/608/251 539/50/251 540/621/251 528/609/251
f 528/609/250 540/621/250 541/622/250 529/610/250
f 529/610/249 541/622/249 542/623/249 530/611/249
f 530/611/248 542/623/248 543/624/248 531/612/248
f 531/612/247 543/624/247 544/625/247 532/613/247
f 532/613/246 544/625/246 545/49/246 533/614/246
f 533/615/257 545/626/257 546/627/257 534/616/257
f 534/616/256 546/627/256 547/628/256 535/617/256
f 535/617/255 547/628/255 548/629/255 536/618/255
f 536/618/254 548/629/254 549/630/254 537/619/254
f 537/619/253 549/630/253 550/631/253 538/620/253
f 538/620/252 550/631/252 539/50/252 527/608/252
f 539/50/263 551/632/263 552/633/263 540/621/263
f 540/621/262 552/633/262 553/634/262 541/622/262
f 541/622/261 553/634/261 554/635/261 542/623/261
f 542/623/260 554/635/260 555/636/260 543/624/260
f 543/624/259 555/636/259 556/637/259 544/625/259
f 544/625/258 556/637/258 557/638/258 545/49/258
f 545/626/269 557/639/269 558/640/269 546/627/269
f 546/627/268 558/640/268 559/641/268 547/628/268
f 547/628/267 559/641/267 560/642/267 548/629/267
f 548/629/266 560/642/266 561/643/266 549/630/266
f 549/630/265 561/643/265 562/644/265 550/631/265
f 550/631/264 562/644/264 551/632/264 539/50/264
f 551/632/275 563/645/275 564/646/275 552/633/275
f 552/633/274 564/646/274 565/647/274 553/634/274
f 553/634/273 565/647/273 566/648/273 554/635/273
f 554/635/272 566/648/272 567/649/272 555/636/272
f 555/636/271 567/649/271 568/650/271 556/637/271
f 556/637/270 568/650/270 569/651/270 557/638/270
f 557/639/281 569/652/281 570/653/281 558/640/281
f 558/640/280 570/653/280 571/654/280 559/641/280
f 559/641/279 571/654/279 572/655/279 560/642/279
f 560/642/278 572/655/278 573/656/278 561/643/278
f 561/643/277 573/656/277 574/657/277 562/644/277
f 562/644/276 574/657/276 563/645/276 551/632/276
f 563/645/287 575/46/287 576/658/287 564/646/287
f 564/646/286 576/658/286 577/659/286 565/647/286
f 565/647/285 577/659/285 578/660/285 566/648/285
f 566/648/284 578/660/284 579/661/284 567/649/284
f 567/649/283 579/661/283 580/662/283 568/650/283
f 568/650/282 580/662/282 581/45/282 569/651/282
f 569/652/293 581/663/293 582/664/293 570/653/293
f 570/653/292 582/664/292 583/665/292 571/654/292
f 571/654/291 583/665/291 584/666/291 572/655/291
f 572/655/290 584/666/290 585/667/290 573/656/290
f 573/656/289 585/667/289 586/668/289 574/657/289
f 574/657/288 586/668/288 575/46/288 563/645/288
f 575/46/299 587/669/299 588/670/299 576/658/299
f 576/658/298 588/670/298 589/671/298 577/659/298
f 577/659/297 589/671/297 590/672/297 578/660/297
f 578/660/296 590/672/296 591/673/296 579/661/296
f 579/661/295 591/673/295 592/674/295 580/662/295
f 580/662/294 592/674/294 593/675/294 581/45/294
f 581/663/305 593/676/305 594/677/305 582/664/305
f 582/664/304 594/677/304 595/678/304 583/665/304
f 583/665/303 595/678/303 596/679/303 584/666/303
f 584/666/302 596/679/302 597/680/302 585/667/302
f 585/667/301 597/680/301 598/681/301 586/668/301
f 586/668/300 598/681/300 587/669/300 575/46/300
f 587/669/311 599/682/311 600/683/311 588/670/311
f 588/670/310 600/683/310 601/684/310 589/671/310
f 589/671/309 601/684/309 602/685/309 590/672/309
f 590/672/308 602/685/308 603/686/308 591/673/308
f 591/673/307 603/686/307 604/687/307 592/674/307
f 592/674/306 604/687/306 605/688/306 593/675/306
f 593/676/317 605/689/317 606/690/317 594/677/317
f 594/677/316 606/690/316 607/691/316 595/678/316
f 595/678/315 607/691/315 608/692/315 596/679/315
f 596/679/314 608/692/314 609/693/314 597/680/314
f 597/680/313 609/693/313 610/694/313 598/681/313
f 598/681/312 610/694/312 599/682/312 587/669/312
f 599/682/323 611/42/323 612/695/323 600/683/323
f 600/683/322 612/695/322 613/696/322 601/684/322
f 601/684/321 613/696/321 614/697/321 602/685/321
f 602/685/320 614/697/320 615/698/320 603/686/320
f 603/686/319 615/698/319 616/699/319 604/687/319
f 604/687/318 616/699/318 617/41/318 605/688/318
f 605/689/329 617/700/329 618/701/329 606/690/329
f 606/690/328 618/701/328 619/702/328 607/691/328
f 607/691/327 619/702/327 620/703/327 608/692/327
f 608/692/326 620/703/326 621/704/326 609/693/326
f 609/693/325 621/704/325 622/705/325 610/694/325
f 610/694/324 622/705/324 611/42/324 599/682/324
f 611/42/335 623/706/335 624/707/335 612/695/335
f 612/695/334 624/707/334 625/708/334 613/696/334
f 613/696/333 625/708/333 626/709/333 614/697/333
f 614/697/332 626/709/332 627/710/332 615/698/332
f 615/698/331 627/710/331 628/711/331 616/699/331
f 616/699/330 628/711/330 629/712/330 617/41/330
f 617/700/341 629/713/341 630/714/341 618/701/341
f 618/701/340 630/714/340 631/715/340 619/702/340
f 619/702/339 631/715/339 632/716/339 620/703/339
f 620/703/338 632/716/338 633/717/338 621/704/338
f 621/704/337 633/717/337 634/718/337 622/705/337
f 622/705/336 634/718/336 623/706/336 611/42/336
f 623/706/347 635/719/347 636/720/347 624/707/347
f 624/707/346 636/720/346 637/721/346 625/708/346
f 625/708/345 637/721/345 638/722/345 626/709/345
f 626/709/344 638/722/344 639/723/344 627/710/344
f 627/710/343 639/723/343 640/724/343 628/711/343
f 628/711/342 640/724/342 641/725/342 629/712/342
f 629/713/353 641/726/353 642/727/353 630/714/353
f 630/714/352 642/727/352 643/728/352 631/715/352
f 631/715/351 643/728/351 644/729/351 632/716/351
f 632/716/350 644/729/350 645/730/350 633/717/350
f 633/717/349 645/730/349 646/731/349 634/718/349
f 634/718/348 646/731/348 635/719/348 623/706/348
f 635/719/359 647/38/359 648/732/359 636/720/359
f 636/720/358 648/732/358 649/733/358 637/721/358
f 637/721/357 649/733/357 650/734/357 638/722/357
f 638/722/356 650/734/356 651/735/356 639/723/356
f 639/723/355 651/735/355 652/736/355 640/724/355
f 640/724/354 652/736/354 653/37/354 641/725/354
f 641/726/365 653/737/365 654/738/365 642/727/365
f 642/727/364 654/738/364 655/739/364 643/728/364
f 643/728/363 655/739/363 656/740/363 644/729/363
f 644/729/362 656/740/362 657/741/362 645/730/362
f 645/730/361 657/741/361 658/742/361 646/731/361
f 646/731/360 658/742/360 647/38/360 635/719/360
f 647/38/371 659/743/371 660/744/371 648/732/371
f 648/732/370 660/744/370 661/745/370 649/733/370
f 649/733/369 661/745/369 662/746/369 650/734/369
f 650/734/368 662/746/368 663/747/368 651/735/368
f 651/735/367 663/747/367 664/748/367 652/736/367
f 652/736/366 664/748/366 665/749/366 653/37/366
f 653/737/377 665/750/377 666/751/377 654/738/377
f 654/738/376 666/751/376 667/752/376 655/739/376
f 655/739/375 667/752/375 668/753/375 656/740/375
f 656/740/374 668/753/374 669/754/374 657/741/374
f 657/741/373 669/754/373 670/755/373 658/742/373
f 658/742/372 670/755/372 659/743/372 647/38/372
f 659/743/383 671/756/383 672/757/383 660/744/383
f 660/744/382 672/757/382 673/758/382 661/745/382
f 661/745/381 673/758/381 674/759/381 662/746/381
f 662/746/380 674/759/380 675/760/380 663/747/380
f 663/747/379 675/760/379 676/761/379 664/748/379
f 664/748/378 676/761/378 677/762/378 665/749/378
f 665/750/389 677/763/389 678/764/389 666/751/389
f 666/751/388 678/764/388 679/765/388 667/752/388
f 667/752/387 679/765/387 680/766/387 668/753/387
f 668/753/386 680/766/386 681/767/386 669/754/386
f 669/754/385 681/767/385 682/768/385 670/755/385
f 670/755/384 682/768/384 671/756/384 659/743/384
f 671/756/395 107/34/395 108/166/395 672/757/395
f 672/757/394 108/166/394 109/168/394 673/758/394
f 673/758/393 109/168/393 110/170/393 674/759/393
f 674/759/392 110/170/392 111/172/392 675/760/392
f 675/760/391 111/172/391 112/174/391 676/761/391
f 676/761/390 112/174/390 113/33/390 677/762/390
f 677/763/401 113/176/401 114/179/401 678/764/401
f 678/764/400 114/179/400 115/181/400 679/765/400
f 679/765/399 115/181/399 116/183/399 680/766/399
f 680/766/398 116/183/398 117/185/398 681/767/398
f 681/767/397 117/185/397 118/187/397 682/768/397
f 682/768/396 118/187/396 107/34/396 671/756/396
f 683/34/114 695/164/114 696/165/114 684/166/114
f 684/166/115 696/165/115 697/167/115 685/168/115
f 685/168/116 697/167/116 698/169/116 686/170/116
f 686/170/117 698/169/117 699/171/117 687/172/117
f 687/172/118 699/171/118 700/173/118 688/174/118
f 688/174/119 700/173/119 701/175/119 689/33/119
f 689/176/120 701/177/120 702/178/120 690/179/120
f 690/179/121 702/178/121 703/180/121 691/181/121
f 691/181/122 703/180/122 704/182/122 692/183/122
f 692/183/123 704/182/123 705/184/123 693/185/123
f 693/185/124 705/184/124 706/186/124 694/187/124
f 694/187/125 706/186/125 695/164/125 683/34/125
f 695/164/126 707/188/126 708/189/126 696/165/126
f 696/165/127 708/189/127 709/190/127 697/167/127
f 697/167/128 709/190/128 710/191/128 698/169/128
f 698/169/129 710/191/129 711/192/129 699/171/129
f 699/171/130 711/192/130 712/193/130 700/173/130
f 700/173/131 712/193/131 713/194/131 701/175/131
f 701/177/132 713/195/132 714/196/132 702/178/132
f 702/178/133 714/196/133 715/197/133 703/180/133
f 703/180/134 715/197/134 716/198/134 704/182/134
f 704/182/135 716/198/135 717/199/135 705/184/135
f 705/184/136 717/199/136 718/200/136 706/186/136
f 706/186/137 718/200/137 707/188/137 695/164/137
f 707/188/138 719/30/138 720/201/138 708/189/138
f 708/189/139 720/201/139 721/202/139 709/190/139
f 709/190/140 721/202/140 722/203/140 710/191/140
f 710/191/141 722/203/141 723/204/141 711/192/141
f 711/192/142 723/204/142 724/205/142 712/193/142
f 712/193/143 724/205/143 725/29/143 713/194/143
f 713/195/144 725/206/144 726/207/144 714/196/144
f 714/196/145 726/207/145 727/208/145 715/197/145
f 715/197/146 727/208/146 728/209/146 716/198/146
f 716/198/147 728/209/147 729/210/147 717/199/147
f 717/199/148 729/210/148 730/211/148 718/200/148
f 718/200/149 730/211/149 719/30/149 707/188/149
f 719/30/150 731/212/150 732/213/150 720/201/150
f 720/201/151 732/213/151 733/214/151 721/202/151
f 721/202/152 733/214/152 734/215/152 722/203/152
f 722/203/153 734/215/153 735/216/153 723/204/153
f 723/204/154 735/216/154 736/217/154 724/205/154
f 724/205/155 736/217/155 737/218/155 725/29/155
f 725/206/156 737/219/156 738/220/156 726/207/156
f 726/207/157 738/220/157 739/221/157 727/208/157
f 727/208/158 739/221/158 740/222/158 728/209/158
f 728/209/159 740/222/159 741/223/159 729/210/159
f 729/210/160 741/223/160 742/224/160 730/211/160
f 730/211/161 742/224/161 731/212/161 719/30/161
f 731/212/162 743/225/162 744/226/162 732/213/162
f 732/213/163 744/226/163 745/227/163 733/214/163
f 733/214/164 745/227/164 746/228/164 734/215/164
f 734/215/165 746/228/165 747/229/165 735/216/165
f 735/216/166 747/229/166 748/230/166 736/217/166
f 736/217/167 748/230/167 749/231/167 737/218/167
f 737/219/168 749/232/168 750/233/168 738/220/168
f 738/220/169 750/233/169 751/234/169 739/221/169
f 739/221/170 751/234/170 752/235/170 740/222/170
f 740/222/171 752/235/171 753/236/171 741/223/171
f 741/223/172 753/236/172 754/237/172 742/224/172
f 742/224/173 754/237/173 743/225/173 731/212/173
f 743/225/174 755/26/174 756/238/174 744/226/174
f 744/226/175 756/238/175 757/239/175 745/227/175
f 745/227/176 757/239/176 758/240/176 746/228/176
f 746/228/177 758/240/177 759/241/177 747/229/177
f 747/229/178 759/241/178 760/242/178 748/230/178
f 748/230/179 760/242/179 761/25/179 749/231/179
f 749/232/180 761/243/180 762/244/180 750/233/180
f 750/233/181 762/244/181 763/245/181 751/234/181
f 751/234/182 763/245/182 764/246/182 752/235/182
f 752/235/183 764/246/183 765/247/183 753/236/183
f 753/236/184 765/247/184 766/248/184 754/237/184
f 754/237/185 766/248/185 755/26/185 743/225/185
f 755/26/186 767/249/186 768/250/186 756/238/186
f 756/238/187 768/250/187 769/251/187 757/239/187
f 757/239/188 769/251/188 770/252/188 758/240/188
f 758/240/189 770/252/189 771/253/189 759/241/189
f 759/241/190 771/253/190 772/254/190 760/242/190
f 760/242/191 772/254/191 773/255/191 761/25/191
f 761/243/192 773/256/192 774/257/192 762/244/192
f 762/244/193 774/257/193 775/258/193 763/245/193
f 763/245/194 775/258/194 776/259/194 764/246/194
f 764/246/195 776/259/195 777/260/195 765/247/195
f 765/247/196 777/260/196 778/261/196 766/248/196
f 766/248/197 778/261/197 767/249/197 755/26/197
f 767/249/198 779/262/198 780/263/198 768/250/198
f 768/250/199 780/263/199 781/264/199 769/251/199
f 769/251/200 781/264/200 782/265/200 770/252/200
f 770/252/201 782/265/201 783/266/201 771/253/201
f 771/253/202 783/266/202 784/267/202 772/254/202
f 772/254/203 784/267/203 785/268/203 773/255/203
f 773/256/204 785/269/204 786/270/204 774/257/204
f 774/257/205 786/270/205 787/271/205 775/258/205
f 775/258/206 787/271/206 788/272/206 776/259/206
f 776/259/207 788/272/207 789/273/207 777/260/207
f 777/260/208 789/273/208 790/274/208 778/261/208
f 778/261/209 790/274/209 779/262/209 767/249/209
f 779/262/210 791/22/210 792/275/210 780/263/210
f 780/263/211 792/275/211 793/276/211 781/264/211
f 781/264/212 793/276/212 794/277/212 782/265/212
f 782/265/213 794/277/213 795/278/213 783/266/213
f 783/266/214 795/278/214 796/279/214 784/267/214
f 784/267/215 796/279/215 797/21/215 785/268/215
f 785/269/216 797/280/216 798/281/216 786/270/216
f 786/270/217 798/281/217 799/282/217 787/271/217
f 787/271/218 799/282/218 800/283/218 788/272/218
f 788/272/219 800/283/219 801/284/219 789/273/219
f 789/273/220 801/284/220 802/285/220 790/274/220
f 790/274/221 802/285/221 791/22/221 779/262/221
f 791/22/222 803/286/222 804/287/222 792/275/222
f 792/275/223 804/287/223 805/288/223 793/276/223
f 793/276/224 805/288/224 806/289/224 794/277/224
f 794/277/225 806/289/225 807/290/225 795/278/225
f 795/278/226 807/290/226 808/291/226 796/279/226
f 796/279/227 808/291/227 809/292/227 797/21/227
f 797/280/228 809/293/228 810/294/228 798/281/228
f 798/281/229 810/294/229 811/295/229 799/282/229
f 799/282/230 811/295/230 812/296/230 800/283/230
f 800/283/231 812/296/231 813/297/231 801/284/231
f 801/284/232 813/297/232 814/298/232 802/285/232
f 802/285/233 814/298/233 803/286/233 791/22/233
f 803/286/234 815/299/234 816/300/234 804/287/234
f 804/287/235 816/300/235 817/301/235 805/288/235
f 805/288/236 817/301/236 818/302/236 806/289/236
f 806/289/237 818/302/237 819/303/237 807/290/237
f 807/290/238 819/303/238 820/304/238 808/291/238
f 808/291/239 820/304/239 821/305/239 809/292/239
f 809/293/240 821/306/240 822/307/240 810/294/240
f 810/294/241 822/307/241 823/308/241 811/295/241
f 811/295/242 823/308/242 824/309/242 812/296/242
f 812/296/243 824/309/243 825/310/243 813/297/243
f 813/297/244 825/310/244 826/311/244 814/298/244
f 814/298/245 826/311/245 815/299/245 803/286/245
f 815/299/246 827/18/246 828/312/246 816/300/246
f 816/300/247 828/312/247 829/313/247 817/301/247
f 817/301/248 829/313/248 830/314/248 818/302/248
f 818/302/249 830/314/249 831/315/249 819/303/249
f 819/303/250 831/315/250 832/316/250 820/304/250
f 820/304/251 832/316/251 833/17/251 821/305/251
f 821/306/252 833/317/252 834/318/252 822/307/252
f 822/307/253 834/318/253 835/319/253 823/308/253
f 823/308/254 835/319/254 836/320/254 824/309/254
f 824/309/255 836/320/255 837/321/255 825/310/255
f 825/310/256 837/321/256 838/322/256 826/311/256
f 826/311/257 838/322/257 827/18/257 815/299/257
f 827/18/258 839/323/258 840/324/258 828/312/258
f 828/312/259 840/324/259 841/325/259 829/313/259
f 829/313/260 841/325/260 842/326/260 830/314/260
f 830/314/261 842/326/261 843/327/261 831/315/261
f 831/315/262 843/327/262 844/328/262 832/316/262
f 832/316/263 844/328/263 845/329/263 833/17/263
f 833/317/264 845/330/264 846/331/264 834/318/264
f 834/318/265 846/331/265 847/332/265 835/319/265
f 835/319/266 847/332/266 848/333/266 836/320/266
f 836/320/267 848/333/267 849/334/267 837/321/267
f 837/321/268 849/334/268 850/335/268 838/322/268
f 838/322/269 850/335/269 839/323/269 827/18/269
f 839/323/270 851/336/270 852/337/270 840/324/270
f 840/324/271 852/337/271 853/338/271 841/325/271
f 841/325/272 853/338/272 854/339/272 842/326/272
f 842/326/273 854/339/273 855/340/273 843/327/273
f 843/327/274 855/340/274 856/341/274 844/328/274
f 844/328/275 856/341/275 857/342/275 845/329/275
f 845/330/276 857/343/276 858/344/276 846/331/276
f 846/331/277 858/344/277 859/345/277 847/332/277
f 847/332/278 859/345/278 860/346/278 848/333/278
f 848/333/279 860/346/279 861/347/279 849/334/279
f 849/334/280 861/347/280 862/348/280 850/335/280
f 850/335/281 862/348/281 851/336/281 839/323/281
f 851/336/282 863/14/282 864/349/282 852/337/282
f 852/337/283 864/349/283 865/350/283 853/338/283
f 853/338/284 865/350/284 866/351/284 854/339/284
f 854/339/285 866/351/285 867/352/285 855/340/285
f 855/340/286 867/352/286 868/353/286 856/341/286
f 856/341/287 868/353/287 869/13/287 857/342/287
f 857/343/288 869/354/288 870/355/288 858/344/288
f 858/344/289 870/355/289 871/356/289 859/345/289
f 859/345/290 871/356/290 872/357/290 860/346/290
f 860/346/291 872/357/291 873/358/291 861/347/291
f 861/347/292 873/358/292 874/359/292 862/348/292
f 862/348/293 874/359/293 863/14/293 851/336/293
f 863/14/294 875/360/294 876/361/294 864/349/294
f 864/349/295 876/361/295 877/362/295 865/350/295
f 865/350/296 877/362/296 878/363/296 866/351/296
f 866/351/297 878/363/297 879/364/297 867/352/297
f 867/352/298 879/364/298 880/365/298 868/353/298
f 868/353/299 880/365/299 881/366/299 869/13/299
f 869/354/300 881/367/300 882/368/300 870/355/300
f 870/355/301 882/368/301 883/369/301 871/356/301
f 871/356/302 883/369/302 884/370/302 872/357/302
f 872/357/303 884/370/303 885/371/303 873/358/303
f 873/358/304 885/371/304 886/372/304 874/359/304
f 874/359/305 886/372/305 875/360/305 863/14/305
f 875/360/306 887/373/306 888/374/306 876/361/306
f 876/361/307 888/374/307 889/375/307 877/362/307
f 877/362/308 889/375/308 890/376/308 878/363/308
f 878/363/309 890/376/309 891/377/309 879/364/309
f 879/364/310 891/377/310 892/378/310 880/365/310
f 880/365/311 892/378/311 893/379/311 881/366/311
f 881/367/312 893/380/312 894/381/312 882/368/312
f 882/368/313 894/381/313 895/382/313 883/369/313
f 883/369/314 895/382/314 896/383/314 884/370/314
f 884/370/315 896/383/315 897/384/315 885/371/315
f 885/371/316 897/384/316 898/385/316 886/372/316
f 886/372/317 898/385/317 887/373/317 875/360/317
f 887/373/318 899/10/318 900/386/318 888/374/318
f 888/374/319 900/386/319 901/387/319 889/375/319
f 889/375/320 901/387/320 902/388/320 890/376/320
f 890/376/321 902/388/321 903/389/321 891/377/321
f 891/377/322 903/389/322 904/390/322 892/378/322
f 892/378/323 904/390/323 905/9/323 893/379/323
f 893/380/324 905/391/324 906/392/324 894/381/324
f 894/381/325 906/392/325 907/393/325 895/382/325
f 895/382/326 907/393/326 908/394/326 896/383/326
f 896/383/327 908/394/327 909/395/327 897/384/327
f 897/384/328 909/395/328 910/396/328 898/385/328
f 898/385/329 910/396/329 899/10/329 887/373/329
f 899/10/330 911/397/330 912/398/330 900/386/330
f 900/386/331 912/398/331 913/399/331 901/387/331
f 901/387/332 913/399/332 914/400/332 902/388/332
f 902/388/333 914/400/333 915/401/333 903/389/333
f 903/389/334 915/401/334 916/402/334 904/390/334
f 904/390/335 916/402/335 917/403/335 905/9/335
f 905/391/336 917/404/336 918/405/336 906/392/336
f 906/392/337 918/405/337 919/406/337 907/393/337
f 907/393/338 919/406/338 920/407/338 908/394/338
f 908/394/339 920/407/339 921/408/339 909/395/339
f 909/395/340 921/408/340 922/409/340 910/396/340
f 910/396/341 922/409/341 911/397/341 899/10/341
f 911/397/342 923/410/342 924/411/342 912/398/342
f 912/398/343 924/411/343 925/412/343 913/399/343
f 913/399/344 925/412/344 926/413/344 914/400/344
f 914/400/345 926/413/345 927/414/345 915/401/345
f 915/401/346 927/414/346 928/415/346 916/402/346
f 916/402/347 928/415/347 929/416/347 917/403/347
f 917/404/348 929/417/348 930/418/348 918/405/348
f 918/405/349 930/418/349 931/419/349 919/406/349
f 919/406/350 931/419/350 932/420/350 920/407/350
f 920/407/351 932/420/351 933/421/351 921/408/351
f 921/408/352 933/421/352 934/422/352 922/409/352
f 922/409/353 934/422/353 923/410/353 911/397/353
f 923/410/354 935/6/354 936/423/354 924/411/354
f 924/411/355 936/423/355 937/424/355 925/412/355
f 925/412/356 937/424/356 938/425/356 926/413/356
f 926/413/357 938/425/357 939/426/357 927/414/357
f 927/414/358 939/426/358 940/427/358 928/415/358
f 928/415/359 940/427/359 941/5/359 929/416/359
f 929/417/360 941/428/360 942/429/360 930/418/360
f 930/418/361 942/429/361 943/430/361 931/419/361
f 931/419/362 943/430/362 944/431/362 932/420/362
f 932/420/363 944/431/363 945/432/363 933/421/363
f 933/421/364 945/432/364 946/433/364 934/422/364
f 934/422/365 946/433/365 935/6/365 923/410/365
f 935/6/366 947/434/366 948/435/366 936/423/366
f 936/423/367 948/435/367 949/436/367 937/424/367
f 937/424/368 949/436/368 950/437/368 938/425/368
f 938/425/369 950/437/369 951/438/369 939/426/369
f 939/426/370 951/438/370 952/439/370 940/427/370
f 940/427/371 952/439/371 953/440/371 941/5/371
f 941/428/372 953/441/372 954/442/372 942/429/372
f 942/429/373 954/442/373 955/443/373 943/430/373
f 943/430/374 955/443/374 956/444/374 944/431/374
f 944/431/375 956/444/375 957/445/375 945/432/375
f 945/432/376 957/445/376 958/446/376 946/433/376
f 946/433/377 958/446/377 947/434/377 935/6/377
f 947/434/378 959/447/378 960/448/378 948/435/378
f 948/435/379 960/448/379 961/449/379 949/436/379
f 949/436/380 961/449/380 962/450/380 950/437/380
f 950/437/381 962/450/381 963/451/381 951/438/381
f 951/438/382 963/451/382 964/452/382 952/439/382
f 952/439/383 964/452/383 965/453/383 953/440/383
f 953/441/384 965/454/384 966/455/384 954/442/384
f 954/442/385 966/455/385 967/456/385 955/443/385
f 955/443/386 967/456/386 968/457/386 956/444/386
f 956/444/387 968/457/387 969/458/387 957/445/387
f 957/445/388 969/458/388 970/459/388 958/446/388
f 958/446/389 970/459/389 959/447/389 947/434/389
f 959/447/390 971/1/390 972/460/390 960/448/390
f 960/448/391 972/460/391 973/461/391 961/449/391
f 961/449/392 973/461/392 974/462/392 962/450/392
f 962/450/393 974/462/393 975/463/393 963/451/393
f 963/451/394 975/463/394 976/464/394 964/452/394
f 964/452/395 976/464/395 977/2/395 965/453/395
f 965/454/396 977/465/396 978/466/396 966/455/396
f 966/455/397 978/466/397 979/467/397 967/456/397
f 967/456/398 979/467/398 980/468/398 968/457/398
f 968/457/399 980/468/399 981/469/399 969/458/399
f 969/458/400 981/469/400 982/470/400 970/459/400
f 970/459/401 982/470/401 971/1/401 959/447/401
f 971/471/119 983/472/119 984/473/119 972/474/119
f 972/474/118 984/473/118 985/475/118 973/476/118
f 973/476/117 985/475/117 986/477/117 974/478/117
f 974/478/116 986/477/116 987/479/116 975/480/116
f 975/480/115 987/479/115 988/481/115 976/482/115
f 976/482/114 988/481/114 989/483/114 977/484/114
f 977/485/125 989/486/125 990/487/125 978/488/125
f 978/488/124 990/487/124 991/489/124 979/490/124
f 979/490/123 991/489/123 992/491/123 980/492/123
f 980/492/122 992/491/122 993/493/122 981/494/122
f 981/494/121 993/493/121 994/495/121 982/496/121
f 982/496/120 994/495/120 983/472/120 971/471/120
f 983/472/131 995/497/131 996/498/131 984/473/131
f 984/473/130 996/498/130 997/499/130 985/475/130
f 985/475/129 997/499/129 998/500/129 986/477/129
f 986/477/128 998/500/128 999/501/128 987/479/128
f 987/479/127 999/501/127 1000/502/127 988/481/127
f 988/481/126 1000/502/126 1001/503/126 989/483/126
f 989/486/137 1001/504/137 1002/505/137 990/487/137
f 990/487/136 1002/505/136 1003/506/136 991/489/136
f 991/489/135 1003/506/135 1004/507/135 992/491/135
f 992/491/134 1004/507/134 1005/508/134 993/493/134
f 993/493/133 1005/508/133 1006/509/133 994/495/133
f 994/495/132 1006/509/132 995/497/132 983/472/132
f 995/497/143 1007/62/143 1008/510/143 996/498/143
f 996/498/142 1008/510/142 1009/511/142 997/499/142
f 997/499/141 1009/511/141 1010/512/141 998/500/141
f 998/500/140 1010/512/140 1011/513/140 999/501/140
f 999/501/139 1011/513/139 1012/514/139 1000/502/139
f 1000/502/138 1012/514/138 1013/61/138 1001/503/138
f 1001/504/149 1013/515/149 1014/516/149 1002/505/149
f 1002/505/148 1014/516/148 1015/517/148 1003/506/148
f 1003/506/147 1015/517/147 1016/518/147 1004/507/147
f 1004/507/146 1016/518/146 1017/519/146 1005/508/146
f 1005/508/145 1017/519/145 1018/520/145 1006/509/145
f 1006/509/144 1018/520/144 1007/62/144 995/497/144
f 1007/62/155 1019/521/155 1020/522/155 1008/510/155
f 1008/510/154 1020/522/154 1021/523/154 1009/511/154
f 1009/511/153 1021/523/153 1022/524/153 1010/512/153
f 1010/512/152 1022/524/152 1023/525/152 1011/513/152
f 1011/513/151 1023/525/151 1024/526/151 1012/514/151
f 1012/514/150 1024/526/150 1025/527/150 1013/61/150
f 1013/515/161 1025/528/161 1026/529/161 1014/516/161
f 1014/516/160 1026/529/160 1027/530/160 1015/517/160
f 1015/517/159 1027/530/159 1028/531/159 1016/518/159
f 1016/518/158 1028/531/158 1029/532/158 1017/519/158
f 1017/519/157 1029/532/157 1030/533/157 1018/520/157
f 1018/520/156 1030/533/156 1019/521/156 1007/62/156
f 1019/521/167 1031/534/167 1032/535/167 1020/522/167
f 1020/522/166 1032/535/166 1033/536/166 1021/523/166
f 1021/523/165 1033/536/165 1034/537/165 1022/524/165
f 1022/524/164 1034/537/164 1035/538/164 1023/525/164
f 1023/525/163 1035/538/163 1036/539/163 1024/526/163
f 1024/526/162 1036/539/162 1037/540/162 1025/527/162
f 1025/528/173 1037/541/173 1038/542/173 1026/529/173
f 1026/529/172 1038/542/172 1039/543/172 1027/530/172
f 1027/530/171 1039/543/171 1040/544/171 1028/531/171
f 1028/531/170 1040/544/170 1041/545/170 1029/532/170
f 1029/532/169 1041/545/169 1042/546/169 1030/533/169
f 1030/533/168 1042/546/168 1031/534/168 1019/521/168
f 1031/534/179 1043/58/179 1044/547/179 1032/535/179
f 1032/535/178 1044/547/178 1045/548/178 1033/536/178
f 1033/536/177 1045/548/177 1046/549/177 1034/537/177
f 1034/537/176 1046/549/176 1047/550/176 1035/538/176
f 1035/538/175 1047/550/175 1048/551/175 1036/539/175
f 1036/539/174 1048/551/174 1049/57/174 1037/540/174
f 1037/541/185 1049/552/185 1050/553/185 1038/542/185
f 1038/542/184 1050/553/184 1051/554/184 1039/543/184
f 1039/543/183 1051/554/183 1052/555/183 1040/544/183
f 1040/544/182 1052/555/182 1053/556/182 1041/545/182
f 1041/545/181 1053/556/181 1054/557/181 1042/546/181
f 1042/546/180 1054/557/180 1043/58/180 1031/534/180
f 1043/58/191 1055/558/191 1056/559/191 1044/547/191
f 1044/547/190 1056/559/190 1057/560/190 1045/548/190
f 1045/548/189 1057/560/189 1058/561/189 1046/549/189
f 1046/549/188 1058/561/188 1059/562/188 1047/550/188
f 1047/550/187 1059/562/187 1060/563/187 1048/551/187
f 1048/551/186 1060/563/186 1061/564/186 1049/57/186
f 1049/552/197 1061/565/197 1062/566/197 1050/553/197
f 1050/553/196 1062/566/196 1063/567/196 1051/554/196
f 1051/554/195 1063/567/195 1064/568/195 1052/555/195
f 1052/555/194 1064/568/194 1065/569/194 1053/556/194
f 1053/556/193 1065/569/193 1066/570/193 1054/557/193
f 1054/557/192 1066/570/192 1055/558/192 1043/58/192
f 1055/558/203 1067/571/203 1068/572/203 1056/559/203
f 1056/559/202 1068/572/202 1069/573/202 1057/560/202
f 1057/560/201 1069/573/201 1070/574/201 1058/561/201
f 1058/561/200 1070/574/200 1071/575/200 1059/562/200
f 1059/562/199 1071/575/199 1072/576/199 1060/563/199
f 1060/563/198 1072/576/198 1073/577/198 1061/564/198
f 1061/565/209 1073/578/209 1074/579/209 1062/566/209
f 1062/566/208 1074/579/208 1075/580/208 1063/567/208
f 1063/567/207 1075/580/207 1076/581/207 1064/568/207
f 1064/568/206 1076/581/206 1077/582/206 1065/569/206
f 1065/569/205 1077/582/205 1078/583/205 1066/570/205
f 1066/570/204 1078/583/204 1067/571/204 1055/558/204
f 1067/571/215 1079/54/215 1080/584/215 1068/572/215
f 1068/572/214 1080/584/214 1081/585/214 1069/573/214
f 1069/573/213 1081/585/213 1082/586/213 1070/574/213
f 1070/574/212 1082/586/212 1083/587/212 1071/575/212
f 1071/575/211 1083/587/211 1084/588/211 1072/576/211
f 1072/576/210 1084/588/210 1085/53/210 1073/577/210
f 1073/578/221 1085/589/221 1086/590/221 1074/579/221
f 1074/579/220 1086/590/220 1087/591/220 1075/580/220
f 1075/580/219 1087/591/219 1088/592/219 1076/581/219
f 1076/581/218 1088/592/218 1089/593/218 1077/582/218
f 1077/582/217 1089/593/217 1090/594/217 1078/583/217
f 1078/583/216 1090/594/216 1079/54/216 1067/571/216
f 1079/54/227 1091/595/227 1092/596/227 1080/584/227
f 1080/584/226 1092/596/226 1093/597/226 1081/585/226
f 1081/585/225 1093/597/225 1094/598/225 1082/586/225
f 1082/586/224 1094/598/224 1095/599/224 1083/587/224
f 1083/587/223 1095/599/223 1096/600/223 1084/588/223
f 1084/588/222 1096/600/222 1097/601/222 1085/53/222
f 1085/589/233 1097/602/233 1098/603/233 1086/590/233
f 1086/590/232 1098/603/232 1099/604/232 1087/591/232
f 1087/591/231 1099/604/231 1100/605/231 1088/592/231
f 1088/592/230 1100/605/230 1101/606/230 1089/593/230
f 1089/593/229 1101/606/229 1102/607/229 1090/594/229
f 1090/594/228 1102/607/228 1091/595/228 1079/54/228
f 1091/595/239 1103/608/239 1104/609/239 1092/596/239
f 1092/596/238 1104/609/238 1105/610/238 1093/597/238
f 1093/597/237 1105/610/237 1106/611/237 1094/598/237
f 1094/598/236 1106/611/236 1107/612/236 1095/599/236
f 1095/599/235 1107/612/235 1108/613/235 1096/600/235
f 1096/600/234 1108/613/234 1109/614/234 1097/601/234
f 1097/602/245 1109/615/245 1110/616/245 1098/603/245
f 1098/603/244 1110/616/244 1111/617/244 1099/604/244
f 1099/604/243 1111/617/243 1112/618/243 1100/605/243
f 1100/605/242 1112/618/242 1113/619/242 1101/606/242
f 1101/606/241 1113/619/241 1114/620/241 1102/607/241
f 1102/607/240 1114/620/240 1103/608/240 1091/595/240
f 1103/608/251 1115/50/251 1116/621/251 1104/609/251
f 1104/609/250 1116/621/250 1117/622/250 1105/610/250
f 1105/610/249 1117/622/249 1118/623/249 1106/611/249
f 1106/611/248 1118/623/248 1119/624/248 1107/612/248
f 1107/612/247 1119/624/247 1120/625/247 1108/613/247
f 1108/613/246 1120/625/246 1121/49/246 1109/614/246
f 1109/615/257 1121/626/257 1122/627/257 1110/616/257
f 1110/616/256 1122/627/256 1123/628/256 1111/617/256
f 1111/617/255 1123/628/255 1124/629/255 1112/618/255
f 1112/618/254 1124/629/254 1125/630/254 1113/619/254
f 1113/619/253 1125/630/253 1126/631/253 1114/620/253
f 1114/620/252 1126/631/252 1115/50/252 1103/608/252
f 1115/50/263 1127/632/263 1128/633/263 1116/621/263
f 1116/621/262 1128/633/262 1129/634/262 1117/622/262
f 1117/622/261 1129/634/261 1130/635/261 1118/623/261
f 1118/623/260 1130/635/260 1131/636/260 1119/624/260
f 1119/624/259 1131/636/259 1132/637/259 1120/625/259
f 1120/625/258 1132/637/258 1133/638/258 1121/49/258
f 1121/626/269 1133/639/269 1134/640/269 1122/627/269
f 1122/627/268 1134/640/268 1135/641/268 1123/628/268
f 1123/628/267 1135/641/267 1136/642/267 1124/629/267
f 1124/629/266 1136/642/266 1137/643/266 1125/630/266
f 1125/630/265 1137/643/265 1138/644/265 1126/631/265
f 1126/631/264 1138/644/264 1127/632/264 1115/50/264
f 1127/632/275 1139/645/275 1140/646/275 1128/633/275
f 1128/633/274 1140/646/274 1141/647/274 1129/634/274
f 1129/634/273 1141/647/273 1142/648/273 1130/635/273
f 1130/635/272 1142/648/272 1143/649/272 1131/636/272
f 1131/636/271 1143/649/271 1144/650/271 1132/637/271
f 1132/637/270 1144/650/270 1145/651/270 1133/638/270
f 1133/639/281 1145/652/281 1146/653/281 1134/640/281
f 1134/640/280 1146/653/280 1147/654/280 1135/641/280
f 1135/641/279 1147/654/279 1148/655/279 1136/642/279
f 1136/642/278 1148/655/278 1149/656/278 1137/643/278
f 1137/643/277 1149/656/277 1150/657/277 1138/644/277
f 1138/644/276 1150/657/276 1139/645/276 1127/632/276
f 1139/645/287 1151/46/287 1152/658/287 1140/646/287
f 1140/646/286 1152/658/286 1153/659/286 1141/647/286
f 1141/647/285 1153/659/285 1154/660/285 1142/648/285
f 1142/648/284 1154/660/284 1155/661/284 1143/649/284
f 1143/649/283 1155/661/283 1156/662/283 1144/650/283
f 1144/650/282 1156/662/282 1157/45/282 1145/651/282
f 1145/652/293 1157/663/293 1158/664/293 1146/653/293
f 1146/653/292 1158/664/292 1159/665/292 1147/654/292
f 1147/654/291 1159/665/291 1160/666/291 1148/655/291
f 1148/655/290 1160/666/290 1161/667/290 1149/656/290
f 1149/656/289 1161/667/289 1162/668/289 1150/657/289
f 1150/657/288 1162/668/288 1151/46/288 1139/645/288
f 1151/46/299 1163/669/299 1164/670/299 1152/658/299
f 1152/658/298 1164/670/298 1165/671/298 1153/659/298
f 1153/659/297 1165/671/297 1166/672/297 1154/660/297
f 1154/660/296 1166/672/296 1167/673/296 1155/661/296
f 1155/661/295 1167/673/295 1168/674/295 1156/662/295
f 1156/662/294 1168/674/294 1169/675/294 1157/45/294
f 1157/663/305 1169/676/305 1170/677/305 1158/664/305
f 1158/664/304 1170/677/304 1171/678/304 1159/665/304
f 1159/665/303 1171/678/303 1172/679/303 1160/666/303
f 1160/666/302 1172/679/302 1173/680/302 1161/667/302
f 1161/667/301 1173/680/301 1174/681/301 1162/668/301
f 1162/668/300 1174/681/300 1163/669/300 1151/46/300
f 1163/669/311 1175/682/311 1176/683/311 1164/670/311
f 1164/670/310 1176/683/310 1177/684/310 1165/671/310
f 1165/671/309 1177/684/309 1178/685/309 1166/672/309
f 1166/672/308 1178/685/308 1179/686/308 1167/673/308
f 1167/673/307 1179/686/307 1180/687/307 1168/674/307
f 1168/674/306 1180/687/306 1181/688/306 1169/675/306
f 1169/676/317 1181/689/317 1182/690/317 1170/677/317
f 1170/677/316 1182/690/316 1183/691/316 1171/678/316
f 1171/678/315 1183/691/315 1184/692/315 1172/679/315
f 1172/679/314 1184/692/314 1185/693/314 1173/680/314
f 1173/680/313 1185/693/313 1186/694/313 1174/681/313
f 1174/681/312 1186/694/312 1175/682/312 1163/669/312
f 1175/682/323 1187/42/323 1188/695/323 1176/683/323
f 1176/683/322 1188/695/322 1189/696/322 1177/684/322
f 1177/684/321 1189/696/321 1190/697/321 1178/685/321
f 1178/685/320 1190/697/320 1191/698/320 1179/686/320
f 1179/686/319 1191/698/319 1192/699/319 1180/687/319
f 1180/687/318 1192/699/318 1193/41/318 1181/688/318
f 1181/689/329 1193/700/329 1194/701/329 1182/690/329
f 1182/690/328 1194/701/328 1195/702/328 1183/691/328
f 1183/691/327 1195/702/327 1196/703/327 1184/692/327
f 1184/692/326 1196/703/326 1197/704/326 1185/693/326
f 1185/693/325 1197/704/325 1198/705/325 1186/694/325
f 1186/694/324 1198/705/324 1187/42/324 1175/682/324
f 1187/42/335 1199/706/335 1200/707/335 1188/695/335
f 1188/695/334 1200/707/334 1201/708/334 1189/696/334
f 1189/696/333 1201/708/333 1202/709/333 1190/697/333
f 1190/697/332 1202/709/332 1203/710/332 1191/698/332
f 1191/698/331 1203/710/331 1204/711/331 1192/699/331
f 1192/699/330 1204/711/330 1205/712/330 1193/41/330
f 1193/700/341 1205/713/341 1206/714/341 1194/701/341
f 1194/701/340 1206/714/340 1207/715/340 1195/702/340
f 1195/702/339 1207/715/339 1208/716/339 1196/703/339
f 1196/703/338 1208/716/338 1209/717/338 1197/704/338
f 1197/704/337 1209/717/337 1210/718/337 1198/705/337
f 1198/705/336 1210/718/336 1199/706/336 1187/42/336
f 1199/706/347 1211/719/347 1212/720/347 1200/707/347
f 1200/707/346 1212/720/346 1213/721/346 1201/708/346
f 1201/708/345 1213/721/345 1214/722/345 1202/709/345
f 1202/709/344 1214/722/344 1215/723/344 1203/710/344
f 1203/710/343 1215/723/343 1216/724/343 1204/711/343
f 1204/711/342 1216/724/342 1217/725/342 1205/712/342
f 1205/713/353 1217/726/353 1218/727/353 1206/714/353
f 1206/714/352 1218/727/352 1219/728/352 1207/715/352
f 1207/715/351 1219/728/351 1220/729/351 1208/716/351
f 1208/716/350 1220/729/350 1221/730/350 1209/717/350
f 1209/717/349 1221/730/349 1222/731/349 1210/718/349
f 1210/718/348 1222/731/348 1211/719/348 1199/706/348
f 1211/719/359 1223/38/359 1224/732/359 1212/720/359
f 1212/720/358 1224/732/358 1225/733/358 1213/721/358
f 1213/721/357 1225/733/357 1226/734/357 1214/722/357
f 1214/722/356 1226/734/356 1227/735/356 1215/723/356
f 1215/723/355 1227/735/355 1228/736/355 1216/724/355
f 1216/724/354 1228/736/354 1229/37/354 1217/725/354
f 1217/726/365 1229/737/365 1230/738/365 1218/727/365
f 1218/727/364 1230/738/364 1231/739/364 1219/728/364
f 1219/728/363 1231/739/363 1232/740/363 1220/729/363
f 1220/729/362 1232/740/362 1233/741/362 1221/730/362
f 1221/730/361 1233/741/361 1234/742/361 1222/731/361
f 1222/731/360 1234/742/360 1223/38/360 1211/719/360
f 1223/38/371 1235/743/371 1236/744/371 1224/732/371
f 1224/732/370 1236/744/370 1237/745/370 1225/733/370
f 1225/733/369 1237/745/369 1238/746/369 1226/734/369
f 1226/734/368 1238/746/368 1239/747/368 1227/735/368
f 1227/735/367 1239/747/367 1240/748/367 1228/736/367
f 1228/736/366 1240/748/366 1241/749/366 1229/37/366
f 1229/737/377 1241/750/377 1242/751/377 1230/738/377
f 1230/738/376 1242/751/376 1243/752/376 1231/739/376
f 1231/739/375 1243/752/375 1244/753/375 1232/740/375
f 1232/740/374 1244/753/374 1245/754/374 1233/741/374
f 1233/741/373 1245/754/373 1246/755/373 1234/742/373
f 1234/742/372 1246/755/372 1235/743/372 1223/38/372
f 1235/743/383 1247/756/383 1248/757/383 1236/744/383
f 1236/744/382 1248/757/382 1249/758/382 1237/745/382
f 1237/745/381 1249/758/381 1250/759/381 1238/746/381
f 1238/746/380 1250/759/380 1251/760/380 1239/747/380
f 1239/747/379 1251/760/379 1252/761/379 1240/748/379
f 1240/748/378 1252/761/378 1253/762/378 1241/749/378
f 1241/750/389 1253/763/389 1254/764/389 1242/751/389
f 1242/751/388 1254/764/388 1255/765/388 1243/752/388
f 1243/752/387 1255/765/387 1256/766/387 1244/753/387
f 1244/753/386 1256/766/386 1257/767/386 1245/754/386
f 1245/754/385 1257/767/385 1258/768/385 1246/755/385
f 1246/755/384 1258/768/384 1247/756/384 1235/743/384
f 1247/756/395 683/34/395 684/166/395 1248/757/395
f 1248/757/394 684/166/394 685/168/394 1249/758/394
f 1249/758/393 685/168/393 686/170/393 1250/759/393
f 1250/759/392 686/170/392 687/172/392 1251/760/392
f 1251/760/391 687/172/391 688/174/391 1252/761/391
f 1252/761/390 688/174/390 689/33/390 1253/762/390
f 1253/763/401 689/176/401 690/179/401 1254/764/401
f 1254/764/400 690/179/400 691/181/400 1255/765/400
f 1255/765/399 691/181/399 692/183/399 1256/766/399
f 1256/766/398 692/183/398 693/185/398 1257/767/398
f 1257/767/397 693/185/397 694/187/397 1258/768/397
f 1258/768/396 694/187/396 683/34/396 1247/756/396
f 1259/34/114 1271/164/114 1272/165/114 1260/166/114
f 1260/166/115 1272/165/115 1273/167/115 1261/168/115
f 1261/168/116 1273/167/116 1274/169/116 1262/170/116
f 1262/170/117 1274/169/117 1275/171/117 1263/172/117
f 1263/172/118 1275/171/118 1276/173/118 1264/174/118
f 1264/174/119 1276/173/119 1277/175/119 1265/33/119
f 1265/176/120 1277/177/120 1278/178/120 1266/179/120
f 1266/179/121 1278/178/121 1279/180/121 1267/181/121
f 1267/181/122 1279/180/122 1280/182/122 1268/183/122
f 1268/183/123 1280/182/123 1281/184/123 1269/185/123
f 1269/185/124 1281/184/124 1282/186/124 1270/187/124
f 1270/187/125 1282/186/125 1271/164/125 1259/34/125
f 1271/164/126 1283/188/126 1284/189/126 1272/165/126
f 1272/165/127 1284/189/127 1285/190/127 1273/167/127
f 1273/167/128 1285/190/128 1286/191/128 1274/169/128
f 1274/169/129 1286/191/129 1287/192/129 1275/171/129
f 1275/171/130 1287/192/130 1288/193/130 1276/173/130
f 1276/173/131 1288/193/131 1289/194/131 1277/175/131
f 1277/177/132 1289/195/132 1290/196/132 1278/178/132
f 1278/178/133 1290/196/133 1291/197/133 1279/180/133
f 1279/180/134 1291/197/134 1292/198/134 1280/182/134
f 1280/182/135 1292/198/135 1293/199/135 1281/184/135
f 1281/184/136 1293/199/136 1294/200/136 1282/186/136
f 1282/186/137 1294/200/137 1283/188/137 1271/164/137
f 1283/188/138 1295/30/138 1296/201/138 1284/189/138
f 1284/189/139 1296/201/139 1297/202/139 1285/190/139
f 1285/190/140 1297/202/140 1298/203/140 1286/191/140
f 1286/191/141 1298/203/141 1299/204/141 1287/192/141
f 1287/192/142 1299/204/142 1300/205/142 1288/193/142
f 1288/193/143 1300/205/143 1301/29/143 1289/194/143
f 1289/195/144 1301/206/144 1302/207/144 1290/196/144
f 1290/196/145 1302/207/145 1303/208/145 1291/197/145
f 1291/197/146 1303/208/146 1304/209/146 1292/198/146
f 1292/198/147 1304/209/147 1305/210/147 1293/199/147
f 1293/199/148 1305/210/148 1306/211/148 1294/200/148
f 1294/200/149 1306/211/149 1295/30/149 1283/188/149
f 1295/30/150 1307/212/150 1308/213/150 1296/201/150
f 1296/201/151 1308/213/151 1309/214/151 1297/202/151
f 1297/202/152 1309/214/152 1310/215/152 1298/203/152
f 1298/203/153 1310/215/153 1311/216/153 1299/204/153
f 1299/204/154 1311/216/154 1312/217/154 1300/205/154
f 1300/205/155 1312/217/155 1313/218/155 1301/29/155
f 1301/206/156 1313/219/156 1314/220/156 1302/207/156
f 1302/207/157 1314/220/157 1315/221/157 1303/208/157
f 1303/208/158 1315/221/158 1316/222/158 1304/209/158
f 1304/209/159 1316/222/159 1317/223/159 1305/210/159
f 1305/210/160 1317/223/160 1318/224/160 1306/211/160
f 1306/211/161 1318/224/161 1307/212/161 1295/30/161
f 1307/212/162 1319/225/162 1320/226/162 1308/213/162
f 1308/213/163 1320/226/163 1321/227/163 1309/214/163
f 1309/214/164 1321/227/164 1322/228/164 1310/215/164
f 1310/215/165 1322/228/165 1323/229/165 1311/216/165
f 1311/216/166 1323/229/166 1324/230/166 1312/217/166
f 1312/217/167 1324/230/167 1325/231/167 1313/218/167
f 1313/219/168 1325/232/168 1326/233/168 1314/220/168
f 1314/220/169 1326/233/169 1327/234/169 1315/221/169
f 1315/221/170 1327/234/170 1328/235/170 1316/222/170
f 1316/222/171 1328/235/171 1329/236/171 1317/223/171
f 1317/223/172 1329/236/172 1330/237/172 1318/224/172
f 1318/224/173 1330/237/173 1319/225/173 1307/212/173
f 1319/225/174 1331/26/174 1332/238/174 1320/226/174
f 1320/226/175 1332/238/175 1333/239/175 1321/227/175
f 1321/227/176 1333/239/176 1334/240/176 1322/228/176
f 1322/228/177 1334/240/177 1335/241/177 1323/229/177
f 1323/229/178 1335/241/178 1336/242/178 1324/230/178
f 1324/230/179 1336/242/179 1337/25/179 1325/231/179
f 1325/232/180 1337/243/180 1338/244/180 1326/233/180
f 1326/233/181 1338/244/181 1339/245/181 1327/234/181
f 1327/234/182 1339/245/182 1340/246/182 1328/235/182
f 1328/235/183 1340/246/183 1341/247/183 1329/236/183
f 1329/236/184 1341/247/184 1342/248/184 1330/237/184
f 1330/237/185 1342/248/185 1331/26/185 1319/225/185
f 1331/26/186 1343/249/186 1344/250/186 1332/238/186
f 1332/238/187 1344/250/187 1345/251/187 1333/239/187
f 1333/239/188 1345/251/188 1346/252/188 1334/240/188
f 1334/240/189 1346/252/189 1347/253/189 1335/241/189
f 1335/241/190 1347/253/190 1348/254/190 1336/242/190
f 1336/242/191 1348/254/191 1349/255/191 1337/25/191
f 1337/243/192 1349/256/192 1350/257/192 1338/244/192
f 1338/244/193 1350/257/193 1351/258/193 1339/245/193
f 1339/245/194 1351/258/194 1352/259/194 1340/246/194
f 1340/246/195 1352/259/195 1353/260/195 1341/247/195
f 1341/247/196 1353/260/196 1354/261/196 1342/248/196
f 1342/248/197 1354/261/197 1343/249/197 1331/26/197
f 1343/249/198 1355/262/198 1356/263/198 1344/250/198
f 1344/250/199 1356/263/199 1357/264/199 1345/251/199
f 1345/251/200 1357/264/200 1358/265/200 1346/252/200
f 1346/252/201 1358/265/201 1359/266/201 1347/253/201
f 1347/253/202 1359/266/202 1360/267/202 1348/254/202
f 1348/254/203 1360/267/203 1361/268/203 1349/255/203
f 1349/256/204 1361/269/204 1362/270/204 1350/257/204
f 1350/257/205 1362/270/205 1363/271/205 1351/258/205
f 1351/258/206 1363/271/206 1364/272/206 1352/259/206
f 1352/259/207 1364/272/207 1365/273/207 1353/260/207
f 1353/260/208 1365/273/208 1366/274/208 1354/261/208
f 1354/261/209 1366/274/209 1355/262/209 1343/249/209
f 1355/262/210 1367/22/210 1368/275/210 1356/263/210
f 1356/263/211 1368/275/211 1369/276/211 1357/264/211
f 1357/264/212 1369/276/212 1370/277/212 1358/265/212
f 1358/265/213 1370/277/213 1371/278/213 1359/266/213
f 1359/266/214 1371/278/214 1372/279/214 1360/267/214
f 1360/267/215 1372/279/215 1373/21/215 1361/268/215
f 1361/269/216 1373/280/216 1374/281/216 1362/270/216
f 1362/270/217 1374/281/217 1375/282/217 1363/271/217
f 1363/271/218 1375/282/218 1376/283/218 1364/272/218
f 1364/272/219 1376/283/219 1377/284/219 1365/273/219
f 1365/273/220 1377/284/220 1378/285/220 1366/274/220
f 1366/274/221 1378/285/221 1367/22/221 1355/262/221
f 1367/22/222 1379/286/222 1380/287/222 1368/275/222
f 1368/275/223 1380/287/223 1381/288/223 1369/276/223
f 1369/276/224 1381/288/224 1382/289/224 1370/277/224
f 1370/277/225 1382/289/225 1383/290/225 1371/278/225
f 1371/278/226 1383/290/226 1384/291/226 1372/279/226
f 1372/279/227 1384/291/227 1385/292/227 1373/21/227
f 1373/280/228 1385/293/228 1386/294/228 1374/281/228
f 1374/281/229 1386/294/229 1387/295/229 1375/282/229
f 1375/282/230 1387/295/230 1388/296/230 1376/283/230
f 1376/283/231 1388/296/231 1389/297/231 1377/284/231
f 1377/284/232 1389/297/232 1390/298/232 1378/285/232
f 1378/285/233 1390/298/233 1379/286/233 1367/22/233
f 1379/286/234 1391/299/234 1392/300/234 1380/287/234
f 1380/287/235 1392/300/235 1393/301/235 1381/288/235
f 1381/288/236 1393/301/236 1394/302/236 1382/289/236
f 1382/289/237 1394/302/237 1395/303/237 1383/290/237
f 1383/290/238 1395/303/238 1396/304/238 1384/291/238
f 1384/291/239 1396/304/239 1397/305/239 1385/292/239
f 1385/293/240 1397/306/240 1398/307/240 1386/294/240
f 1386/294/241 1398/307/241 1399/308/241 1387/295/241
f 1387/295/242 1399/308/242 1400/309/242 1388/296/242
f 1388/296/243 1400/309/243 1401/310/243 1389/297/243
f 1389/297/244 1401/310/244 1402/311/244 1390/298/244
f 1390/298/245 1402/311/245 1391/299/245 1379/286/245
f 1391/299/246 1403/18/246 1404/312/246 1392/300/246
f 1392/300/247 1404/312/247 1405/313/247 1393/301/247
f 1393/301/248 1405/313/248 1406/314/248 1394/302/248
f 1394/302/249 1406/314/249 1407/315/249 1395/303/249
f 1395/303/250 1407/315/250 1408/316/250 1396/304/250
f 1396/304/251 1408/316/251 1409/17/251 1397/305/251
f 1397/306/252 1409/317/252 1410/318/252 1398/307/252
f 1398/307/253 1410/318/253 1411/319/253 1399/308/253
f 1399/308/254 1411/319/254 1412/320/254 1400/309/254
f 1400/309/255 1412/320/255 1413/321/255 1401/310/255
f 1401/310/256 1413/321/256 1414/322/256 1402/311/256
f 1402/311/257 1414/322/257 1403/18/257 1391/299/257
f 1403/18/258 1415/323/258 1416/324/258 1404/312/258
f 1404/312/259 1416/324/259 1417/325/259 1405/313/259
f 1405/313/260 1417/325/260 1418/326/260 1406/314/260
f 1406/314/261 1418/326/261 1419/327/261 1407/315/261
f 1407/315/262 1419/327/262 1420/328/262 1408/316/262
f 1408/316/263 1420/328/263 1421/329/263 1409/17/263
f 1409/317/264 1421/330/264 1422/331/264 1410/318/264
f 1410/318/265 1422/331/265 1423/332/265 1411/319/265
f 1411/319/266 1423/332/266 1424/333/266 1412/320/266
f 1412/320/267 1424/333/267 1425/334/267 1413/321/267
f 1413/321/268 1425/334/268 1426/335/268 1414/322/268
f 1414/322/269 1426/335/269 1415/323/269 1403/18/269
f 1415/323/270 1427/336/270 1428/337/270 1416/324/270
f 1416/324/271 1428/337/271 1429/338/271 1417/325/271
f 1417/325/272 1429/338/272 1430/339/272 1418/326/272
f 1418/326/273 1430/339/273 1431/340/273 1419/327/273
f 1419/327/274 1431/340/274 1432/341/274 1420/328/274
f 1420/328/275 1432/341/275 1433/342/275 1421/329/275
f 1421/330/276 1433/343/276 1434/344/276 1422/331/276
f 1422/331/277 1434/344/277 1435/345/277 1423/332/277
f 1423/332/278 1435/345/278 1436/346/278 1424/333/278
f 1424/333/279 1436/346/279 1437/347/279 1425/334/279
f 1425/334/280 1437/347/280 1438/348/280 1426/335/280
f 1426/335/281 1438/348/281 1427/336/281 1415/323/281
f 1427/336/282 1439/14/282 1440/349/282 1428/337/282
f 1428/337/283 1440/349/283 1441/350/283 1429/338/283
f 1429/338/284 1441/350/284 1442/351/284 1430/339/284
f 1430/339/285 1442/351/285 1443/352/285 1431/340/285
f 1431/340/286 1443/352/286 1444/353/286 1432/341/286
f 1432/341/287 1444/353/287 1445/13/287 1433/342/287
f 1433/343/288 1445/354/288 1446/355/288 1434/344/288
f 1434/344/289 1446/355/289 1447/356/289 1435/345/289
f 1435/345/290 1447/356/290 1448/357/290 1436/346/290
f 1436/346/291 1448/357/291 1449/358/291 1437/347/291
f 1437/347/292 1449/358/292 1450/359/292 1438/348/292
f 1438/348/293 1450/359/293 1439/14/293 1427/336/293
f 1439/14/294 1451/360/294 1452/361/294 1440/349/294
f 1440/349/295 1452/361/295 1453/362/295 1441/350/295
f 1441/350/296 1453/362/296 1454/363/296 1442/351/296
f 1442/351/297 1454/363/297 1455/364/297 1443/352/297
f 1443/352/298 1455/364/298 1456/365/298 1444/353/298
f 1444/353/299 1456/365/299 1457/366/299 1445/13/299
f 1445/354/300 1457/367/300 1458/368/300 1446/355/300
f 1446/355/301 1458/368/301 1459/369/301 1447/356/301
f 1447/356/302 1459/369/302 1460/370/302 1448/357/302
f 1448/357/303 1460/370/303 1461/371/303 1449/358/303
f 1449/358/304 1461/371/304 1462/372/304 1450/359/304
f 1450/359/305 1462/372/305 1451/360/305 1439/14/305
f 1451/360/306 1463/373/306 1464/374/306 1452/361/306
f 1452/361/307 1464/374/307 1465/375/307 1453/362/307
f 1453/362/308 1465/375/308 1466/376/308 1454/363/308
f 1454/363/309 1466/376/309 1467/377/309 1455/364/309
f 1455/364/310 1467/377/310 1468/378/310 1456/365/310
f 1456/365/311 1468/378/311 1469/379/311 1457/366/311
f 1457/367/312 1469/380/312 1470/381/312 1458/368/312
f 1458/368/313 1470/381/313 1471/382/313 1459/369/313
f 1459/369/314 1471/382/314 1472/383/314 1460/370/314
f 1460/370/315 1472/383/315 1473/384/315 1461/371/315
f 1461/371/316 1473/384/316 1474/385/316 1462/372/316
f 1462/372/317 1474/385/317 1463/373/317 1451/360/317
f 1463/373/318 1475/10/318 1476/386/318 1464/374/318
f 1464/374/319 1476/386/319 1477/387/319 1465/375/319
f 1465/375/320 1477/387/320 1478/388/320 1466/376/320
f 1466/376/321 1478/388/321 1479/389/321 1467/377/321
f 1467/377/322 1479/389/322 1480/390/322 1468/378/322
f 1468/378/323 1480/390/323 1481/9/323 1469/379/323
f 1469/380/324 1481/391/324 1482/392/324 1470/381/324
f 1470/381/325 1482/392/325 1483/393/325 1471/382/325
f 1471/382/326 1483/393/326 1484/394/326 1472/383/326
f 1472/383/327 1484/394/327 1485/395/327 1473/384/327
f 1473/384/328 1485/395/328 1486/396/328 1474/385/328
f 1474/385/329 1486/396/329 1475/10/329 1463/373/329
f 1475/10/330 1487/397/330 1488/398/330 1476/386/330
f 1476/386/331 1488/398/331 1489/399/331 1477/387/331
f 1477/387/332 1489/399/332 1490/400/332 1478/388/332
f 1478/388/333 1490/400/333 1491/401/333 1479/389/333
f 1479/389/334 1491/401/334 1492/402/334 1480/390/334
f 1480/390/335 1492/402/335 1493/403/335 1481/9/335
f 1481/391/336 1493/404/336 1494/405/336 1482/392/336
f 1482/392/337 1494/405/337 1495/406/337 1483/393/337
f 1483/393/338 1495/406/338 1496/407/338 1484/394/338
f 1484/394/339 1496/407/339 1497/408/339 1485/395/339
f 1485/395/340 1497/408/340 1498/409/340 1486/396/340
f 1486/396/341 1498/409/341 1487/397/341 1475/10/341
f 1487/397/342 1499/410/342 1500/411/342 1488/398/342
f 1488/398/343 1500/411/343 1501/412/343 1489/399/343
f 1489/399/344 1501/412/344 1502/413/344 1490/400/344
f 1490/400/345 1502/413/345 1503/414/345 1491/401/345
f 1491/401/346 1503/414/346 1504/415/346 1492/402/346
f 1492/402/347 1504/415/347 1505/416/347 1493/403/347
f 1493/404/348 1505/417/348 1506/418/348 1494/405/348
f 1494/405/349 1506/418/349 1507/419/349 1495/406/349
f 1495/406/350 1507/419/350 1508/420/350 1496/407/350
f 1496/407/351 1508/420/351 1509/421/351 1497/408/351
f 1497/408/352 1509/421/352 1510/422/352 1498/409/352
f 1498/409/353 1510/422/353 1499/410/353 1487/397/353
f 1499/410/354 1511/6/354 1512/423/354 1500/411/354
f 1500/411/355 1512/423/355 1513/424/355 1501/412/355
f 1501/412/356 1513/424/356 1514/425/356 1502/413/356
f 1502/413/357 1514/425/357 1515/426/357 1503/414/357
f 1503/414/358 1515/426/358 1516/427/358 1504/415/358
f 1504/415/359 1516/427/359 1517/5/359 1505/416/359
f 1505/417/360 1517/428/360 1518/429/360 1506/418/360
f 1506/418/361 1518/429/361 1519/430/361 1507/419/361
f 1507/419/362 1519/430/362 1520/431/362 1508/420/362
f 1508/420/363 1520/431/363 1521/432/363 1509/421/363
f 1509/421/364 1521/432/364 1522/433/364 1510/422/364
f 1510/422/365 1522/433/365 1511/6/365 1499/410/365
f 1511/6/366 1523/434/366 1524/435/366 1512/423/366
f 1512/423/367 1524/435/367 1525/436/367 1513/424/367
f 1513/424/368 1525/436/368 1526/437/368 1514/425/368
f 1514/425/369 1526/437/369 1527/438/369 1515/426/369
f 1515/426/370 1527/438/370 1528/439/370 1516/427/370
f 1516/427/371 1528/439/371 1529/440/371 1517/5/371
f 1517/428/372 1529/441/372 1530/442/372 1518/429/372
f 1518/429/373 1530/442/373 1531/443/373 1519/430/373
f 1519/430/374 1531/443/374 1532/444/374 1520/431/374
f 1520/431/375 1532/444/375 1533/445/375 1521/432/375
f 1521/432/376 1533/445/376 1534/446/376 1522/433/376
f 1522/433/377 1534/446/377 1523/434/377 1511/6/377
f 1523/434/378 1535/447/378 1536/448/378 1524/435/378
f 1524/435/379 1536/448/379 1537/449/379 1525/436/379
f 1525/436/380 1537/449/380 1538/450/380 1526/437/380
f 1526/437/381 1538/450/381 1539/451/381 1527/438/381
f 1527/438/382 1539/451/382 1540/452/382 1528/439/382
f 1528/439/383 1540/452/383 1541/453/383 1529/440/383
f 1529/441/384 1541/454/384 1542/455/384 1530/442/384
f 1530/442/385 1542/455/385 1543/456/385 1531/443/385
f 1531/443/386 1543/456/386 1544/457/386 1532/444/386
f 1532/444/387 1544/457/387 1545/458/387 1533/445/387
f 1533/445/388 1545/458/388 1546/459/388 1534/446/388
f 1534/446/389 1546/459/389 1535/447/389 1523/434/389
f 1535/447/390 1547/1/390 1548/460/390 1536/448/390
f 1536/448/391 1548/460/391 1549/461/391 1537/449/391
f 1537/449/392 1549/461/392 1550/462/392 1538/450/392
f 1538/450/393 1550/462/393 1551/463/393 1539/451/393
f 1539/451/394 1551/463/394 1552/464/394 1540/452/394
f 1540/452/395 1552/464/395 1553/2/395 1541/453/395
f 1541/454/396 1553/465/396 1554/466/396 1542/455/396
f 1542/455/397 1554/466/397 1555/467/397 1543/456/397
f 1543/456/398 1555/467/398 1556/468/398 1544/457/398
f 1544/457/399 1556/468/399 1557/469/399 1545/458/399
f 1545/458/400 1557/469/400 1558/470/400 1546/459/400
f 1546/459/401 1558/470/401 1547/1/401 1535/447/401
f 1547/471/119 1559/472/119 1560/473/119 1548/474/119
f 1548/474/118 1560/473/118 1561/475/118 1549/476/118
f 1549/476/117 1561/475/117 1562/477/117 1550/478/117
f 1550/478/116 1562/477/116 1563/479/116 1551/480/116
f 1551/480/115 1563/479/115 1564/481/115 1552/482/115
f 1552/482/114 1564/481/114 1565/483/114 1553/484/114
f 1553/485/125 1565/486/125 1566/487/125 1554/488/125
f 1554/488/124 1566/487/124 1567/489/124 1555/490/124
f 1555/490/123 1567/489/123 1568/491/123 1556/492/123
f 1556/492/122 1568/491/122 1569/493/122 1557/494/122
f 1557/494/121 1569/493/121 1570/495/121 1558/496/121
f 1558/496/120 1570/495/120 1559/472/120 1547/471/120
f 1559/472/131 1571/497/131 1572/498/131 1560/473/131
f 1560/473/130 1572/498/130 1573/499/130 1561/475/130
f 1561/475/129 1573/499/129 1574/500/129 1562/477/129
f 1562/477/128 1574/500/128 1575/501/128 1563/479/128
f 1563/479/127 1575/501/127 1576/502/127 1564/481/127
f 1564/481/126 1576/502/126 1577/503/126 1565/483/126
f 1565/486/137 1577/504/137 1578/505/137 1566/487/137
f 1566/487/136 1578/505/136 1579/506/136 1567/489/136
f 1567/489/135 1579/506/135 1580/507/135 1568/491/135
f 1568/491/134 1580/507/134 1581/508/134 1569/493/134
f 1569/493/133 1581/508/133 1582/509/133 1570/495/133
f 1570/495/132 1582/509/132 1571/497/132 1559/472/132
f 1571/497/143 1583/62/143 1584/510/143 1572/498/143
f 1572/498/142 1584/510/142 1585/511/142 1573/499/142
f 1573/499/141 1585/511/141 1586/512/141 1574/500/141
f 1574/500/140 1586/512/140 1587/513/140 1575/501/140
f 1575/501/139 1587/513/139 1588/514/139 1576/502/139
f 1576/502/138 1588/514/138 1589/61/138 1577/503/138
f 1577/504/149 1589/515/149 1590/516/149 1578/505/149
f 1578/505/148 1590/516/148 1591/517/148 1579/506/148
f 1579/506/147 1591/517/147 1592/518/147 1580/507/147
f 1580/507/146 1592/518/146 1593/519/146 1581/508/146
f 1581/508/145 1593/519/145 1594/520/145 1582/509/145
f 1582/509/144 1594/520/144 1583/62/144 1571/497/144
f 1583/62/155 1595/521/155 1596/522/155 1584/510/155
f 1584/510/154 1596/522/154 1597/523/154 1585/511/154
f 1585/511/153 1597/523/153 1598/524/153 1586/512/153
f 1586/512/152 1598/524/152 1599/525/152 1587/513/152
f 1587/513/151 1599/525/151 1600/526/151 1588/514/151
f 1588/514/150 1600/526/150 1601/527/150 1589/61/150
f 1589/515/161 1601/528/161 1602/529/161 1590/516/161
f 1590/516/160 1602/529/160 1603/530/160 1591/517/160
f 1591/517/159 1603/530/159 1604/531/159 1592/518/159
f 1592/518/158 1604/531/158 1605/532/158 1593/519/158
f 1593/519/157 1605/532/157 1606/533/157 1594/520/157
f 1594/520/156 1606/533/156 1595/521/156 1583/62/156
f 1595/521/167 1607/534/167 1608/535/167 1596/522/167
f 1596/522/166 1608/535/166 1609/536/166 1597/523/166
f 1597/523/165 1609/536/165 1610/537/165 1598/524/165
f 1598/524/164 1610/537/164 1611/538/164 1599/525/164
f 1599/525/163 1611/538/163 1612/539/163 1600/526/163
f 1600/526/162 1612/539/162 1613/540/162 1601/527/162
f 1601/528/173 1613/541/173 1614/542/173 1602/529/173
f 1602/529/172 1614/542/172 1615/543/172 1603/530/172
f 1603/530/171 1615/543/171 1616/544/171 1604/531/171
f 1604/531/170 1616/544/170 1617/545/170 1605/532/170
f 1605/532/169 1617/545/169 1618/546/169 1606/533/169
f 1606/533/168 1618/546/168 1607/534/168 1595/521/168
f 1607/534/179 1619/58/179 1620/547/179 1608/535/179
f 1608/535/178 1620/547/178 1621/548/178 1609/536/178
f 1609/536/177 1621/548/177 1622/549/177 1610/537/177
f 1610/537/176 1622/549/176 1623/550/176 1611/538/176
f 1611/538/175 1623/550/175 1624/551/175 1612/539/175
f 1612/539/174 1624/551/174 1625/57/174 1613/540/174
f 1613/541/185 1625/552/185 1626/553/185 1614/542/185
f 1614/542/184 1626/553/184 1627/554/184 1615/543/184
f 1615/543/183 1627/554/183 1628/555/183 1616/544/183
f 1616/544/182 1628/555/182 1629/556/182 1617/545/182
f 1617/545/181 1629/556/181 1630/557/181 1618/546/181
f 1618/546/180 1630/557/180 1619/58/180 1607/534/180
f 1619/58/191 1631/558/191 1632/559/191 1620/547/191
f 1620/547/190 1632/559/190 1633/560/190 1621/548/190
f 1621/548/189 1633/560/189 1634/561/189 1622/549/189
f 1622/549/188 1634/561/188 1635/562/188 1623/550/188
f 1623/550/187 1635/562/187 1636/563/187 1624/551/187
f 1624/551/186 1636/563/186 1637/564/186 1625/57/186
f 1625/552/197 1637/565/197 1638/566/197 1626/553/197
f 1626/553/196 1638/566/196 1639/567/196 1627/554/196
f 1627/554/195 1639/567/195 1640/568/195 1628/555/195
f 1628/555/194 1640/568/194 1641/569/194 1629/556/194
f 1629/556/193 1641/569/193 1642/570/193 1630/557/193
f 1630/557/192 1642/570/192 1631/558/192 1619/58/192
f 1631/558/203 1643/571/203 1644/572/203 1632/559/203
f 1632/559/202 1644/572/202 1645/573/202 1633/560/202
f 1633/560/201 1645/573/201 1646/574/201 1634/561/201
f 1634/561/200 1646/574/200 1647/575/200 1635/562/200
f 1635/562/199 1647/575/199 1648/576/199 1636/563/199
f 1636/563/198 1648/576/198 1649/577/198 1637/564/198
f 1637/565/209 1649/578/209 1650/579/209 1638/566/209
f 1638/566/208 1650/579/208 1651/580/208 1639/567/208
f 1639/567/207 1651/580/207 1652/581/207 1640/568/207
f 1640/568/206 1652/581/206 1653/582/206 1641/569/206
f 1641/569/205 1653/582/205 1654/583/205 1642/570/205
f 1642/570/204 1654/583/204 1643/571/204 1631/558/204
f 1643/571/215 1655/54/215 1656/584/215 1644/572/215
f 1644/572/214 1656/584/214 1657/585/214 1645/573/214
f 1645/573/213 1657/585/213 1658/586/213 1646/574/213
f 1646/574/212 1658/586/212 1659/587/212 1647/575/212
f 1647/575/211 1659/587/211 1660/588/211 1648/576/211
f 1648/576/210 1660/588/210 1661/53/210 1649/577/210
f 1649/578/221 1661/589/221 1662/590/221 1650/579/221
f 1650/579/220 1662/590/220 1663/591/220 1651/580/220
f 1651/580/219 1663/591/219 1664/592/219 1652/581/219
f 1652/581/218 1664/592/218 1665/593/218 1653/582/218
f 1653/582/217 1665/593/217 1666/594/217 1654/583/217
f 1654/583/216 1666/594/216 1655/54/216 1643/571/216
f 1655/54/227 1667/595/227 1668/596/227 1656/584/227
f 1656/584/226 1668/596/226 1669/597/226 1657/585/226
f 1657/585/225 1669/597/225 1670/598/225 1658/586/225
f 1658/586/224 1670/598/224 1671/599/224 1659/587/224
f 1659/587/223 1671/599/223 1672/600/223 1660/588/223
f 1660/588/222 1672/600/222 1673/601/222 1661/53/222
f 1661/589/233 1673/602/233 1674/603/233 1662/590/233
f 1662/590/232 1674/603/232 1675/604/232 1663/591/232
f 1663/591/231 1675/604/231 1676/605/231 1664/592/231
f 1664/592/230 1676/605/230 1677/606/230 1665/593/230
f 1665/593/229 1677/606/229 1678/607/229 1666/594/229
f 1666/594/228 1678/607/228 1667/595/228 1655/54/228
f 1667/595/239 1679/608/239 1680/609/239 1668/596/239
f 1668/596/238 1680/609/238 1681/610/238 1669/597/238
f 1669/597/237 1681/610/237 1682/611/237 1670/598/237
f 1670/598/236 1682/611/236 1683/612/236 1671/599/236
f 1671/599/235 1683/612/235 1684/613/235 1672/600/235
f 1672/600/234 1684/613/234 1685/614/234 1673/601/234
f 1673/602/245 1685/615/245 1686/616/245 1674/603/245
f 1674/603/244 1686/616/244 1687/617/244 1675/604/244
f 1675/604/243 1687/617/243 1688/618/243 1676/605/243
f 1676/605/242 1688/618/242 1689/619/242 1677/606/242
f 1677/606/241 1689/619/241 1690/620/241 1678/607/241
f 1678/607/240 1690/620/240 1679/608/240 1667/595/240
f 1679/608/251 1691/50/251 1692/621/251 1680/609/251
f 1680/609/250 1692/621/250 1693/622/250 1681/610/250
f 1681/610/249 1693/622/249 1694/623/249 1682/611/249
f 1682/611/248 1694/623/248 1695/624/248 1683/612/248
f 1683/612/247 1695/624/247 1696/625/247 1684/613/247
f 1684/613/246 1696/625/246 1697/49/246 1685/614/246
f 1685/615/257 1697/626/257 1698/627/257 1686/616/257
f 1686/616/256 1698/627/256 1699/628/256 1687/617/256
f 1687/617/255 1699/628/255 1700/629/255 1688/618/255
f 1688/618/254 1700/629/254 1701/630/254 1689/619/254
f 1689/619/253 1701/630/253 1702/631/253 1690/620/253
f 1690/620/252 1702/631/252 1691/50/252 1679/608/252
f 1691/50/263 1703/632/263 1704/633/263 1692/621/263
f 1692/621/262 1704/633/262 1705/634/262 1693/622/262
f 1693/622/261 1705/634/261 1706/635/261 1694/623/261
f 1694/623/260 1706/635/260 1707/636/260 1695/624/260
f 1695/624/259 1707/636/259 1708/637/259 1696/625/259
f 1696/625/258 1708/637/258 1709/638/258 1697/49/258
f 1697/626/269 1709/639/269 1710/640/269 1698/627/269
f 1698/627/268 1710/640/268 1711/641/268 1699/628/268
f 1699/628/267 1711/641/267 1712/642/267 1700/629/267
f 1700/629/266 1712/642/266 1713/643/266 1701/630/266
f 1701/630/265 1713/643/265 1714/644/265 1702/631/265
f 1702/631/264 1714/644/264 1703/632/264 1691/50/264
f 1703/632/275 1715/645/275 1716/646/275 1704/633/275
f 1704/633/274 1716/646/274 1717/647/274 1705/634/274
f 1705/634/273 1717/647/273 1718/648/273 1706/635/273
f 1706/635/272 1718/648/272 1719/649/272 1707/636/272
f 1707/636/271 1719/649/271 1720/650/271 1708/637/271
f 1708/637/270 1720/650/270 1721/651/270 1709/638/270
f 1709/639/281 1721/652/281 1722/653/281 1710/640/281
f 1710/640/280 1722/653/280 1723/654/280 1711/641/280
f 1711/641/279 1723/654/279 1724/655/279 1712/642/279
f 1712/642/278 1724/655/278 1725/656/278 1713/643/278
f 1713/643/277 1725/656/277 1726/657/277 1714/644/277
f 1714/644/276 1726/657/276 1715/645/276 1703/632/276
f 1715/645/287 1727/46/287 1728/658/287 1716/646/287
f 1716/646/286 1728/658/286 1729/659/286 1717/647/286
f 1717/647/285 1729/659/285 1730/660/285 1718/648/285
f 1718/648/284 1730/660/284 1731/661/284 1719/649/284
f 1719/649/283 1731/661/283 1732/662/283 1720/650/283
f 1720/650/282 1732/662/282 1733/45/282 1721/651/282
f 1721/652/293 1733/663/293 1734/664/293 1722/653/293
f 1722/653/292 1734/664/292 1735/665/292 1723/654/292
f 1723/654/291 1735/665/291 1736/666/291 1724/655/291
f 1724/655/290 1736/666/290 1737/667/290 1725/656/290
f 1725/656/289 1737/667/289 1738/668/289 1726/657/289
f 1726/657/288 1738/668/288 1727/46/288 1715/645/288
f 1727/46/299 1739/669/299 1740/670/299 1728/658/299
f 1728/658/298 1740/670/298 1741/671/298 1729/659/298
f 1729/659/297 1741/671/297 1742/672/297 1730/660/297
f 1730/660/296 1742/672/296 1743/673/296 1731/661/296
f 1731/661/295 1743/673/295 1744/674/295 1732/662/295
f 1732/662/294 1744/674/294 1745/675/294 1733/45/294
f 1733/663/305 1745/676/305 1746/677/305 1734/664/305
f 1734/664/304 1746/677/304 1747/678/304 1735/665/304
f 1735/665/303 1747/678/303 1748/679/303 1736/666/303
f 1736/666/302 1748/679/302 1749/680/302 1737/667/302
f 1737/667/301 1749/680/301 1750/681/301 1738/668/301
f 1738/668/300 1750/681/300 1739/669/300 1727/46/300
f 1739/669/311 1751/682/311 1752/683/311 1740/670/311
f 1740/670/310 1752/683/310 1753/684/310 1741/671/310
f 1741/671/309 1753/684/309 1754/685/309 1742/672/309
f 1742/672/308 1754/685/308 1755/686/308 1743/673/308
f 1743/673/307 1755/686/307 1756/687/307 1744/674/307
f 1744/674/306 1756/687/306 1757/688/306 1745/675/306
f 1745/676/317 1757/689/317 1758/690/317 1746/677/317
f 1746/677/316 1758/690/316 1759/691/316 1747/678/316
f 1747/678/315 1759/691/315 1760/692/315 1748/679/315
f 1748/679/314 1760/692/314 1761/693/314 1749/680/314
f 1749/680/313 1761/693/313 1762/694/313 1750/681/313
f 1750/681/312 1762/694/312 1751/682/312 1739/669/312
f 1751/682/323 1763/42/323 1764/695/323 1752/683/323
f 1752/683/322 1764/695/322 1765/696/322 1753/684/322
f 1753/684/321 1765/696/321 1766/697/321 1754/685/321
f 1754/685/320 1766/697/320 1767/698/320 1755/686/320
f 1755/686/319 1767/698/319 1768/699/319 1756/687/319
f 1756/687/318 1768/699/318 1769/41/318 1757/688/318
f 1757/689/329 1769/700/329 1770/701/329 1758/690/329
f 1758/690/328 1770/701/328 1771/702/328 1759/691/328
f 1759/691/327 1771/702/327 1772/703/327 1760/692/327
f 1760/692/326 1772/703/326 1773/704/326 1761/693/326
f 1761/693/325 1773/704/325 1774/705/325 1762/694/325
f 1762/694/324 1774/705/324 1763/42/324 1751/682/324
f 1763/42/335 1775/706/335 1776/707/335 1764/695/335
f 1764/695/334 1776/707/334 1777/708/334 1765/696/334
f 1765/696/333 1777/708/333 1778/709/333 1766/697/333
f 1766/697/332 1778/709/332 1779/710/332 1767/698/332
f 1767/698/331 1779/710/331 1780/711/331 1768/699/331
f 1768/699/330 1780/711/330 1781/712/330 1769/41/330
f 1769/700/341 1781/713/341 1782/714/341 1770/701/341
f 1770/701/340 1782/714/340 1783/715/340 1771/702/340
f 1771/702/339 1783/715/339 1784/716/339 1772/703/339
f 1772/703/338 1784/716/338 1785/717/338 1773/704/338
f 1773/704/337 1785/717/337 1786/718/337 1774/705/337
f 1774/705/336 1786/718/336 1775/706/336 1763/42/336
f 1775/706/347 1787/719/347 1788/720/347 1776/707/347
f 1776/707/346 1788/720/346 1789/721/346 1777/708/346
f 1777/708/345 1789/721/345 1790/722/345 1778/709/345
f 1778/709/344 1790/722/344 1791/723/344 1779/710/344
f 1779/710/343 1791/723/343 1792/724/343 1780/711/343
f 1780/711/342 1792/724/342 1793/725/342 1781/712/342
f 1781/713/353 1793/726/353 1794/727/353 1782/714/353
f 1782/714/352 1794/727/352 1795/728/352 1783/715/352
f 1783/715/351 1795/728/351 1796/729/351 1784/716/351
f 1784/716/350 1796/729/350 1797/730/350 1785/717/350
f 1785/717/349 1797/730/349 1798/731/349 1786/718/349
f 1786/718/348 1798/731/348 1787/719/348 1775/706/348
f 1787/719/359 1799/38/359 1800/732/359 1788/720/359
f 1788/720/358 1800/732/358 1801/733/358 1789/721/358
f 1789/721/357 1801/733/357 1802/734/357 1790/722/357
f 1790/722/356 1802/734/356 1803/735/356 1791/723/356
f 1791/723/355 1803/735/355 1804/736/355 1792/724/355
f 1792/724/354 1804/736/354 1805/37/354 1793/725/354
f 1793/726/365 1805/737/365 1806/738/365 1794/727/365
f 1794/727/364 1806/738/364 1807/739/364 1795/728/364
f 1795/728/363 1807/739/363 1808/740/363 1796/729/363
f 1796/729/362 1808/740/362 1809/741/362 1797/730/362
f 1797/730/361 1809/741/361 1810/742/361 1798/731/361
f 1798/731/360 1810/742/360 1799/38/360 1787/719/360
f 1799/38/371 1811/743/371 1812/744/371 1800/732/371
f 1800/732/370 1812/744/370 1813/745/370 1801/733/370
f 1801/733/369 1813/745/369 1814/746/369 1802/734/369
f 1802/734/368 1814/746/368 1815/747/368 1803/735/368
f 1803/735/367 1815/747/367 1816/748/367 1804/736/367
f 1804/736/366 1816/748/366 1817/749/366 1805/37/366
f 1805/737/377 1817/750/377 1818/751/377 1806/738/377
f 1806/738/376 1818/751/376 1819/752/376 1807/739/376
f 1807/739/375 1819/752/375 1820/753/375 1808/740/375
f 1808/740/374 1820/753/374 1821/754/374 1809/741/374
f 1809/741/373 1821/754/373 1822/755/373 1810/742/373
f 1810/742/372 1822/755/372 1811/743/372 1799/38/372
f 1811/743/383 1823/756/383 1824/757/383 1812/744/383
f 1812/744/382 1824/757/382 1825/758/382 1813/745/382
f 1813/745/381 1825/758/381 1826/759/381 1814/746/381
f 1814/746/380 1826/759/380 1827/760/380 1815/747/380
f 1815/747/379 1827/760/379 1828/761/379 1816/748/379
f 1816/748/378 1828/761/378 1829/762/378 1817/749/378
f 1817/750/389 1829/763/389 1830/764/389 1818/751/389
f 1818/751/388 1830/764/388 1831/765/388 1819/752/388
f 1819/752/387 1831/765/387 1832/766/387 1820/753/387
f 1820/753/386 1832/766/386 1833/767/386 1821/754/386
f 1821/754/385 1833/767/385 1834/768/385 1822/755/385
f 1822/755/384 1834/768/384 1823/756/384 1811/743/384
f 1823/756/395 1259/34/395 1260/166/395 1824/757/395
f 1824/757/394 1260/166/394 1261/168/394 1825/758/394
f 1825/758/393 1261/168/393 1262/170/393 1826/759/393
f 1826/759/392 1262/170/392 1263/172/392 1827/760/392
f 1827/760/391 1263/172/391 1264/174/391 1828/761/391
f 1828/761/390 1264/174/390 1265/33/390 1829/762/390
f 1829/763/401 1265/176/401 1266/179/401 1830/764/401
f 1830/764/400 1266/179/400 1267/181/400 1831/765/400
f 1831/765/399 1267/181/399 1268/183/399 1832/766/399
f 1832/766/398 1268/183/398 1269/185/398 1833/767/398
f 1833/767/397 1269/185/397 1270/187/397 1834/768/397
f 1834/768/396 1270/187/396 1259/34/396 1823/756/396
f 1835/34/114 1847/164/114 1848/165/114 1836/166/114
f 1836/166/115 1848/165/115 1849/167/115 1837/168/115
f 1837/168/116 1849/167/116 1850/169/116 1838/170/116
f 1838/170/117 1850/169/117 1851/171/117 1839/172/117
f 1839/172/118 1851/171/118 1852/173/118 1840/174/118
f 1840/174/119 1852/173/119 1853/175/119 1841/33/119
f 1841/176/120 1853/177/120 1854/178/120 1842/179/120
f 1842/179/121 1854/178/121 1855/180/121 1843/181/121
f 1843/181/122 1855/180/122 1856/182/122 1844/183/122
f 1844/183/123 1856/182/123 1857/184/123 1845/185/123
f 1845/185/124 1857/184/124 1858/186/124 1846/187/124
f 1846/187/125 1858/186/125 1847/164/125 1835/34/125
f 1847/164/126 1859/188/126 1860/189/126 1848/165/126
f 1848/165/127 1860/189/127 1861/190/127 1849/167/127
f 1849/167/128 1861/190/128 1862/191/128 1850/169/128
f 1850/169/129 1862/191/129 1863/192/129 1851/171/129
f 1851/171/130 1863/192/130 1864/193/130 1852/173/130
f 1852/173/131 1864/193/131 1865/194/131 1853/175/131
f 1853/177/132 1865/195/132 1866/196/132 1854/178/132
f 1854/178/133 1866/196/133 1867/197/133 1855/180/133
f 1855/180/134 1867/197/134 1868/198/134 1856/182/134
f 1856/182/135 1868/198/135 1869/199/135 1857/184/135
f 1857/184/136 1869/199/136 1870/200/136 1858/186/136
f 1858/186/137 1870/200/137 1859/188/137 1847/164/137
f 1859/188/138 1871/30/138 1872/201/138 1860/189/138
f 1860/189/139 1872/201/139 1873/202/139 1861/190/139
f 1861/190/140 1873/202/140 1874/203/140 1862/191/140
f 1862/191/141 1874/203/141 1875/204/141 1863/192/141
f 1863/192/142 1875/204/142 1876/205/142 1864/193/142
f 1864/193/143 1876/205/143 1877/29/143 1865/194/143
f 1865/195/144 1877/206/144 1878/207/144 1866/196/144
f 1866/196/145 1878/207/145 1879/208/145 1867/197/145
f 1867/197/146 1879/208/146 1880/209/146 1868/198/146
f 1868/198/147 1880/209/147 1881/210/147 1869/199/147
f 1869/199/148 1881/210/148 1882/211/148 1870/200/148
f 1870/200/149 1882/211/149 1871/30/149 1859/188/149
f 1871/30/150 1883/212/150 1884/213/150 1872/201/150
f 1872/201/151 1884/213/151 1885/214/151 1873/202/151
f 1873/202/152 1885/214/152 1886/215/152 1874/203/152
f 1874/203/153 1886/215/153 1887/216/153 1875/204/153
f 1875/204/154 1887/216/154 1888/217/154 1876/205/154
f 1876/205/155 1888/217/155 1889/218/155 1877/29/155
f 1877/206/156 1889/219/156 1890/220/156 1878/207/156
f 1878/207/157 1890/220/157 1891/221/157 1879/208/157
f 1879/208/158 1891/221/158 1892/222/158 1880/209/158
f 1880/209/159 1892/222/159 1893/223/159 1881/210/159
f 1881/210/160 1893/223/160 1894/224/160 1882/211/160
f 1882/211/161 1894/224/161 1883/212/161 1871/30/161
f 1883/212/162 1895/225/162 1896/226/162 1884/213/162
f 1884/213/163 1896/226/163 1897/227/163 1885/214/163
f 1885/214/164 1897/227/164 1898/228/164 1886/215/164
f 1886/215/165 1898/228/165 1899/229/165 1887/216/165
f 1887/216/166 1899/229/166 1900/230/166 1888/217/166
f 1888/217/167 1900/230/167 1901/231/167 1889/218/167
f 1889/219/168 1901/232/168 1902/233/168 1890/220/168
f 1890/220/169 1902/233/169 1903/234/169 1891/221/169
f 1891/221/170 1903/234/170 1904/235/170 1892/222/170
f 1892/222/171 1904/235/171 1905/236/171 1893/223/171
f 1893/223/172 1905/236/172 1906/237/172 1894/224/172
f 1894/224/173 1906/237/173 1895/225/173 1883/212/173
f 1895/225/174 1907/26/174 1908/238/174 1896/226/174
f 1896/226/175 1908/238/175 1909/239/175 1897/227/175
f 1897/227/176 1909/239/176 1910/240/176 1898/228/176
f 1898/228/177 1910/240/177 1911/241/177 1899/229/177
f 1899/229/178 1911/241/178 1912/242/178 1900/230/178
f 1900/230/179 1912/242/179 1913/25/179 1901/231/179
f 1901/232/180 1913/243/180 1914/244/180 1902/233/180
f 1902/233/181 1914/244/181 1915/245/181 1903/234/181
f 1903/234/182 1915/245/182 1916/246/182 1904/235/182
f 1904/235/183 1916/246/183 1917/247/183 1905/236/183
f 1905/236/184 1917/247/184 1918/248/184 1906/237/184
f 1906/237/185 1918/248/185 1907/26/185 1895/225/185
f 1907/26/186 1919/249/186 1920/250/186 1908/238/186
f 1908/238/187 1920/250/187 1921/251/187 1909/239/187
f 1909/239/188 1921/251/188 1922/252/188 1910/240/188
f 1910/240/189 1922/252/189 1923/253/189 1911/241/189
f 1911/241/190 1923/253/190 1924/254/190 1912/242/190
f 1912/242/191 1924/254/191 1925/255/191 1913/25/191
f 1913/243/192 1925/256/192 1926/257/192 1914/244/192
f 1914/244/193 1926/257/193 1927/258/193 1915/245/193
f 1915/245/194 1927/258/194 1928/259/194 1916/246/194
f 1916/246/195 1928/259/195 1929/260/195 1917/247/195
f 1917/247/196 1929/260/196 1930/261/196 1918/248/196
f 1918/248/197 1930/261/197 1919/249/197 1907/26/197
f 1919/249/198 1931/262/198 1932/263/198 1920/250/198
f 1920/250/199 1932/263/199 1933/264/199 1921/251/199
f 1921/251/200 1933/264/200 1934/265/200 1922/252/200
f 1922/252/201 1934/265/201 1935/266/201 1923/253/201
f 1923/253/202 1935/266/202 1936/267/202 1924/254/202
f 1924/254/203 1936/267/203 1937/268/203 1925/255/203
f 1925/256/204 1937/269/204 1938/270/204 1926/257/204
f 1926/257/205 1938/270/205 1939/271/205 1927/258/205
f 1927/258/206 1939/271/206 1940/272/206 1928/259/206
f 1928/259/207 1940/272/207 1941/273/207 1929/260/207
f 1929/260/208 1941/273/208 1942/274/208 1930/261/208
f 1930/261/209 1942/274/209 1931/262/209 1919/249/209
f 1931/262/210 1943/22/210 1944/275/210 1932/263/210
f 1932/263/211 1944/275/211 1945/276/211 1933/264/211
f 1933/264/212 1945/276/212 1946/277/212 1934/265/212
f 1934/265/213 1946/277/213 1947/278/213 1935/266/213
f 1935/266/214 1947/278/214 1948/279/214 1936/267/214
f 1936/267/215 1948/279/215 1949/21/215 1937/268/215
f 1937/269/216 1949/280/216 1950/281/216 1938/270/216
f 1938/270/217 1950/281/217 1951/282/217 1939/271/217
f 1939/271/218 1951/282/218 1952/283/218 1940/272/218
f 1940/272/219 1952/283/219 1953/284/219 1941/273/219
f 1941/273/220 1953/284/220 1954/285/220 1942/274/220
f 1942/274/221 1954/285/221 1943/22/221 1931/262/221
f 1943/22/222 1955/286/222 1956/287/222 1944/275/222
f 1944/275/223 1956/287/223 1957/288/223 1945/276/223
f 1945/276/224 1957/288/224 1958/289/224 1946/277/224
f 1946/277/225 1958/289/225 1959/290/225 1947/278/225
f 1947/278/226 1959/290/226 1960/291/226 1948/279/226
f 1948/279/227 1960/291/227 1961/292/227 1949/21/227
f 1949/280/228 1961/293/228 1962/294/228 1950/281/228
f 1950/281/229 1962/294/229 1963/295/229 1951/282/229
f 1951/282/230 1963/295/230 1964/296/230 1952/283/230
f 1952/283/231 1964/296/231 1965/297/231 1953/284/231
f 1953/284/232 1965/297/232 1966/298/232 1954/285/232
f 1954/285/233 1966/298/233 1955/286/233 1943/22/233
f 1955/286/234 1967/299/234 1968/300/234 1956/287/234
f 1956/287/235 1968/300/235 1969/301/235 1957/288/235
f 1957/288/236 1969/301/236 1970/302/236 1958/289/236
f 1958/289/237 1970/302/237 1971/303/237 1959/290/237
f 1959/290/238 1971/303/238 1972/304/238 1960/291/238
f 1960/291/239 1972/304/239 1973/305/239 1961/292/239
f 1961/293/240 1973/306/240 1974/307/240 1962/294/240
f 1962/294/241 1974/307/241 1975/308/241 1963/295/241
f 1963/295/242 1975/308/242 1976/309/242 1964/296/242
f 1964/296/243 1976/309/243 1977/310/243 1965/297/243
f 1965/297/244 1977/310/244 1978/311/244 1966/298/244
f 1966/298/245 1978/311/245 1967/299/245 1955/286/245
f 1967/299/246 1979/18/246 1980/312/246 1968/300/246
f 1968/300/247 1980/312/247 1981/313/247 1969/301/247
f 1969/301/248 1981/313/248 1982/314/248 1970/302/248
f 1970/302/249 1982/314/249 1983/315/249 1971/303/249
f 1971/303/250 1983/315/250 1984/316/250 1972/304/250
f 1972/304/251 1984/316/251 1985/17/251 1973/305/251
f 1973/306/252 1985/317/252 1986/318/252 1974/307/252
f 1974/307/253 1986/318/253 1987/319/253 1975/308/253
f 1975/308/254 1987/319/254 1988/320/254 1976/309/254
f 1976/309/255 1988/320/255 1989/321/255 1977/310/255
f 1977/310/256 1989/321/256 1990/322/256 1978/311/256
f 1978/311/257 1990/322/257 1979/18/257 1967/299/257
f 1979/18/258 1991/323/258 1992/324/258 1980/312/258
f 1980/312/259 1992/324/259 1993/325/259 1981/313/259
f 1981/313/260 1993/325/260 1994/326/260 1982/314/260
f 1982/314/261 1994/326/261 1995/327/261 1983/315/261
f 1983/315/262 1995/327/262 1996/328/262 1984/316/262
f 1984/316/263 1996/328/263 1997/329/263 1985/17/263
f 1985/317/264 1997/330/264 1998/331/264 1986/318/264
f 1986/318/265 1998/331/265 1999/332/265 1987/319/265
f 1987/319/266 1999/332/266 2000/333/266 1988/320/266
f 1988/320/267 2000/333/267 2001/334/267 1989/321/267
f 1989/321/268 2001/334/268 2002/335/268 1990/322/268
f 1990/322/269 2002/335/269 1991/323/269 1979/18/269
f 1991/323/270 2003/336/270 2004/337/270 1992/324/270
f 1992/324/271 2004/337/271 2005/338/271 1993/325/271
f 1993/325/272 2005/338/272 2006/339/272 1994/326/272
f 1994/326/273 2006/339/273 2007/340/273 1995/327/273
f 1995/327/274 2007/340/274 2008/341/274 1996/328/274
f 1996/328/275 2008/341/275 2009/342/275 1997/329/275
f 1997/330/276 2009/343/276 2010/344/276 1998/331/276
f 1998/331/277 2010/344/277 2011/345/277 1999/332/277
f 1999/332/278 2011/345/278 2012/346/278 2000/333/278
f 2000/333/279 2012/346/279 2013/347/279 2001/334/279
f 2001/334/280 2013/347/280 2014/348/280 2002/335/280
f 2002/335/281 2014/348/281 2003/336/281 1991/323/281
f 2003/336/282 2015/14/282 2016/349/282 2004/337/282
f 2004/337/283 2016/349/283 2017/350/283 2005/338/283
f 2005/338/284 2017/350/284 2018/351/284 2006/339/284
f 2006/339/285 2018/351/285 2019/352/285 2007/340/285
f 2007/340/286 2019/352/286 2020/353/286 2008/341/286
f 2008/341/287 2020/353/287 2021/13/287 2009/342/287
f 2009/343/288 2021/354/288 2022/355/288 2010/344/288
f 2010/344/289 2022/355/289 2023/356/289 2011/345/289
f 2011/345/290 2023/356/290 2024/357/290 2012/346/290
f 2012/346/291 2024/357/291 2025/358/291 2013/347/291
f 2013/347/292 2025/358/292 2026/359/292 2014/348/292
f 2014/348/293 2026/359/293 2015/14/293 2003/336/293
f 2015/14/294 2027/360/294 2028/361/294 2016/349/294
f 2016/349/295 2028/361/295 2029/362/295 2017/350/295
f 2017/350/296 2029/362/296 2030/363/296 2018/351/296
f 2018/351/297 2030/363/297 2031/364/297 2019/352/297
f 2019/352/298 2031/364/298 2032/365/298 2020/353/298
f 2020/353/299 2032/365/299 2033/366/299 2021/13/299
f 2021/354/300 2033/367/300 2034/368/300 2022/355/300
f 2022/355/301 2034/368/301 2035/369/301 2023/356/301
f 2023/356/302 2035/369/302 2036/370/302 2024/357/302
f 2024/357/303 2036/370/303 2037/371/303 2025/358/303
f 2025/358/304 2037/371/304 2038/372/304 2026/359/304
f 2026/359/305 2038/372/305 2027/360/305 2015/14/305
f 2027/360/306 2039/373/306 2040/374/306 2028/361/306
f 2028/361/307 2040/374/307 2041/375/307 2029/362/307
f 2029/362/308 2041/375/308 2042/376/308 2030/363/308
f 2030/363/309 2042/376/309 2043/377/309 2031/364/309
f 2031/364/310 2043/377/310 2044/378/310 2032/365/310
f 2032/365/311 2044/378/311 2045/379/311 2033/366/311
f 2033/367/312 2045/380/312 2046/381/312 2034/368/312
f 2034/368/313 2046/381/313 2047/382/313 2035/369/313
f 2035/369/314 2047/382/314 2048/383/314 2036/370/314
f 2036/370/315 2048/383/315 2049/384/315 2037/371/315
f 2037/371/316 2049/384/316 2050/385/316 2038/372/316
f 2038/372/317 2050/385/317 2039/373/317 2027/360/317
f 2039/373/318 2051/10/318 2052/386/318 2040/374/318
f 2040/374/319 2052/386/319 2053/387/319 2041/375/319
f 2041/375/320 2053/387/320 2054/388/320 2042/376/320
f 2042/376/321 2054/388/321 2055/389/321 2043/377/321
f 2043/377/322 2055/389/322 2056/390/322 2044/378/322
f 2044/378/323 2056/390/323 2057/9/323 2045/379/323
f 2045/380/324 2057/391/324 2058/392/324 2046/381/324
f 2046/381/325 2058/392/325 2059/393/325 2047/382/325
f 2047/382/326 2059/393/326 2060/394/326 2048/383/326
f 2048/383/327 2060/394/327 2061/395/327 2049/384/327
f 2049/384/328 2061/395/328 2062/396/328 2050/385/328
f 2050/385/329 2062/396/329 2051/10/329 2039/373/329
f 2051/10/330 2063/397/330 2064/398/330 2052/386/330
f 2052/386/331 2064/398/331 2065/399/331 2053/387/331
f 2053/387/332 2065/399/332 2066/400/332 2054/388/332
f 2054/388/333 2066/400/333 2067/401/333 2055/389/333
f 2055/389/334 2067/401/334 2068/402/334 2056/390/334
f 2056/390/335 2068/402/335 2069/403/335 2057/9/335
f 2057/391/336 2069/404/336 2070/405/336 2058/392/336
f 2058/392/337 2070/405/337 2071/406/337 2059/393/337
f 2059/393/338 2071/406/338 2072/407/338 2060/394/338
f 2060/394/339 2072/407/339 2073/408/339 2061/395/339
f 2061/395/340 2073/408/340 2074/409/340 2062/396/340
f 2062/396/341 2074/409/341 2063/397/341 2051/10/341
f 2063/397/342 2075/410/342 2076/411/342 2064/398/342
f 2064/398/343 2076/411/343 2077/412/343 2065/399/343
f 2065/399/344 2077/412/344 2078/413/344 2066/400/344
f 2066/400/345 2078/413/345 2079/414/345 2067/401/345
f 2067/401/346 2079/414/346 2080/415/346 2068/402/346
f 2068/402/347 2080/415/347 2081/416/347 2069/403/347
f 2069/404/348 2081/417/348 2082/418/348 2070/405/348
f 2070/405/349 2082/418/349 2083/419/349 2071/406/349
f 2071/406/350 2083/419/350 2084/420/350 2072/407/350
f 2072/407/351 2084/420/351 2085/421/351 2073/408/351
f 2073/408/352 2085/421/352 2086/422/352 2074/409/352
f 2074/409/353 2086/422/353 2075/410/353 2063/397/353
f 2075/410/354 2087/6/354 2088/423/354 2076/411/354
f 2076/411/355 2088/423/355 2089/424/355 2077/412/355
f 2077/412/356 2089/424/356 2090/425/356 2078/413/356
f 2078/413/357 2090/425/357 2091/426/357 2079/414/357
f 2079/414/358 2091/426/358 2092/427/358 2080/415/358
f 2080/415/359 2092/427/359 2093/5/359 2081/416/359
f 2081/417/360 2093/428/360 2094/429/360 2082/418/360
f 2082/418/361 2094/429/361 2095/430/361 2083/419/361
f 2083/419/362 2095/430/362 2096/431/362 2084/420/362
f 2084/420/363 2096/431/363 2097/432/363 2085/421/363
f 2085/421/364 2097/432/364 2098/433/364 2086/422/364
f 2086/422/365 2098/433/365 2087/6/365 2075/410/365
f 2087/6/366 2099/434/366 2100/435/366 2088/423/366
f 2088/423/367 2100/435/367 2101/436/367 2089/424/367
f 2089/424/368 2101/436/368 2102/437/368 2090/425/368
f 2090/425/369 2102/437/369 2103/438/369 2091/426/369
f 2091/426/370 2103/438/370 2104/439/370 2092/427/370
f 2092/427/371 2104/439/371 2105/440/371 2093/5/371
f 2093/428/372 2105/441/372 2106/442/372 2094/429/372
f 2094/429/373 2106/442/373 2107/443/373 2095/430/373
f 2095/430/374 2107/443/374 2108/444/374 2096/431/374
f 2096/431/375 2108/444/375 2109/445/375 2097/432/375
f 2097/432/376 2109/445/376 2110/446/376 2098/433/376
f 2098/433/377 2110/446/377 2099/434/377 2087/6/377
f 2099/434/378 2111/447/378 2112/448/378 2100/435/378
f 2100/435/379 2112/448/379 2113/449/379 2101/436/379
f 2101/436/380 2113/449/380 2114/450/380 2102/437/380
f 2102/437/381 2114/450/381 2115/451/381 2103/438/381
f 2103/438/382 2115/451/382 2116/452/382 2104/439/382
f 2104/439/383 2116/452/383 2117/453/383 2105/440/383
f 2105/441/384 2117/454/384 2118/455/384 2106/442/384
f 2106/442/385 2118/455/385 2119/456/385 2107/443/385
f 2107/443/386 2119/456/386 2120/457/386 2108/444/386
f 2108/444/387 2120/457/387 2121/458/387 2109/445/387
f 2109/445/388 2121/458/388 2122/459/388 2110/446/388
f 2110/446/389 2122/459/389 2111/447/389 2099/434/389
f 2111/447/390 2123/1/390 2124/460/390 2112/448/390
f 2112/448/391 2124/460/391 2125/461/391 2113/449/391
f 2113/449/392 2125/461/392 2126/462/392 2114/450/392
f 2114/450/393 2126/462/393 2127/463/393 2115/451/393
f 2115/451/402 2127/463/402 2128/464/402 2116/452/402
f 2116/452/395 2128/464/395 2129/2/395 2117/453/395
f 2117/454/396 2129/465/396 2130/466/396 2118/455/396
f 2118/455/397 2130/466/397 2131/467/397 2119/456/397
f 2119/456/398 2131/467/398 2132/468/398 2120/457/398
f 2120/457/399 2132/468/399 2133/469/399 2121/458/399
f 2121/458/400 2133/469/400 2134/470/400 2122/459/400
f 2122/459/401 2134/470/401 2123/1/401 2111/447/401
f 2123/471/119 2135/472/119 2136/473/119 2124/474/119
f 2124/474/118 2136/473/118 2137/475/118 2125/476/118
f 2125/476/117 2137/475/117 2138/477/117 2126/478/117
f 2126/478/116 2138/477/116 2139/479/116 2127/480/116
f 2127/480/115 2139/479/115 2140/481/115 2128/482/115
f 2128/482/114 2140/481/114 2141/483/114 2129/484/114
f 2129/485/125 2141/486/125 2142/487/125 2130/488/125
f 2130/488/124 2142/487/124 2143/489/124 2131/490/124
f 2131/490/123 2143/489/123 2144/491/123 2132/492/123
f 2132/492/122 2144/491/122 2145/493/122 2133/494/122
f 2133/494/121 2145/493/121 2146/495/121 2134/496/121
f 2134/496/120 2146/495/120 2135/472/120 2123/471/120
f 2135/472/131 2147/497/131 2148/498/131 2136/473/131
f 2136/473/130 2148/498/130 2149/499/130 2137/475/130
f 2137/475/129 2149/499/129 2150/500/129 2138/477/129
f 2138/477/128 2150/500/128 2151/501/128 2139/479/128
f 2139/479/127 2151/501/127 2152/502/127 2140/481/127
f 2140/481/126 2152/502/126 2153/503/126 2141/483/126
f 2141/486/137 2153/504/137 2154/505/137 2142/487/137
f 2142/487/136 2154/505/136 2155/506/136 2143/489/136
f 2143/489/135 2155/506/135 2156/507/135 2144/491/135
f 2144/491/134 2156/507/134 2157/508/134 2145/493/134
f 2145/493/133 2157/508/133 2158/509/133 2146/495/133
f 2146/495/132 2158/509/132 2147/497/132 2135/472/132
f 2147/497/143 2159/62/143 2160/510/143 2148/498/143
f 2148/498/142 2160/510/142 2161/511/142 2149/499/142
f 2149/499/141 2161/511/141 2162/512/141 2150/500/141
f 2150/500/140 2162/512/140 2163/513/140 2151/501/140
f 2151/501/139 2163/513/139 2164/514/139 2152/502/139
f 2152/502/138 2164/514/138 2165/61/138 2153/503/138
f 2153/504/149 2165/515/149 2166/516/149 2154/505/149
f 2154/505/148 2166/516/148 2167/517/148 2155/506/148
f 2155/506/147 2167/517/147 2168/518/147 2156/507/147
f 2156/507/146 2168/518/146 2169/519/146 2157/508/146
f 2157/508/145 2169/519/145 2170/520/145 2158/509/145
f 2158/509/144 2170/520/144 2159/62/144 2147/497/144
f 2159/62/155 2171/521/155 2172/522/155 2160/510/155
f 2160/510/154 2172/522/154 2173/523/154 2161/511/154
f 2161/511/153 2173/523/153 2174/524/153 2162/512/153
f 2162/512/152 2174/524/152 2175/525/152 2163/513/152
f 2163/513/151 2175/525/151 2176/526/151 2164/514/151
f 2164/514/150 2176/526/150 2177/527/150 2165/61/150
f 2165/515/161 2177/528/161 2178/529/161 2166/516/161
f 2166/516/160 2178/529/160 2179/530/160 2167/517/160
f 2167/517/159 2179/530/159 2180/531/159 2168/518/159
f 2168/518/158 2180/531/158 2181/532/158 2169/519/158
f 2169/519/157 2181/532/157 2182/533/157 2170/520/157
f 2170/520/156 2182/533/156 2171/521/156 2159/62/156
f 2171/521/167 2183/534/167 2184/535/167 2172/522/167
f 2172/522/166 2184/535/166 2185/536/166 2173/523/166
f 2173/523/165 2185/536/165 2186/537/165 2174/524/165
f 2174/524/164 2186/537/164 2187/538/164 2175/525/164
f 2175/525/163 2187/538/163 2188/539/163 2176/526/163
f 2176/526/162 2188/539/162 2189/540/162 2177/527/162
f 2177/528/173 2189/541/173 2190/542/173 2178/529/173
f 2178/529/172 2190/542/172 2191/543/172 2179/530/172
f 2179/530/171 2191/543/171 2192/544/171 2180/531/171
f 2180/531/170 2192/544/170 2193/545/170 2181/532/170
f 2181/532/169 2193/545/169 2194/546/169 2182/533/169
f 2182/533/168 2194/546/168 2183/534/168 2171/521/168
f 2183/534/179 2195/58/179 2196/547/179 2184/535/179
f 2184/535/178 2196/547/178 2197/548/178 2185/536/178
f 2185/536/177 2197/548/177 2198/549/177 2186/537/177
f 2186/537/176 2198/549/176 2199/550/176 2187/538/176
f 2187/538/175 2199/550/175 2200/551/175 2188/539/175
f 2188/539/174 2200/551/174 2201/57/174 2189/540/174
f 2189/541/185 2201/552/185 2202/553/185 2190/542/185
f 2190/542/184 2202/553/184 2203/554/184 2191/543/184
f 2191/543/183 2203/554/183 2204/555/183 2192/544/183
f 2192/544/182 2204/555/182 2205/556/182 2193/545/182
f 2193/545/181 2205/556/181 2206/557/181 2194/546/181
f 2194/546/180 2206/557/180 2195/58/180 2183/534/180
f 2195/58/191 2207/558/191 2208/559/191 2196/547/191
f 2196/547/190 2208/559/190 2209/560/190 2197/548/190
f 2197/548/189 2209/560/189 2210/561/189 2198/549/189
f 2198/549/188 2210/561/188 2211/562/188 2199/550/188
f 2199/550/187 2211/562/187 2212/563/187 2200/551/187
f 2200/551/186 2212/563/186 2213/564/186 2201/57/186
f 2201/552/197 2213/565/197 2214/566/197 2202/553/197
f 2202/553/196 2214/566/196 2215/567/196 2203/554/196
f 2203/554/195 2215/567/195 2216/568/195 2204/555/195
f 2204/555/194 2216/568/194 2217/569/194 2205/556/194
f 2205/556/193 2217/569/193 2218/570/193 2206/557/193
f 2206/557/192 2218/570/192 2207/558/192 2195/58/192
f 2207/558/203 2219/571/203 2220/572/203 2208/559/203
f 2208/559/202 2220/572/202 2221/573/202 2209/560/202
f 2209/560/201 2221/573/201 2222/574/201 2210/561/201
f 2210/561/200 2222/574/200 2223/575/200 2211/562/200
f 2211/562/199 2223/575/199 2224/576/199 2212/563/199
f 2212/563/198 2224/576/198 2225/577/198 2213/564/198
f 2213/565/209 2225/578/209 2226/579/209 2214/566/209
f 2214/566/208 2226/579/208 2227/580/208 2215/567/208
f 2215/567/207 2227/580/207 2228/581/207 2216/568/207
f 2216/568/206 2228/581/206 2229/582/206 2217/569/206
f 2217/569/205 2229/582/205 2230/583/205 2218/570/205
f 2218/570/204 2230/583/204 2219/571/204 2207/558/204
f 2219/571/215 2231/54/215 2232/584/215 2220/572/215
f 2220/572/214 2232/584/214 2233/585/214 2221/573/214
f 2221/573/213 2233/585/213 2234/586/213 2222/574/213
f 2222/574/212 2234/586/212 2235/587/212 2223/575/212
f 2223/575/211 2235/587/211 2236/588/211 2224/576/211
f 2224/576/210 2236/588/210 2237/53/210 2225/577/210
f 2225/578/221 2237/589/221 2238/590/221 2226/579/221
f 2226/579/220 2238/590/220 2239/591/220 2227/580/220
f 2227/580/219 2239/591/219 2240/592/219 2228/581/219
f 2228/581/218 2240/592/218 2241/593/218 2229/582/218
f 2229/582/217 2241/593/217 2242/594/217 2230/583/217
f 2230/583/216 2242/594/216 2231/54/216 2219/571/216
f 2231/54/227 2243/595/227 2244/596/227 2232/584/227
f 2232/584/226 2244/596/226 2245/597/226 2233/585/226
f 2233/585/225 2245/597/225 2246/598/225 2234/586/225
f 2234/586/224 2246/598/224 2247/599/224 2235/587/224
f 2235/587/223 2247/599/223 2248/600/223 2236/588/223
f 2236/588/222 2248/600/222 2249/601/222 2237/53/222
f 2237/589/233 2249/602/233 2250/603/233 2238/590/233
f 2238/590/232 2250/603/232 2251/604/232 2239/591/232
f 2239/591/231 2251/604/231 2252/605/231 2240/592/231
f 2240/592/230 2252/605/230 2253/606/230 2241/593/230
f 2241/593/229 2253/606/229 2254/607/229 2242/594/229
f 2242/594/228 2254/607/228 2243/595/228 2231/54/228
f 2243/595/239 2255/608/239 2256/609/239 2244/596/239
f 2244/596/238 2256/609/238 2257/610/238 2245/597/238
f 2245/597/237 2257/610/237 2258/611/237 2246/598/237
f 2246/598/236 2258/611/236 2259/612/236 2247/599/236
f 2247/599/235 2259/612/235 2260/613/235 2248/600/235
f 2248/600/234 2260/613/234 2261/614/234 2249/601/234
f 2249/602/245 2261/615/245 2262/616/245 2250/603/245
f 2250/603/244 2262/616/244 2263/617/244 2251/604/244
f 2251/604/243 2263/617/243 2264/618/243 2252/605/243
f 2252/605/242 2264/618/242 2265/619/242 2253/606/242
f 2253/606/241 2265/619/241 2266/620/241 2254/607/241
f 2254/607/240 2266/620/240 2255/608/240 2243/595/240
f 2255/608/251 2267/50/251 2268/621/251 2256/609/251
f 2256/609/250 2268/621/250 2269/622/250 2257/610/250
f 2257/610/249 2269/622/249 2270/623/249 2258/611/249
f 2258/611/248 2270/623/248 2271/624/248 2259/612/248
f 2259/612/247 2271/624/247 2272/625/247 2260/613/247
f 2260/613/246 2272/625/246 2273/49/246 2261/614/246
f 2261/615/257 2273/626/257 2274/627/257 2262/616/257
f 2262/616/256 2274/627/256 2275/628/256 2263/617/256
f 2263/617/255 2275/628/255 2276/629/255 2264/618/255
f 2264/618/254 2276/629/254 2277/630/254 2265/619/254
f 2265/619/253 2277/630/253 2278/631/253 2266/620/253
f 2266/620/252 2278/631/252 2267/50/252 2255/608/252
f 2267/50/263 2279/632/263 2280/633/263 2268/621/263
f 2268/621/262 2280/633/262 2281/634/262 2269/622/262
f 2269/622/261 2281/634/261 2282/635/261 2270/623/261
f 2270/623/260 2282/635/260 2283/636/260 2271/624/260
f 2271/624/259 2283/636/259 2284/637/259 2272/625/259
f 2272/625/258 2284/637/258 2285/638/258 2273/49/258
f 2273/626/269 2285/639/269 2286/640/269 2274/627/269
f 2274/627/268 2286/640/268 2287/641/268 2275/628/268
f 2275/628/267 2287/641/267 2288/642/267 2276/629/267
f 2276/629/266 2288/642/266 2289/643/266 2277/630/266
f 2277/630/265 2289/643/265 2290/644/265 2278/631/265
f 2278/631/264 2290/644/264 2279/632/264 2267/50/264
f 2279/632/275 2291/645/275 2292/646/275 2280/633/275
f 2280/633/274 2292/646/274 2293/647/274 2281/634/274
f 2281/634/273 2293/647/273 2294/648/273 2282/635/273
f 2282/635/272 2294/648/272 2295/649/272 2283/636/272
f 2283/636/271 2295/649/271 2296/650/271 2284/637/271
f 2284/637/270 2296/650/270 2297/651/270 2285/638/270
f 2285/639/281 2297/652/281 2298/653/281 2286/640/281
f 2286/640/280 2298/653/280 2299/654/280 2287/641/280
f 2287/641/279 2299/654/279 2300/655/279 2288/642/279
f 2288/642/278 2300/655/278 2301/656/278 2289/643/278
f 2289/643/277 2301/656/277 2302/657/277 2290/644/277
f 2290/644/276 2302/657/276 2291/645/276 2279/632/276
f 2291/645/287 2303/46/287 2304/658/287 2292/646/287
f 2292/646/286 2304/658/286 2305/659/286 2293/647/286
f 2293/647/285 2305/659/285 2306/660/285 2294/648/285
f 2294/648/284 2306/660/284 2307/661/284 2295/649/284
f 2295/649/283 2307/661/283 2308/662/283 2296/650/283
f 2296/650/282 2308/662/282 2309/45/282 2297/651/282
f 2297/652/293 2309/663/293 2310/664/293 2298/653/293
f 2298/653/292 2310/664/292 2311/665/292 2299/654/292
f 2299/654/291 2311/665/291 2312/666/291 2300/655/291
f 2300/655/290 2312/666/290 2313/667/290 2301/656/290
f 2301/656/289 2313/667/289 2314/668/289 2302/657/289
f 2302/657/288 2314/668/288 2303/46/288 2291/645/288
f 2303/46/299 2315/669/299 2316/670/299 2304/658/299
f 2304/658/298 2316/670/298 2317/671/298 2305/659/298
f 2305/659/297 2317/671/297 2318/672/297 2306/660/297
f 2306/660/296 2318/672/296 2319/673/296 2307/661/296
f 2307/661/295 2319/673/295 2320/674/295 2308/662/295
f 2308/662/294 2320/674/294 2321/675/294 2309/45/294
f 2309/663/305 2321/676/305 2322/677/305 2310/664/305
f 2310/664/304 2322/677/304 2323/678/304 2311/665/304
f 2311/665/303 2323/678/303 2324/679/303 2312/666/303
f 2312/666/302 2324/679/302 2325/680/302 2313/667/302
f 2313/667/301 2325/680/301 2326/681/301 2314/668/301
f 2314/668/300 2326/681/300 2315/669/300 2303/46/300
f 2315/669/311 2327/682/311 2328/683/311 2316/670/311
f 2316/670/310 2328/683/310 2329/684/310 2317/671/310
f 2317/671/309 2329/684/309 2330/685/309 2318/672/309
f 2318/672/308 2330/685/308 2331/686/308 2319/673/308
f 2319/673/307 2331/686/307 2332/687/307 2320/674/307
f 2320/674/306 2332/687/306 2333/688/306 2321/675/306
f 2321/676/317 2333/689/317 2334/690/317 2322/677/317
f 2322/677/316 2334/690/316 2335/691/316 2323/678/316
f 2323/678/315 2335/691/315 2336/692/315 2324/679/315
f 2324/679/314 2336/692/314 2337/693/314 2325/680/314
f 2325/680/313 2337/693/313 2338/694/313 2326/681/313
f 2326/681/312 2338/694/312 2327/682/312 2315/669/312
f 2327/682/323 2339/42/323 2340/695/323 2328/683/323
f 2328/683/322 2340/695/322 2341/696/322 2329/684/322
f 2329/684/321 2341/696/321 2342/697/321 2330/685/321
f 2330/685/320 2342/697/320 2343/698/320 2331/686/320
f 2331/686/319 2343/698/319 2344/699/319 2332/687/319
f 2332/687/318 2344/699/318 2345/41/318 2333/688/318
f 2333/689/329 2345/700/329 2346/701/329 2334/690/329
f 2334/690/328 2346/701/328 2347/702/328 2335/691/328
f 2335/691/327 2347/702/327 2348/703/327 2336/692/327
f 2336/692/326 2348/703/326 2349/704/326 2337/693/326
f 2337/693/325 2349/704/325 2350/705/325 2338/694/325
f 2338/694/324 2350/705/324 2339/42/324 2327/682/324
f 2339/42/335 2351/706/335 2352/707/335 2340/695/335
f 2340/695/334 2352/707/334 2353/708/334 2341/696/334
f 2341/696/333 2353/708/333 2354/709/333 2342/697/333
f 2342/697/332 2354/709/332 2355/710/332 2343/698/332
f 2343/698/331 2355/710/331 2356/711/331 2344/699/331
f 2344/699/330 2356/711/330 2357/712/330 2345/41/330
f 2345/700/341 2357/713/341 2358/714/341 2346/701/341
f 2346/701/340 2358/714/340 2359/715/340 2347/702/340
f 2347/702/339 2359/715/339 2360/716/339 2348/703/339
f 2348/703/338 2360/716/338 2361/717/338 2349/704/338
f 2349/704/337 2361/717/337 2362/718/337 2350/705/337
f 2350/705/336 2362/718/336 2351/706/336 2339/42/336
f 2351/706/347 2363/719/347 2364/720/347 2352/707/347
f 2352/707/346 2364/720/346 2365/721/346 2353/708/346
f 2353/708/345 2365/721/345 2366/722/345 2354/709/345
f 2354/709/344 2366/722/344 2367/723/344 2355/710/344
f 2355/710/343 2367/723/343 2368/724/343 2356/711/343
f 2356/711/342 2368/724/342 2369/725/342 2357/712/342
f 2357/713/353 2369/726/353 2370/727/353 2358/714/353
f 2358/714/352 2370/727/352 2371/728/352 2359/715/352
f 2359/715/351 2371/728/351 2372/729/351 2360/716/351
f 2360/716/350 2372/729/350 2373/730/350 2361/717/350
f 2361/717/349 2373/730/349 2374/731/349 2362/718/349
f 2362/718/348 2374/731/348 2363/719/348 2351/706/348
f 2363/719/359 2375/38/359 2376/732/359 2364/720/359
f 2364/720/358 2376/732/358 2377/733/358 2365/721/358
f 2365/721/357 2377/733/357 2378/734/357 2366/722/357
f 2366/722/356 2378/734/356 2379/735/356 2367/723/356
f 2367/723/355 2379/735/355 2380/736/355 2368/724/355
f 2368/724/354 2380/736/354 2381/37/354 2369/725/354
f 2369/726/365 2381/737/365 2382/738/365 2370/727/365
f 2370/727/364 2382/738/364 2383/739/364 2371/728/364
f 2371/728/363 2383/739/363 2384/740/363 2372/729/363
f 2372/729/362 2384/740/362 2385/741/362 2373/730/362
f 2373/730/361 2385/741/361 2386/742/361 2374/731/361
f 2374/731/360 2386/742/360 2375/38/360 2363/719/360
f 2375/38/371 2387/743/371 2388/744/371 2376/732/371
f 2376/732/370 2388/744/370 2389/745/370 2377/733/370
f 2377/733/369 2389/745/369 2390/746/369 2378/734/369
f 2378/734/368 2390/746/368 2391/747/368 2379/735/368
f 2379/735/367 2391/747/367 2392/748/367 2380/736/367
f 2380/736/366 2392/748/366 2393/749/366 2381/37/366
f 2381/737/377 2393/750/377 2394/751/377 2382/738/377
f 2382/738/376 2394/751/376 2395/752/376 2383/739/376
f 2383/739/375 2395/752/375 2396/753/375 2384/740/375
f 2384/740/374 2396/753/374 2397/754/374 2385/741/374
f 2385/741/373 2397/754/373 2398/755/373 2386/742/373
f 2386/742/372 2398/755/372 2387/743/372 2375/38/372
f 2387/743/383 2399/756/383 2400/757/383 2388/744/383
f 2388/744/382 2400/757/382 2401/758/382 2389/745/382
f 2389/745/381 2401/758/381 2402/759/381 2390/746/381
f 2390/746/380 2402/759/380 2403/760/380 2391/747/380
f 2391/747/379 2403/760/379 2404/761/379 2392/748/379
f 2392/748/378 2404/761/378 2405/762/378 2393/749/378
f 2393/750/389 2405/763/389 2406/764/389 2394/751/389
f 2394/751/388 2406/764/388 2407/765/388 2395/752/388
f 2395/752/387 2407/765/387 2408/766/387 2396/753/387
f 2396/753/386 2408/766/386 2409/767/386 2397/754/386
f 2397/754/385 2409/767/385 2410/768/385 2398/755/385
f 2398/755/384 2410/768/384 2399/756/384 2387/743/384
f 2399/756/395 1835/34/395 1836/166/395 2400/757/395
f 2400/757/394 1836/166/394 1837/168/394 2401/758/394
f 2401/758/393 1837/168/393 1838/170/393 2402/759/393
f 2402/759/392 1838/170/392 1839/172/392 2403/760/392
f 2403/760/391 1839/172/391 1840/174/391 2404/761/391
f 2404/761/390 1840/174/390 1841/33/390 2405/762/390
f 2405/763/401 1841/176/401 1842/179/401 2406/764/401
f 2406/764/400 1842/179/400 1843/181/400 2407/765/400
f 2407/765/399 1843/181/399 1844/183/399 2408/766/399
f 2408/766/398 1844/183/398 1845/185/398 2409/767/398
f 2409/767/397 1845/185/397 1846/187/397 2410/768/397
f 2410/768/396 1846/187/396 1835/34/396 2399/756/396
f 2411/34/114 2423/164/114 2424/165/114 2412/166/114
f 2412/166/115 2424/165/115 2425/167/115 2413/168/115
f 2413/168/116 2425/167/116 2426/169/116 2414/170/116
f 2414/170/117 2426/169/117 2427/171/117 2415/172/117
f 2415/172/118 2427/171/118 2428/173/118 2416/174/118
f 2416/174/119 2428/173/119 2429/175/119 2417/33/119
f 2417/176/120 2429/177/120 2430/178/120 2418/179/120
f 2418/179/121 2430/178/121 2431/180/121 2419/181/121
f 2419/181/122 2431/180/122 2432/182/122 2420/183/122
f 2420/183/123 2432/182/123 2433/184/123 2421/185/123
f 2421/185/124 2433/184/124 2434/186/124 2422/187/124
f 2422/187/125 2434/186/125 2423/164/125 2411/34/125
f 2423/164/126 2435/188/126 2436/189/126 2424/165/126
f 2424/165/127 2436/189/127 2437/190/127 2425/167/127
f 2425/167/128 2437/190/128 2438/191/128 2426/169/128
f 2426/169/129 2438/191/129 2439/192/129 2427/171/129
f 2427/171/130 2439/192/130 2440/193/130 2428/173/130
f 2428/173/131 2440/193/131 2441/194/131 2429/175/131
f 2429/177/132 2441/195/132 2442/196/132 2430/178/132
f 2430/178/133 2442/196/133 2443/197/133 2431/180/133
f 2431/180/134 2443/197/134 2444/198/134 2432/182/134
f 2432/182/135 2444/198/135 2445/199/135 2433/184/135
f 2433/184/136 2445/199/136 2446/200/136 2434/186/136
f 2434/186/137 2446/200/137 2435/188/137 2423/164/137
f 2435/188/138 2447/30/138 2448/201/138 2436/189/138
f 2436/189/139 2448/201/139 2449/202/139 2437/190/139
f 2437/190/140 2449/202/140 2450/203/140 2438/191/140
f 2438/191/141 2450/203/141 2451/204/141 2439/192/141
f 2439/192/403 2451/204/403 2452/205/403 2440/193/403
f 2440/193/143 2452/205/143 2453/29/143 2441/194/143
f 2441/195/144 2453/206/144 2454/207/144 2442/196/144
f 2442/196/145 2454/207/145 2455/208/145 2443/197/145
f 2443/197/146 2455/208/146 2456/209/146 2444/198/146
f 2444/198/147 2456/209/147 2457/210/147 2445/199/147
f 2445/199/148 2457/210/148 2458/211/148 2446/200/148
f 2446/200/149 2458/211/149 2447/30/149 2435/188/149
f 2447/30/150 2459/212/150 2460/213/150 2448/201/150
f 2448/201/404 2460/213/404 2461/214/404 2449/202/404
f 2449/202/152 2461/214/152 2462/215/152 2450/203/152
f 2450/203/153 2462/215/153 2463/216/153 2451/204/153
f 2451/204/154 2463/216/154 2464/217/154 2452/205/154
f 2452/205/155 2464/217/155 2465/218/155 2453/29/155
f 2453/206/156 2465/219/156 2466/220/156 2454/207/156
f 2454/207/157 2466/220/157 2467/221/157 2455/208/157
f 2455/208/158 2467/221/158 2468/222/158 2456/209/158
f 2456/209/159 2468/222/159 2469/223/159 2457/210/159
f 2457/210/405 2469/223/405 2470/224/405 2458/211/405
f 2458/211/161 2470/224/161 2459/212/161 2447/30/161
f 2459/212/162 2471/225/162 2472/226/162 2460/213/162
f 2460/213/163 2472/226/163 2473/227/163 2461/214/163
f 2461/214/164 2473/227/164 2474/228/164 2462/215/164
f 2462/215/165 2474/228/165 2475/229/165 2463/216/165
f 2463/216/166 2475/229/166 2476/230/166 2464/217/166
f 2464/217/167 2476/230/167 2477/231/167 2465/218/167
f 2465/219/168 2477/232/168 2478/233/168 2466/220/168
f 2466/220/406 2478/233/406 2479/234/406 2467/221/406
f 2467/221/170 2479/234/170 2480/235/170 2468/222/170
f 2468/222/171 2480/235/171 2481/236/171 2469/223/171
f 2469/223/172 2481/236/172 2482/237/172 2470/224/172
f 2470/224/173 2482/237/173 2471/225/173 2459/212/173
f 2471/225/174 2483/26/174 2484/238/174 2472/226/174
f 2472/226/175 2484/238/175 2485/239/175 2473/227/175
f 2473/227/176 2485/239/176 2486/240/176 2474/228/176
f 2474/228/177 2486/240/177 2487/241/177 2475/229/177
f 2475/229/178 2487/241/178 2488/242/178 2476/230/178
f 2476/230/179 2488/242/179 2489/25/179 2477/231/179
f 2477/232/180 2489/243/180 2490/244/180 2478/233/180
f 2478/233/181 2490/244/181 2491/245/181 2479/234/181
f 2479/234/182 2491/245/182 2492/246/182 2480/235/182
f 2480/235/183 2492/246/183 2493/247/183 2481/236/183
f 2481/236/407 2493/247/407 2494/248/407 2482/237/407
f 2482/237/185 2494/248/185 2483/26/185 2471/225/185
f 2483/26/186 2495/249/186 2496/250/186 2484/238/186
f 2484/238/408 2496/250/408 2497/251/408 2485/239/408
f 2485/239/188 2497/251/188 2498/252/188 2486/240/188
f 2486/240/189 2498/252/189 2499/253/189 2487/241/189
f 2487/241/190 2499/253/190 2500/254/190 2488/242/190
f 2488/242/191 2500/254/191 2501/255/191 2489/25/191
f 2489/243/192 2501/256/192 2502/257/192 2490/244/192
f 2490/244/193 2502/257/193 2503/258/193 2491/245/193
f 2491/245/194 2503/258/194 2504/259/194 2492/246/194
f 2492/246/195 2504/259/195 2505/260/195 2493/247/195
f 2493/247/196 2505/260/196 2506/261/196 2494/248/196
f 2494/248/197 2506/261/197 2495/249/197 2483/26/197
f 2495/249/198 2507/262/198 2508/263/198 2496/250/198
f 2496/250/199 2508/263/199 2509/264/199 2497/251/199
f 2497/251/200 2509/264/200 2510/265/200 2498/252/200
f 2498/252/201 2510/265/201 2511/266/201 2499/253/201
f 2499/253/409 2511/266/409 2512/267/409 2500/254/409
f 2500/254/203 2512/267/203 2513/268/203 2501/255/203
f 2501/256/204 2513/269/204 2514/270/204 2502/257/204
f 2502/257/410 2514/270/410 2515/271/410 2503/258/410
f 2503/258/206 2515/271/206 2516/272/206 2504/259/206
f 2504/259/207 2516/272/207 2517/273/207 2505/260/207
f 2505/260/411 2517/273/411 2518/274/411 2506/261/411
f 2506/261/209 2518/274/209 2507/262/209 2495/249/209
f 2507/262/210 2519/22/210 2520/275/210 2508/263/210
f 2508/263/412 2520/275/412 2521/276/412 2509/264/412
f 2509/264/212 2521/276/212 2522/277/212 2510/265/212
f 2510/265/213 2522/277/213 2523/278/213 2511/266/213
f 2511/266/214 2523/278/214 2524/279/214 2512/267/214
f 2512/267/215 2524/279/215 2525/21/215 2513/268/215
f 2513/269/216 2525/280/216 2526/281/216 2514/270/216
f 2514/270/217 2526/281/217 2527/282/217 2515/271/217
f 2515/271/218 2527/282/218 2528/283/218 2516/272/218
f 2516/272/219 2528/283/219 2529/284/219 2517/273/219
f 2517/273/220 2529/284/220 2530/285/220 2518/274/220
f 2518/274/221 2530/285/221 2519/22/221 2507/262/221
f 2519/22/222 2531/286/222 2532/287/222 2520/275/222
f 2520/275/223 2532/287/223 2533/288/223 2521/276/223
f 2521/276/224 2533/288/224 2534/289/224 2522/277/224
f 2522/277/225 2534/289/225 2535/290/225 2523/278/225
f 2523/278/226 2535/290/226 2536/291/226 2524/279/226
f 2524/279/227 2536/291/227 2537/292/227 2525/21/227
f 2525/280/228 2537/293/228 2538/294/228 2526/281/228
f 2526/281/413 2538/294/413 2539/295/413 2527/282/413
f 2527/282/230 2539/295/230 2540/296/230 2528/283/230
f 2528/283/231 2540/296/231 2541/297/231 2529/284/231
f 2529/284/232 2541/297/232 2542/298/232 2530/285/232
f 2530/285/233 2542/298/233 2531/286/233 2519/22/233
f 2531/286/234 2543/299/234 2544/300/234 2532/287/234
f 2532/287/235 2544/300/235 2545/301/235 2533/288/235
f 2533/288/236 2545/301/236 2546/302/236 2534/289/236
f 2534/289/237 2546/302/237 2547/303/237 2535/290/237
f 2535/290/238 2547/303/238 2548/304/238 2536/291/238
f 2536/291/239 2548/304/239 2549/305/239 2537/292/239
f 2537/293/240 2549/306/240 2550/307/240 2538/294/240
f 2538/294/241 2550/307/241 2551/308/241 2539/295/241
f 2539/295/242 2551/308/242 2552/309/242 2540/296/242
f 2540/296/243 2552/309/243 2553/310/243 2541/297/243
f 2541/297/244 2553/310/244 2554/311/244 2542/298/244
f 2542/298/245 2554/311/245 2543/299/245 2531/286/245
f 2543/299/246 2555/18/246 2556/312/246 2544/300/246
f 2544/300/247 2556/312/247 2557/313/247 2545/301/247
f 2545/301/248 2557/313/248 2558/314/248 2546/302/248
f 2546/302/249 2558/314/249 2559/315/249 2547/303/249
f 2547/303/250 2559/315/250 2560/316/250 2548/304/250
f 2548/304/251 2560/316/251 2561/17/251 2549/305/251
f 2549/306/252 2561/317/252 2562/318/252 2550/307/252
f 2550/307/253 2562/318/253 2563/319/253 2551/308/253
f 2551/308/254 2563/319/254 2564/320/254 2552/309/254
f 2552/309/255 2564/320/255 2565/321/255 2553/310/255
f 2553/310/256 2565/321/256 2566/322/256 2554/311/256
f 2554/311/257 2566/322/257 2555/18/257 2543/299/257
f 2555/18/258 2567/323/258 2568/324/258 2556/312/258
f 2556/312/259 2568/324/259 2569/325/259 2557/313/259
f 2557/313/260 2569/325/260 2570/326/260 2558/314/260
f 2558/314/261 2570/326/261 2571/327/261 2559/315/261
f 2559/315/262 2571/327/262 2572/328/262 2560/316/262
f 2560/316/263 2572/328/263 2573/329/263 2561/17/263
f 2561/317/264 2573/330/264 2574/331/264 2562/318/264
f 2562/318/265 2574/331/265 2575/332/265 2563/319/265
f 2563/319/266 2575/332/266 2576/333/266 2564/320/266
f 2564/320/267 2576/333/267 2577/334/267 2565/321/267
f 2565/321/268 2577/334/268 2578/335/268 2566/322/268
f 2566/322/269 2578/335/269 2567/323/269 2555/18/269
f 2567/323/270 2579/336/270 2580/337/270 2568/324/270
f 2568/324/271 2580/337/271 2581/338/271 2569/325/271
f 2569/325/272 2581/338/272 2582/339/272 2570/326/272
f 2570/326/273 2582/339/273 2583/340/273 2571/327/273
f 2571/327/274 2583/340/274 2584/341/274 2572/328/274
f 2572/328/275 2584/341/275 2585/342/275 2573/329/275
f 2573/330/276 2585/343/276 2586/344/276 2574/331/276
f 2574/331/277 2586/344/277 2587/345/277 2575/332/277
f 2575/332/278 2587/345/278 2588/346/278 2576/333/278
f 2576/333/279 2588/346/279 2589/347/279 2577/334/279
f 2577/334/280 2589/347/280 2590/348/280 2578/335/280
f 2578/335/281 2590/348/281 2579/336/281 2567/323/281
f 2579/336/282 2591/14/282 2592/349/282 2580/337/282
f 2580/337/283 2592/349/283 2593/350/283 2581/338/283
f 2581/338/284 2593/350/284 2594/351/284 2582/339/284
f 2582/339/285 2594/351/285 2595/352/285 2583/340/285
f 2583/340/286 2595/352/286 2596/353/286 2584/341/286
f 2584/341/287 2596/353/287 2597/13/287 2585/342/287
f 2585/343/288 2597/354/288 2598/355/288 2586/344/288
f 2586/344/289 2598/355/289 2599/356/289 2587/345/289
f 2587/345/290 2599/356/290 2600/357/290 2588/346/290
f 2588/346/291 2600/357/291 2601/358/291 2589/347/291
f 2589/347/292 2601/358/292 2602/359/292 2590/348/292
f 2590/348/293 2602/359/293 2591/14/293 2579/336/293
f 2591/14/294 2603/360/294 2604/361/294 2592/349/294
f 2592/349/414 2604/361/414 2605/362/414 2593/350/414
f 2593/350/296 2605/362/296 2606/363/296 2594/351/296
f 2594/351/297 2606/363/297 2607/364/297 2595/352/297
f 2595/352/298 2607/364/298 2608/365/298 2596/353/298
f 2596/353/299 2608/365/299 2609/366/299 2597/13/299
f 2597/354/300 2609/367/300 2610/368/300 2598/355/300
f 2598/355/301 2610/368/301 2611/369/301 2599/356/301
f 2599/356/302 2611/369/302 2612/370/302 2600/357/302
f 2600/357/303 2612/370/303 2613/371/303 2601/358/303
f 2601/358/304 2613/371/304 2614/372/304 2602/359/304
f 2602/359/305 2614/372/305 2603/360/305 2591/14/305
f 2603/360/306 2615/373/306 2616/374/306 2604/361/306
f 2604/361/415 2616/374/415 2617/375/415 2605/362/415
f 2605/362/308 2617/375/308 2618/376/308 2606/363/308
f 2606/363/309 2618/376/309 2619/377/309 2607/364/309
f 2607/364/416 2619/377/416 2620/378/416 2608/365/416
f 2608/365/311 2620/378/311 2621/379/311 2609/366/311
f 2609/367/312 2621/380/312 2622/381/312 2610/368/312
f 2610/368/313 2622/381/313 2623/382/313 2611/369/313
f 2611/369/314 2623/382/314 2624/383/314 2612/370/314
f 2612/370/315 2624/383/315 2625/384/315 2613/371/315
f 2613/371/417 2625/384/417 2626/385/417 2614/372/417
f 2614/372/317 2626/385/317 2615/373/317 2603/360/317
f 2615/373/318 2627/10/318 2628/386/318 2616/374/318
f 2616/374/418 2628/386/418 2629/387/418 2617/375/418
f 2617/375/320 2629/387/320 2630/388/320 2618/376/320
f 2618/376/321 2630/388/321 2631/389/321 2619/377/321
f 2619/377/322 2631/389/322 2632/390/322 2620/378/322
f 2620/378/323 2632/390/323 2633/9/323 2621/379/323
f 2621/380/324 2633/391/324 2634/392/324 2622/381/324
f 2622/381/325 2634/392/325 2635/393/325 2623/382/325
f 2623/382/326 2635/393/326 2636/394/326 2624/383/326
f 2624/383/327 2636/394/327 2637/395/327 2625/384/327
f 2625/384/419 2637/395/419 2638/396/419 2626/385/419
f 2626/385/329 2638/396/329 2627/10/329 2615/373/329
f 2627/10/330 2639/397/330 2640/398/330 2628/386/330
f 2628/386/420 2640/398/420 2641/399/420 2629/387/420
f 2629/387/332 2641/399/332 2642/400/332 2630/388/332
f 2630/388/333 2642/400/333 2643/401/333 2631/389/333
f 2631/389/334 2643/401/334 2644/402/334 2632/390/334
f 2632/390/335 2644/402/335 2645/403/335 2633/9/335
f 2633/391/336 2645/404/336 2646/405/336 2634/392/336
f 2634/392/421 2646/405/421 2647/406/421 2635/393/421
f 2635/393/338 2647/406/338 2648/407/338 2636/394/338
f 2636/394/339 2648/407/339 2649/408/339 2637/395/339
f 2637/395/340 2649/408/340 2650/409/340 2638/396/340
f 2638/396/341 2650/409/341 2639/397/341 2627/10/341
f 2639/397/342 2651/410/342 2652/411/342 2640/398/342
f 2640/398/422 2652/411/422 2653/412/422 2641/399/422
f 2641/399/344 2653/412/344 2654/413/344 2642/400/344
f 2642/400/345 2654/413/345 2655/414/345 2643/401/345
f 2643/401/346 2655/414/346 2656/415/346 2644/402/346
f 2644/402/423 2656/415/423 2657/416/423 2645/403/423
f 2645/404/348 2657/417/348 2658/418/348 2646/405/348
f 2646/405/349 2658/418/349 2659/419/349 2647/406/349
f 2647/406/350 2659/419/350 2660/420/350 2648/407/350
f 2648/407/351 2660/420/351 2661/421/351 2649/408/351
f 2649/408/424 2661/421/424 2662/422/424 2650/409/424
f 2650/409/353 2662/422/353 2651/410/353 2639/397/353
f 2651/410/354 2663/6/354 2664/423/354 2652/411/354
f 2652/411/425 2664/423/425 2665/424/425 2653/412/425
f 2653/412/356 2665/424/356 2666/425/356 2654/413/356
f 2654/413/357 2666/425/357 2667/426/357 2655/414/357
f 2655/414/358 2667/426/358 2668/427/358 2656/415/358
f 2656/415/359 2668/427/359 2669/5/359 2657/416/359
f 2657/417/360 2669/428/360 2670/429/360 2658/418/360
f 2658/418/361 2670/429/361 2671/430/361 2659/419/361
f 2659/419/362 2671/430/362 2672/431/362 2660/420/362
f 2660/420/363 2672/431/363 2673/432/363 2661/421/363
f 2661/421/364 2673/432/364 2674/433/364 2662/422/364
f 2662/422/365 2674/433/365 2663/6/365 2651/410/365
f 2663/6/366 2675/434/366 2676/435/366 2664/423/366
f 2664/423/367 2676/435/367 2677/436/367 2665/424/367
f 2665/424/368 2677/436/368 2678/437/368 2666/425/368
f 2666/425/369 2678/437/369 2679/438/369 2667/426/369
f 2667/426/370 2679/438/370 2680/439/370 2668/427/370
f 2668/427/371 2680/439/371 2681/440/371 2669/5/371
f 2669/428/372 2681/441/372 2682/442/372 2670/429/372
f 2670/429/426 2682/442/426 2683/443/426 2671/430/426
f 2671/430/374 2683/443/374 2684/444/374 2672/431/374
f 2672/431/375 2684/444/375 2685/445/375 2673/432/375
f 2673/432/427 2685/445/427 2686/446/427 2674/433/427
f 2674/433/377 2686/446/377 2675/434/377 2663/6/377
f 2675/434/378 2687/447/378 2688/448/378 2676/435/378
f 2676/435/379 2688/448/379 2689/449/379 2677/436/379
f 2677/436/380 2689/449/380 2690/450/380 2678/437/380
f 2678/437/381 2690/450/381 2691/451/381 2679/438/381
f 2679/438/382 2691/451/382 2692/452/382 2680/439/382
f 2680/439/383 2692/452/383 2693/453/383 2681/440/383
f 2681/441/384 2693/454/384 2694/455/384 2682/442/384
f 2682/442/385 2694/455/385 2695/456/385 2683/443/385
f 2683/443/386 2695/456/386 2696/457/386 2684/444/386
f 2684/444/387 2696/457/387 2697/458/387 2685/445/387
f 2685/445/428 2697/458/428 2698/459/428 2686/446/428
f 2686/446/389 2698/459/389 2687/447/389 2675/434/389
f 2687/447/390 2699/1/390 2700/460/390 2688/448/390
f 2688/448/429 2700/460/429 2701/461/429 2689/449/429
f 2689/449/392 2701/461/392 2702/462/392 2690/450/392
f 2690/450/393 2702/462/393 2703/463/393 2691/451/393
f 2691/451/430 2703/463/430 2704/464/430 2692/452/430
f 2692/452/395 2704/464/395 2705/2/395 2693/453/395
f 2693/454/396 2705/465/396 2706/466/396 2694/455/396
f 2694/455/431 2706/466/431 2707/467/431 2695/456/431
f 2695/456/398 2707/467/398 2708/468/398 2696/457/398
f 2696/457/399 2708/468/399 2709/469/399 2697/458/399
f 2697/458/400 2709/469/400 2710/470/400 2698/459/400
f 2698/459/401 2710/470/401 2699/1/401 2687/447/401
f 2699/471/119 2711/472/119 2712/473/119 2700/474/119
f 2700/474/432 2712/473/432 2713/475/432 2701/476/432
f 2701/476/117 2713/475/117 2714/477/117 2702/478/117
f 2702/478/116 2714/477/116 2715/479/116 2703/480/116
f 2703/480/115 2715/479/115 2716/481/115 2704/482/115
f 2704/482/114 2716/481/114 2717/483/114 2705/484/114
f 2705/485/125 2717/486/125 2718/487/125 2706/488/125
f 2706/488/433 2718/487/433 2719/489/433 2707/490/433
f 2707/490/123 2719/489/123 2720/491/123 2708/492/123
f 2708/492/122 2720/491/122 2721/493/122 2709/494/122
f 2709/494/434 2721/493/434 2722/495/434 2710/496/434
f 2710/496/120 2722/495/120 2711/472/120 2699/471/120
f 2711/472/131 2723/497/131 2724/498/131 2712/473/131
f 2712/473/130 2724/498/130 2725/499/130 2713/475/130
f 2713/475/129 2725/499/129 2726/500/129 2714/477/129
f 2714/477/128 2726/500/128 2727/501/128 2715/479/128
f 2715/479/127 2727/501/127 2728/502/127 2716/481/127
f 2716/481/126 2728/502/126 2729/503/126 2717/483/126
f 2717/486/137 2729/504/137 2730/505/137 2718/487/137
f 2718/487/136 2730/505/136 2731/506/136 2719/489/136
f 2719/489/135 2731/506/135 2732/507/135 2720/491/135
f 2720/491/134 2732/507/134 2733/508/134 2721/493/134
f 2721/493/435 2733/508/435 2734/509/435 2722/495/435
f 2722/495/132 2734/509/132 2723/497/132 2711/472/132
f 2723/497/143 2735/62/143 2736/510/143 2724/498/143
f 2724/498/403 2736/510/403 2737/511/403 2725/499/403
f 2725/499/141 2737/511/141 2738/512/141 2726/500/141
f 2726/500/140 2738/512/140 2739/513/140 2727/501/140
f 2727/501/436 2739/513/436 2740/514/436 2728/502/436
f 2728/502/138 2740/514/138 2741/61/138 2729/503/138
f 2729/504/149 2741/515/149 2742/516/149 2730/505/149
f 2730/505/148 2742/516/148 2743/517/148 2731/506/148
f 2731/506/147 2743/517/147 2744/518/147 2732/507/147
f 2732/507/146 2744/518/146 2745/519/146 2733/508/146
f 2733/508/437 2745/519/437 2746/520/437 2734/509/437
f 2734/509/144 2746/520/144 2735/62/144 2723/497/144
f 2735/62/155 2747/521/155 2748/522/155 2736/510/155
f 2736/510/438 2748/522/438 2749/523/438 2737/511/438
f 2737/511/153 2749/523/153 2750/524/153 2738/512/153
f 2738/512/152 2750/524/152 2751/525/152 2739/513/152
f 2739/513/151 2751/525/151 2752/526/151 2740/514/151
f 2740/514/150 2752/526/150 2753/527/150 2741/61/150
f 2741/515/161 2753/528/161 2754/529/161 2742/516/161
f 2742/516/160 2754/529/160 2755/530/160 2743/517/160
f 2743/517/159 2755/530/159 2756/531/159 2744/518/159
f 2744/518/158 2756/531/158 2757/532/158 2745/519/158
f 2745/519/157 2757/532/157 2758/533/157 2746/520/157
f 2746/520/156 2758/533/156 2747/521/156 2735/62/156
f 2747/521/167 2759/534/167 2760/535/167 2748/522/167
f 2748/522/166 2760/535/166 2761/536/166 2749/523/166
f 2749/523/165 2761/536/165 2762/537/165 2750/524/165
f 2750/524/164 2762/537/164 2763/538/164 2751/525/164
f 2751/525/163 2763/538/163 2764/539/163 2752/526/163
f 2752/526/162 2764/539/162 2765/540/162 2753/527/162
f 2753/528/173 2765/541/173 2766/542/173 2754/529/173
f 2754/529/172 2766/542/172 2767/543/172 2755/530/172
f 2755/530/171 2767/543/171 2768/544/171 2756/531/171
f 2756/531/170 2768/544/170 2769/545/170 2757/532/170
f 2757/532/169 2769/545/169 2770/546/169 2758/533/169
f 2758/533/168 2770/546/168 2759/534/168 2747/521/168
f 2759/534/179 2771/58/179 2772/547/179 2760/535/179
f 2760/535/439 2772/547/439 2773/548/439 2761/536/439
f 2761/536/177 2773/548/177 2774/549/177 2762/537/177
f 2762/537/176 2774/549/176 2775/550/176 2763/538/176
f 2763/538/175 2775/550/175 2776/551/175 2764/539/175
f 2764/539/174 2776/551/174 2777/57/174 2765/540/174
f 2765/541/185 2777/552/185 2778/553/185 2766/542/185
f 2766/542/184 2778/553/184 2779/554/184 2767/543/184
f 2767/543/183 2779/554/183 2780/555/183 2768/544/183
f 2768/544/182 2780/555/182 2781/556/182 2769/545/182
f 2769/545/440 2781/556/440 2782/557/440 2770/546/440
f 2770/546/180 2782/557/180 2771/58/180 2759/534/180
f 2771/58/191 2783/558/191 2784/559/191 2772/547/191
f 2772/547/190 2784/559/190 2785/560/190 2773/548/190
f 2773/548/189 2785/560/189 2786/561/189 2774/549/189
f 2774/549/188 2786/561/188 2787/562/188 2775/550/188
f 2775/550/187 2787/562/187 2788/563/187 2776/551/187
f 2776/551/186 2788/563/186 2789/564/186 2777/57/186
f 2777/552/197 2789/565/197 2790/566/197 2778/553/197
f 2778/553/441 2790/566/441 2791/567/441 2779/554/441
f 2779/554/195 2791/567/195 2792/568/195 2780/555/195
f 2780/555/194 2792/568/194 2793/569/194 2781/556/194
f 2781/556/193 2793/569/193 2794/570/193 2782/557/193
f 2782/557/192 2794/570/192 2783/558/192 2771/58/192
f 2783/558/203 2795/571/203 2796/572/203 2784/559/203
f 2784/559/202 2796/572/202 2797/573/202 2785/560/202
f 2785/560/201 2797/573/201 2798/574/201 2786/561/201
f 2786/561/200 2798/574/200 2799/575/200 2787/562/200
f 2787/562/442 2799/575/442 2800/576/442 2788/563/442
f 2788/563/198 2800/576/198 2801/577/198 2789/564/198
f 2789/565/209 2801/578/209 2802/579/209 2790/566/209
f 2790/566/208 2802/579/208 2803/580/208 2791/567/208
f 2791/567/207 2803/580/207 2804/581/207 2792/568/207
f 2792/568/206 2804/581/206 2805/582/206 2793/569/206
f 2793/569/410 2805/582/410 2806/583/410 2794/570/410
f 2794/570/204 2806/583/204 2795/571/204 2783/558/204
f 2795/571/215 2807/54/215 2808/584/215 2796/572/215
f 2796/572/443 2808/584/443 2809/585/443 2797/573/443
f 2797/573/213 2809/585/213 2810/586/213 2798/574/213
f 2798/574/212 2810/586/212 2811/587/212 2799/575/212
f 2799/575/412 2811/587/412 2812/588/412 2800/576/412
f 2800/576/210 2812/588/210 2813/53/210 2801/577/210
f 2801/578/221 2813/589/221 2814/590/221 2802/579/221
f 2802/579/220 2814/590/220 2815/591/220 2803/580/220
f 2803/580/219 2815/591/219 2816/592/219 2804/581/219
f 2804/581/218 2816/592/218 2817/593/218 2805/582/218
f 2805/582/217 2817/593/217 2818/594/217 2806/583/217
f 2806/583/216 2818/594/216 2807/54/216 2795/571/216
f 2807/54/227 2819/595/227 2820/596/227 2808/584/227
f 2808/584/226 2820/596/226 2821/597/226 2809/585/226
f 2809/585/225 2821/597/225 2822/598/225 2810/586/225
f 2810/586/224 2822/598/224 2823/599/224 2811/587/224
f 2811/587/223 2823/599/223 2824/600/223 2812/588/223
f 2812/588/222 2824/600/222 2825/601/222 2813/53/222
f 2813/589/233 2825/602/233 2826/603/233 2814/590/233
f 2814/590/232 2826/603/232 2827/604/232 2815/591/232
f 2815/591/231 2827/604/231 2828/605/231 2816/592/231
f 2816/592/230 2828/605/230 2829/606/230 2817/593/230
f 2817/593/229 2829/606/229 2830/607/229 2818/594/229
f 2818/594/228 2830/607/228 2819/595/228 2807/54/228
f 2819/595/239 2831/608/239 2832/609/239 2820/596/239
f 2820/596/238 2832/609/238 2833/610/238 2821/597/238
f 2821/597/237 2833/610/237 2834/611/237 2822/598/237
f 2822/598/236 2834/611/236 2835/612/236 2823/599/236
f 2823/599/444 2835/612/444 2836/613/444 2824/600/444
f 2824/600/234 2836/613/234 2837/614/234 2825/601/234
f 2825/602/245 2837/615/245 2838/616/245 2826/603/245
f 2826/603/244 2838/616/244 2839/617/244 2827/604/244
f 2827/604/243 2839/617/243 2840/618/243 2828/605/243
f 2828/605/242 2840/618/242 2841/619/242 2829/606/242
f 2829/606/241 2841/619/241 2842/620/241 2830/607/241
f 2830/607/240 2842/620/240 2831/608/240 2819/595/240
f 2831/608/251 2843/50/251 2844/621/251 2832/609/251
f 2832/609/250 2844/621/250 2845/622/250 2833/610/250
f 2833/610/249 2845/622/249 2846/623/249 2834/611/249
f 2834/611/248 2846/623/248 2847/624/248 2835/612/248
f 2835/612/247 2847/624/247 2848/625/247 2836/613/247
f 2836/613/246 2848/625/246 2849/49/246 2837/614/246
f 2837/615/257 2849/626/257 2850/627/257 2838/616/257
f 2838/616/256 2850/627/256 2851/628/256 2839/617/256
f 2839/617/255 2851/628/255 2852/629/255 2840/618/255
f 2840/618/254 2852/629/254 2853/630/254 2841/619/254
f 2841/619/253 2853/630/253 2854/631/253 2842/620/253
f 2842/620/252 2854/631/252 2843/50/252 2831/608/252
f 2843/50/263 2855/632/263 2856/633/263 2844/621/263
f 2844/621/262 2856/633/262 2857/634/262 2845/622/262
f 2845/622/261 2857/634/261 2858/635/261 2846/623/261
f 2846/623/260 2858/635/260 2859/636/260 2847/624/260
f 2847/624/259 2859/636/259 2860/637/259 2848/625/259
f 2848/625/258 2860/637/258 2861/638/258 2849/49/258
f 2849/626/269 2861/639/269 2862/640/269 2850/627/269
f 2850/627/268 2862/640/268 2863/641/268 2851/628/268
f 2851/628/267 2863/641/267 2864/642/267 2852/629/267
f 2852/629/266 2864/642/266 2865/643/266 2853/630/266
f 2853/630/265 2865/643/265 2866/644/265 2854/631/265
f 2854/631/264 2866/644/264 2855/632/264 2843/50/264
f 2855/632/275 2867/645/275 2868/646/275 2856/633/275
f 2856/633/274 2868/646/274 2869/647/274 2857/634/274
f 2857/634/273 2869/647/273 2870/648/273 2858/635/273
f 2858/635/272 2870/648/272 2871/649/272 2859/636/272
f 2859/636/271 2871/649/271 2872/650/271 2860/637/271
f 2860/637/270 2872/650/270 2873/651/270 2861/638/270
f 2861/639/281 2873/652/281 2874/653/281 2862/640/281
f 2862/640/280 2874/653/280 2875/654/280 2863/641/280
f 2863/641/279 2875/654/279 2876/655/279 2864/642/279
f 2864/642/278 2876/655/278 2877/656/278 2865/643/278
f 2865/643/277 2877/656/277 2878/657/277 2866/644/277
f 2866/644/276 2878/657/276 2867/645/276 2855/632/276
f 2867/645/287 2879/46/287 2880/658/287 2868/646/287
f 2868/646/286 2880/658/286 2881/659/286 2869/647/286
f 2869/647/285 2881/659/285 2882/660/285 2870/648/285
f 2870/648/284 2882/660/284 2883/661/284 2871/649/284
f 2871/649/283 2883/661/283 2884/662/283 2872/650/283
f 2872/650/282 2884/662/282 2885/45/282 2873/651/282
f 2873/652/293 2885/663/293 2886/664/293 2874/653/293
f 2874/653/292 2886/664/292 2887/665/292 2875/654/292
f 2875/654/291 2887/665/291 2888/666/291 2876/655/291
f 2876/655/290 2888/666/290 2889/667/290 2877/656/290
f 2877/656/289 2889/667/289 2890/668/289 2878/657/289
f 2878/657/288 2890/668/288 2879/46/288 2867/645/288
f 2879/46/299 2891/669/299 2892/670/299 2880/658/299
f 2880/658/445 2892/670/445 2893/671/445 2881/659/445
f 2881/659/297 2893/671/297 2894/672/297 2882/660/297
f 2882/660/296 2894/672/296 2895/673/296 2883/661/296
f 2883/661/295 2895/673/295 2896/674/295 2884/662/295
f 2884/662/294 2896/674/294 2897/675/294 2885/45/294
f 2885/663/305 2897/676/305 2898/677/305 2886/664/305
f 2886/664/304 2898/677/304 2899/678/304 2887/665/304
f 2887/665/303 2899/678/303 2900/679/303 2888/666/303
f 2888/666/302 2900/679/302 2901/680/302 2889/667/302
f 2889/667/301 2901/680/301 2902/681/301 2890/668/301
f 2890/668/300 2902/681/300 2891/669/300 2879/46/300
f 2891/669/311 2903/682/311 2904/683/311 2892/670/311
f 2892/670/310 2904/683/310 2905/684/310 2893/671/310
f 2893/671/309 2905/684/309 2906/685/309 2894/672/309
f 2894/672/308 2906/685/308 2907/686/308 2895/673/308
f 2895/673/307 2907/686/307 2908/687/307 2896/674/307
f 2896/674/306 2908/687/306 2909/688/306 2897/675/306
f 2897/676/317 2909/689/317 2910/690/317 2898/677/317
f 2898/677/316 2910/690/316 2911/691/316 2899/678/316
f 2899/678/315 2911/691/315 2912/692/315 2900/679/315
f 2900/679/314 2912/692/314 2913/693/314 2901/680/314
f 2901/680/446 2913/693/446 2914/694/446 2902/681/446
f 2902/681/312 2914/694/312 2903/682/312 2891/669/312
f 2903/682/323 2915/42/323 2916/695/323 2904/683/323
f 2904/683/322 2916/695/322 2917/696/322 2905/684/322
f 2905/684/321 2917/696/321 2918/697/321 2906/685/321
f 2906/685/320 2918/697/320 2919/698/320 2907/686/320
f 2907/686/319 2919/698/319 2920/699/319 2908/687/319
f 2908/687/318 2920/699/318 2921/41/318 2909/688/318
f 2909/689/329 2921/700/329 2922/701/329 2910/690/329
f 2910/690/328 2922/701/328 2923/702/328 2911/691/328
f 2911/691/327 2923/702/327 2924/703/327 2912/692/327
f 2912/692/326 2924/703/326 2925/704/326 2913/693/326
f 2913/693/325 2925/704/325 2926/705/325 2914/694/325
f 2914/694/324 2926/705/324 2915/42/324 2903/682/324
f 2915/42/335 2927/706/335 2928/707/335 2916/695/335
f 2916/695/447 2928/707/447 2929/708/447 2917/696/447
f 2917/696/333 2929/708/333 2930/709/333 2918/697/333
f 2918/697/332 2930/709/332 2931/710/332 2919/698/332
f 2919/698/420 2931/710/420 2932/711/420 2920/699/420
f 2920/699/330 2932/711/330 2933/712/330 2921/41/330
f 2921/700/341 2933/713/341 2934/714/341 2922/701/341
f 2922/701/448 2934/714/448 2935/715/448 2923/702/448
f 2923/702/339 2935/715/339 2936/716/339 2924/703/339
f 2924/703/338 2936/716/338 2937/717/338 2925/704/338
f 2925/704/421 2937/717/421 2938/718/421 2926/705/421
f 2926/705/336 2938/718/336 2927/706/336 2915/42/336
f 2927/706/347 2939/719/347 2940/720/347 2928/707/347
f 2928/707/346 2940/720/346 2941/721/346 2929/708/346
f 2929/708/345 2941/721/345 2942/722/345 2930/709/345
f 2930/709/344 2942/722/344 2943/723/344 2931/710/344
f 2931/710/343 2943/723/343 2944/724/343 2932/711/343
f 2932/711/342 2944/724/342 2945/725/342 2933/712/342
f 2933/713/353 2945/726/353 2946/727/353 2934/714/353
f 2934/714/352 2946/727/352 2947/728/352 2935/715/352
f 2935/715/351 2947/728/351 2948/729/351 2936/716/351
f 2936/716/350 2948/729/350 2949/730/350 2937/717/350
f 2937/717/349 2949/730/349 2950/731/349 2938/718/349
f 2938/718/348 2950/731/348 2939/719/348 2927/706/348
f 2939/719/359 2951/38/359 2952/732/359 2940/720/359
f 2940/720/449 2952/732/449 2953/733/449 2941/721/449
f 2941/721/357 2953/733/357 2954/734/357 2942/722/357
f 2942/722/356 2954/734/356 2955/735/356 2943/723/356
f 2943/723/355 2955/735/355 2956/736/355 2944/724/355
f 2944/724/354 2956/736/354 2957/37/354 2945/725/354
f 2945/726/365 2957/737/365 2958/738/365 2946/727/365
f 2946/727/364 2958/738/364 2959/739/364 2947/728/364
f 2947/728/363 2959/739/363 2960/740/363 2948/729/363
f 2948/729/362 2960/740/362 2961/741/362 2949/730/362
f 2949/730/361 2961/741/361 2962/742/361 2950/731/361
f 2950/731/360 2962/742/360 2951/38/360 2939/719/360
f 2951/38/371 2963/743/371 2964/744/371 2952/732/371
f 2952/732/370 2964/744/370 2965/745/370 2953/733/370
f 2953/733/369 2965/745/369 2966/746/369 2954/734/369
f 2954/734/368 2966/746/368 2967/747/368 2955/735/368
f 2955/735/367 2967/747/367 2968/748/367 2956/736/367
f 2956/736/366 2968/748/366 2969/749/366 2957/37/366
f 2957/737/377 2969/750/377 2970/751/377 2958/738/377
f 2958/738/376 2970/751/376 2971/752/376 2959/739/376
f 2959/739/375 2971/752/375 2972/753/375 2960/740/375
f 2960/740/374 2972/753/374 2973/754/374 2961/741/374
f 2961/741/426 2973/754/426 2974/755/426 2962/742/426
f 2962/742/372 2974/755/372 2963/743/372 2951/38/372
f 2963/743/383 2975/756/383 2976/757/383 2964/744/383
f 2964/744/382 2976/757/382 2977/758/382 2965/745/382
f 2965/745/381 2977/758/381 2978/759/381 2966/746/381
f 2966/746/380 2978/759/380 2979/760/380 2967/747/380
f 2967/747/450 2979/760/450 2980/761/450 2968/748/450
f 2968/748/378 2980/761/378 2981/762/378 2969/749/378
f 2969/750/389 2981/763/389 2982/764/389 2970/751/389
f 2970/751/388 2982/764/388 2983/765/388 2971/752/388
f 2971/752/387 2983/765/387 2984/766/387 2972/753/387
f 2972/753/386 2984/766/386 2985/767/386 2973/754/386
f 2973/754/385 2985/767/385 2986/768/385 2974/755/385
f 2974/755/384 2986/768/384 2975/756/384 2963/743/384
f 2975/756/395 2411/34/395 2412/166/395 2976/757/395
f 2976/757/394 2412/166/394 2413/168/394 2977/758/394
f 2977/758/393 2413/168/393 2414/170/393 2978/759/393
f 2978/759/392 2414/170/392 2415/172/392 2979/760/392
f 2979/760/391 2415/172/391 2416/174/391 2980/761/391
f 2980/761/390 2416/174/390 2417/33/390 2981/762/390
f 2981/763/401 2417/176/401 2418/179/401 2982/764/401
f 2982/764/400 2418/179/400 2419/181/400 2983/765/400
f 2983/765/399 2419/181/399 2420/183/399 2984/766/399
f 2984/766/398 2420/183/398 2421/185/398 2985/767/398
f 2985/767/397 2421/185/397 2422/187/397 2986/768/397
f 2986/768/396 2422/187/396 2411/34/396 2975/756/396
f 3/769/451 1/770/451 2987/771/451 2988/772/451
f 5/773/451 3/769/451 2988/772/451 2989/774/451
f 7/775/451 5/773/451 2989/774/451 2990/776/451
f 9/777/451 7/775/451 2990/776/451 2991/778/451
f 11/779/451 9/777/451 2991/778/451 2992/780/451
f 13/781/451 11/779/451 2992/780/451 2993/782/451
f 15/783/451 13/781/451 2993/782/451 2994/784/451
f 17/785/451 15/783/451 2994/784/451 2995/786/451
f 19/99/451 17/785/451 2995/786/451 2996/787/451
f 21/100/451 19/99/451 2996/787/451 2997/788/451
f 23/789/451 21/100/451 2997/788/451 2998/790/451
f 25/791/451 23/789/451 2998/790/451 2999/792/451
f 27/793/451 25/791/451 2999/792/451 3000/794/451
f 29/795/451 27/793/451 3000/794/451 3001/796/451
f 31/797/451 29/795/451 3001/796/451 3002/798/451
f 33/799/451 31/797/451 3002/798/451 3003/800/451
f 35/801/451 33/799/451 3003/800/451 3004/802/451
f 37/803/451 35/801/451 3004/802/451 3005/804/451
f 39/805/451 37/803/451 3005/804/451 3006/806/451
f 41/807/451 39/805/451 3006/806/451 3007/808/451
f 43/809/451 41/807/451 3007/808/451 3008/810/451
f 45/811/451 43/809/451 3008/810/451 3009/812/451
f 47/813/451 45/811/451 3009/812/451 3010/814/451
f 49/815/451 47/813/451 3010/814/451 3011/816/451
f 51/817/451 49/815/451 3011/816/451 3012/818/451
f 53/819/451 51/817/451 3012/818/451 3013/820/451
f 55/821/451 53/819/451 3013/820/451 3014/822/451
f 57/823/451 55/821/451 3014/822/451 3015/824/451
f 59/825/451 57/823/451 3015/824/451 3016/826/451
f 61/827/451 59/825/451 3016/826/451 3017/828/451
f 63/829/451 61/827/451 3017/828/451 3018/830/451
f 1/770/451 63/829/451 3018/830/451 2987/771/451
f 3038/831/20 3039/832/20 3135/832/20 3134/831/20
f 47/813/24 49/815/24 3075/815/24 3074/813/24
f 21/100/11 23/789/11 3062/789/11 3061/100/11
f 49/815/25 51/817/25 3076/817/25 3075/815/25
f 23/789/12 25/791/12 3063/791/12 3062/789/12
f 51/817/26 53/819/26 3077/819/26 3076/817/26
f 25/791/13 27/793/13 3064/793/13 3063/791/13
f 53/819/27 55/821/27 3078/821/27 3077/819/27
f 27/793/14 29/795/14 3065/795/14 3064/793/14
f 1/770/1 3/769/1 3052/769/1 3051/770/1
f 55/821/28 57/823/28 3079/823/28 3078/821/28
f 29/795/15 31/797/15 3066/797/15 3065/795/15
f 3/769/2 5/773/2 3053/773/2 3052/769/2
f 57/823/29 59/825/29 3080/825/29 3079/823/29
f 31/797/16 33/799/16 3067/799/16 3066/797/16
f 5/773/3 7/775/3 3054/775/3 3053/773/3
f 59/825/30 61/827/30 3081/827/30 3080/825/30
f 33/799/17 35/801/17 3068/801/17 3067/799/17
f 7/775/4 9/777/4 3055/777/4 3054/775/4
f 61/827/32 63/829/32 3082/829/32 3081/827/32
f 35/801/18 37/803/18 3069/803/18 3068/801/18
f 9/777/5 11/779/5 3056/779/5 3055/777/5
f 63/829/33 1/770/33 3051/770/33 3082/829/33
f 37/803/19 39/805/19 3070/805/19 3069/803/19
f 11/779/6 13/781/6 3057/781/6 3056/779/6
f 39/805/20 41/807/20 3071/807/20 3070/805/20
f 13/781/7 15/783/7 3058/783/7 3057/781/7
f 41/807/21 43/809/21 3072/809/21 3071/807/21
f 15/783/8 17/785/8 3059/785/8 3058/783/8
f 43/809/22 45/811/22 3073/811/22 3072/809/22
f 17/785/9 19/99/9 3060/99/9 3059/785/9
f 45/811/23 47/813/23 3074/813/23 3073/811/23
f 3020/833/451 3019/834/451 3051/770/451 3052/769/451
f 3021/835/451 3020/833/451 3052/769/451 3053/773/451
f 3022/836/451 3021/835/451 3053/773/451 3054/775/451
f 3023/837/451 3022/836/451 3054/775/451 3055/777/451
f 3024/838/451 3023/837/451 3055/777/451 3056/779/451
f 3025/839/451 3024/838/451 3056/779/451 3057/781/451
f 3026/840/451 3025/839/451 3057/781/451 3058/783/451
f 3027/841/451 3026/840/451 3058/783/451 3059/785/451
f 3028/842/451 3027/841/451 3059/785/451 3060/99/451
f 3029/843/451 3028/842/451 3060/99/451 3061/100/451
f 3030/844/451 3029/843/451 3061/100/451 3062/789/451
f 3031/845/451 3030/844/451 3062/789/451 3063/791/451
f 3032/846/451 3031/845/451 3063/791/451 3064/793/451
f 3033/847/451 3032/846/451 3064/793/451 3065/795/451
f 3034/848/451 3033/847/451 3065/795/451 3066/797/451
f 3035/849/451 3034/848/451 3066/797/451 3067/799/451
f 3036/850/451 3035/849/451 3067/799/451 3068/801/451
f 3037/851/451 3036/850/451 3068/801/451 3069/803/451
f 3038/831/451 3037/851/451 3069/803/451 3070/805/451
f 3039/832/451 3038/831/451 3070/805/451 3071/807/451
f 3040/852/451 3039/832/451 3071/807/451 3072/809/451
f 3041/853/451 3040/852/451 3072/809/451 3073/811/451
f 3042/854/451 3041/853/451 3073/811/451 3074/813/451
f 3043/855/451 3042/854/451 3074/813/451 3075/815/451
f 3044/856/451 3043/855/451 3075/815/451 3076/817/451
f 3045/857/451 3044/856/451 3076/817/451 3077/819/451
f 3046/858/451 3045/857/451 3077/819/451 3078/821/451
f 3047/859/451 3046/858/451 3078/821/451 3079/823/451
f 3048/860/451 3047/859/451 3079/823/451 3080/825/451
f 3049/861/451 3048/860/451 3080/825/451 3081/827/451
f 3050/862/451 3049/861/451 3081/827/451 3082/829/451
f 3019/834/451 3050/862/451 3082/829/451 3051/770/451
f 3113/863/15 3114/864/15 3178/864/15 3177/863/15
f 3025/839/7 3026/840/7 3122/840/7 3121/839/7
f 3039/832/21 3040/852/21 3136/852/21 3135/832/21
f 3026/840/8 3027/841/8 3123/841/8 3122/840/8
f 3040/852/22 3041/853/22 3137/853/22 3136/852/22
f 3027/841/9 3028/842/9 3124/842/9 3123/841/9
f 3041/853/23 3042/854/23 3138/854/23 3137/853/23
f 3028/842/10 3029/843/10 3125/843/10 3124/842/10
f 3042/854/24 3043/855/24 3139/855/24 3138/854/24
f 3029/843/11 3030/844/11 3126/844/11 3125/843/11
f 3043/855/25 3044/856/25 3140/856/25 3139/855/25
f 3030/844/12 3031/845/12 3127/845/12 3126/844/12
f 3044/856/26 3045/857/26 3141/857/26 3140/856/26
f 3031/845/13 3032/846/13 3128/846/13 3127/845/13
f 3045/857/27 3046/858/27 3142/858/27 3141/857/27
f 3032/846/14 3033/847/14 3129/847/14 3128/846/14
f 3019/834/1 3020/833/1 3116/833/1 3115/834/1
f 3046/858/28 3047/859/28 3143/859/28 3142/858/28
f 3033/847/15 3034/848/15 3130/848/15 3129/847/15
f 3020/833/2 3021/835/2 3117/835/2 3116/833/2
f 3047/859/29 3048/860/29 3144/860/29 3143/859/29
f 3034/848/16 3035/849/16 3131/849/16 3130/848/16
f 3021/835/3 3022/836/3 3118/836/3 3117/835/3
f 3048/860/30 3049/861/30 3145/861/30 3144/860/30
f 3035/849/17 3036/850/17 3132/850/17 3131/849/17
f 3022/836/4 3023/837/4 3119/837/4 3118/836/4
f 3049/861/32 3050/862/32 3146/862/32 3145/861/32
f 3036/850/18 3037/851/18 3133/851/18 3132/850/18
f 3023/837/5 3024/838/5 3120/838/5 3119/837/5
f 3050/862/33 3019/834/33 3115/834/33 3146/862/33
f 3037/851/19 3038/831/19 3134/831/19 3133/851/19
f 3024/838/6 3025/839/6 3121/839/6 3120/838/6
f 3084/865/451 3083/866/451 3115/834/451 3116/833/451
f 3085/867/451 3084/865/451 3116/833/451 3117/835/451
f 3086/868/451 3085/867/451 3117/835/451 3118/836/451
f 3087/869/451 3086/868/451 3118/836/451 3119/837/451
f 3088/870/451 3087/869/451 3119/837/451 3120/838/451
f 3089/871/451 3088/870/451 3120/838/451 3121/839/451
f 3090/872/451 3089/871/451 3121/839/451 3122/840/451
f 3091/873/451 3090/872/451 3122/840/451 3123/841/451
f 3092/874/451 3091/873/451 3123/841/451 3124/842/451
f 3093/875/451 3092/874/451 3124/842/451 3125/843/451
f 3094/876/451 3093/875/451 3125/843/451 3126/844/451
f 3095/877/451 3094/876/451 3126/844/451 3127/845/451
f 3096/878/451 3095/877/451 3127/845/451 3128/846/451
f 3097/879/451 3096/878/451 3128/846/451 3129/847/451
f 3098/880/451 3097/879/451 3129/847/451 3130/848/451
f 3099/881/451 3098/880/451 3130/848/451 3131/849/451
f 3100/882/451 3099/881/451 3131/849/451 3132/850/451
f 3101/883/451 3100/882/451 3132/850/451 3133/851/451
f 3102/884/451 3101/883/451 3133/851/451 3134/831/451
f 3103/885/451 3102/884/451 3134/831/451 3135/832/451
f 3104/886/451 3103/885/451 3135/832/451 3136/852/451
f 3105/887/451 3104/886/451 3136/852/451 3137/853/451
f 3106/888/451 3105/887/451 3137/853/451 3138/854/451
f 3107/889/451 3106/888/451 3138/854/451 3139/855/451
f 3108/890/451 3107/889/451 3139/855/451 3140/856/451
f 3109/891/451 3108/890/451 3140/856/451 3141/857/451
f 3110/892/451 3109/891/451 3141/857/451 3142/858/451
f 3111/893/451 3110/892/451 3142/858/451 3143/859/451
f 3112/894/451 3111/893/451 3143/859/451 3144/860/451
f 3113/863/451 3112/894/451 3144/860/451 3145/861/451
f 3114/864/451 3113/863/451 3145/861/451 3146/862/451
f 3083/866/451 3114/864/451 3146/862/451 3115/834/451
f 3147/866/451 3148/865/451 3149/867/451 3150/868/451 3151/869/451 3152/870/451 3153/871/451 3154/872/451 3155/873/451 3156/874/451 3157/875/451 3158/876/451 3159/877/451 3160/878/451 3161/879/451 3162/880/451 3163/881/451 3164/882/451 3165/883/451 3166/884/451 3167/885/451 3168/886/451 3169/887/451 3170/888/451 3171/889/451 3172/890/451 3173/891/451 3174/892/451 3175/893/451 3176/894/451 3177/863/451 3178/864/451
f 3100/882/2 3101/883/2 3165/883/2 3164/882/2
f 3087/869/21 3088/870/21 3152/870/21 3151/869/21
f 3114/864/16 3083/866/16 3147/866/16 3178/864/16
f 3101/883/3 3102/884/3 3166/884/3 3165/883/3
f 3088/870/22 3089/871/22 3153/871/22 3152/870/22
f 3102/884/4 3103/885/4 3167/885/4 3166/884/4
f 3089/871/23 3090/872/23 3154/872/23 3153/871/23
f 3103/885/5 3104/886/5 3168/886/5 3167/885/5
f 3090/872/24 3091/873/24 3155/873/24 3154/872/24
f 3104/886/6 3105/887/6 3169/887/6 3168/886/6
f 3091/873/25 3092/874/25 3156/874/25 3155/873/25
f 3105/887/7 3106/888/7 3170/888/7 3169/887/7
f 3092/874/26 3093/875/26 3157/875/26 3156/874/26
f 3106/888/8 3107/889/8 3171/889/8 3170/888/8
f 3093/875/27 3094/876/27 3158/876/27 3157/875/27
f 3107/889/9 3108/890/9 3172/890/9 3171/889/9
f 3094/876/28 3095/877/28 3159/877/28 3158/876/28
f 3108/890/10 3109/891/10 3173/891/10 3172/890/10
f 3095/877/29 3096/878/29 3160/878/29 3159/877/29
f 3109/891/11 3110/892/11 3174/892/11 3173/891/11
f 3096/878/30 3097/879/30 3161/879/30 3160/878/30
f 3083/866/17 3084/865/17 3148/865/17 3147/866/17
f 3110/892/12 3111/893/12 3175/893/12 3174/892/12
f 3097/879/32 3098/880/32 3162/880/32 3161/879/32
f 3084/865/18 3085/867/18 3149/867/18 3148/865/18
f 3111/893/13 3112/894/13 3176/894/13 3175/893/13
f 3098/880/33 3099/881/33 3163/881/33 3162/880/33
f 3085/867/19 3086/868/19 3150/868/19 3149/867/19
f 3112/894/14 3113/863/14 3177/863/14 3176/894/14
f 3099/881/1 3100/882/1 3164/882/1 3163/881/1
f 3086/868/20 3087/869/20 3151/869/20 3150/868/20
